2025-04-21 15:15:13.503  INFO 11356 --- [main] c.i.CsvToJsonExtractorApplication        : Starting CsvToJsonExtractorApplication using Java 17.0.14 on DESKTOP-NIQ60O7 with PID 11356 (C:\Users\Yamini Garudachalam\Documents\workspace-spring-tool-suite-4-4.28.0.RELEASE\AKS_FILD\CsvToJsonExtractor\target\classes started by Yamini Garudachalam in C:\Users\Yamini Garudachalam\Documents\workspace-spring-tool-suite-4-4.28.0.RELEASE\AKS_FILD\CsvToJsonExtractor)
2025-04-21 15:15:13.511  INFO 11356 --- [main] c.i.CsvToJsonExtractorApplication        : The following 1 profile is active: "uat"
2025-04-21 15:15:14.539  INFO 11356 --- [main] o.s.b.w.embedded.tomcat.TomcatWebServer  : Tomcat initialized with port(s): 8080 (http)
2025-04-21 15:15:14.551  INFO 11356 --- [main] o.apache.catalina.core.StandardService   : Starting service [Tomcat]
2025-04-21 15:15:14.552  INFO 11356 --- [main] org.apache.catalina.core.StandardEngine  : Starting Servlet engine: [Apache Tomcat/9.0.73]
2025-04-21 15:15:14.660  INFO 11356 --- [main] o.a.c.c.C.[Tomcat].[localhost].[/]       : Initializing Spring embedded WebApplicationContext
2025-04-21 15:15:14.660  INFO 11356 --- [main] w.s.c.ServletWebServerApplicationContext : Root WebApplicationContext: initialization completed in 1102 ms
2025-04-21 15:15:14.718  INFO 11356 --- [main] com.indusind.config.CouchbaseConfig      : init method invoked : 127.0.0.1
2025-04-21 15:15:15.409  INFO 11356 --- [cb-events] com.couchbase.core                       : [com.couchbase.core][CoreCreatedEvent] {"clientVersion":"3.3.4","clientGitHash":"${buildNumber}","coreVersion":"2.3.4","coreGitHash":"${buildNumber}","userAgent":"couchbase-java/3.3.4 (Windows 10 10.0 amd64; Java HotSpot(TM) 64-Bit Server VM 17.0.14+8-LTS-191)","maxNumRequestsInRetry":32768,"ioEnvironment":{"nativeIoEnabled":true,"eventLoopThreadCount":4,"eventLoopGroups":["NioEventLoopGroup"]},"ioConfig":{"captureTraffic":[],"mutationTokensEnabled":true,"networkResolution":"auto","dnsSrvEnabled":true,"tcpKeepAlivesEnabled":true,"tcpKeepAliveTimeMs":60000,"configPollIntervalMs":2500,"kvCircuitBreakerConfig":"disabled","queryCircuitBreakerConfig":"disabled","viewCircuitBreakerConfig":"disabled","searchCircuitBreakerConfig":"disabled","analyticsCircuitBreakerConfig":"disabled","managerCircuitBreakerConfig":"disabled","eventingCircuitBreakerConfig":"disabled","backupCircuitBreakerConfig":"disabled","numKvConnections":1,"maxHttpConnections":12,"idleHttpConnectionTimeoutMs":4500,"configIdleRedialTimeoutMs":300000,"memcachedHashingStrategy":"StandardMemcachedHashingStrategy"},"compressionConfig":{"enabled":true,"minRatio":0.83,"minSize":32},"securityConfig":{"tlsEnabled":false,"nativeTlsEnabled":true,"hostnameVerificationEnabled":true,"trustCertificates":null,"trustManagerFactory":null,"ciphers":[]},"timeoutConfig":{"kvMs":2500,"kvDurableMs":10000,"managementMs":75000,"queryMs":75000,"viewMs":75000,"searchMs":75000,"analyticsMs":75000,"connectMs":10000,"disconnectMs":10000,"eventingMs":75000,"backupMs":75000},"loggerConfig":{"customLogger":null,"fallbackToConsole":false,"consoleLogLevel":{"name":"INFO","resourceBundleName":"sun.util.logging.resources.logging","localizedName":"INFO"},"consoleLoggerFormatter":"DefaultLoggerFormatter","disableSlf4j":false,"loggerName":"CouchbaseLogger","diagnosticContextEnabled":false},"orphanReporterConfig":{"emitIntervalMs":10000,"sampleSize":10,"queueLength":1024,"enabled":true},"thresholdLoggingTracerConfig":{"enabled":true,"emitIntervalMs":10000,"sampleSize":10,"queueLength":1024,"kvThresholdMs":500,"queryThresholdMs":1000,"searchThresholdMs":1000,"analyticsThresholdMs":1000,"viewThresholdMs":1000},"loggingMeterConfig":{"enabled":true,"emitIntervalMs":600000},"retryStrategy":"BestEffortRetryStrategy","requestTracer":"ThresholdLoggingTracer","meter":"LoggingMeter","numRequestCallbacks":0,"scheduler":"ParallelScheduler","schedulerThreadCount":8,"transactionsConfig":{"durabilityLevel":"MAJORITY","timeoutMs":15000,"cleanupConfig":{"runLostAttemptsCleanupThread":true,"runRegularAttemptsCleanupThread":true,"cleanupWindowMs":60000,"cleanupSet":""},"numAtrs":1024,"metadataCollection":"none","scanConsistency":"none"}} {"connectionString":"127.0.0.1","coreId":"0xe8653b2400000001","numCoreInstances":1,"seedNodes":[{"address":"127.0.0.1"}]}
2025-04-21 15:15:15.410  INFO 11356 --- [cb-events] com.couchbase.transactions               : [com.couchbase.transactions][TransactionsStartedEvent] Transactions successfully initialised, regular cleanup enabled=true, lost cleanup enabled=true
2025-04-21 15:15:15.415  INFO 11356 --- [cb-events] com.couchbase.node                       : [com.couchbase.node][NodeConnectedEvent] Node connected {"coreId":"0xe8653b2400000001","managerPort":"8091","remote":"127.0.0.1"}
2025-04-21 15:15:16.017  INFO 11356 --- [cb-events] com.couchbase.core                       : [com.couchbase.core][BucketOpenedEvent][155ms] Opened bucket "uat_iCache" {"coreId":"0xe8653b2400000001"}
2025-04-21 15:15:16.242  INFO 11356 --- [main] com.indusind.config.CouchbaseConfig      : Couchbase connection established successfully.
2025-04-21 15:15:16.787  INFO 11356 --- [main] o.s.b.w.embedded.tomcat.TomcatWebServer  : Tomcat started on port(s): 8080 (http) with context path ''
2025-04-21 15:15:16.798  INFO 11356 --- [scheduling-1] com.indusind.scheduler.SchedulingClass   : Scheduled
2025-04-21 15:15:16.800  INFO 11356 --- [main] c.i.CsvToJsonExtractorApplication        : Started CsvToJsonExtractorApplication in 3.723 seconds (JVM running for 4.267)
2025-04-21 15:15:18.742  INFO 11356 --- [scheduling-1] com.indusind.scheduler.SchedulingClass   : listOfCSVFileData extraction is done
2025-04-21 15:15:18.743  INFO 11356 --- [scheduling-1] com.indusind.scheduler.SchedulingClass   : Submitted batch from index 0 to 500
2025-04-21 15:15:18.744  INFO 11356 --- [scheduling-1] com.indusind.scheduler.SchedulingClass   : Submitted batch from index 500 to 1000
2025-04-21 15:15:18.744  INFO 11356 --- [scheduling-1] com.indusind.scheduler.SchedulingClass   : Submitted batch from index 1000 to 1500
2025-04-21 15:15:18.745  INFO 11356 --- [scheduling-1] com.indusind.scheduler.SchedulingClass   : Submitted batch from index 1500 to 2000
2025-04-21 15:15:18.817  INFO 11356 --- [scheduling-1] com.indusind.scheduler.SchedulingClass   : Submitted batch from index 2000 to 2500
2025-04-21 15:15:18.817  INFO 11356 --- [scheduling-1] com.indusind.scheduler.SchedulingClass   : Submitted batch from index 2500 to 3000
2025-04-21 15:15:18.818  INFO 11356 --- [scheduling-1] com.indusind.scheduler.SchedulingClass   : Submitted batch from index 3000 to 3500
2025-04-21 15:15:18.819  INFO 11356 --- [scheduling-1] com.indusind.scheduler.SchedulingClass   : Submitted batch from index 3500 to 4000
2025-04-21 15:15:18.820  INFO 11356 --- [scheduling-1] com.indusind.scheduler.SchedulingClass   : Submitted batch from index 4000 to 4500
2025-04-21 15:15:18.820  INFO 11356 --- [scheduling-1] com.indusind.scheduler.SchedulingClass   : Submitted batch from index 4500 to 5000
2025-04-21 15:15:18.821  INFO 11356 --- [scheduling-1] com.indusind.scheduler.SchedulingClass   : Submitted batch from index 5000 to 5500
2025-04-21 15:15:18.822  INFO 11356 --- [scheduling-1] com.indusind.scheduler.SchedulingClass   : Submitted batch from index 5500 to 6000
2025-04-21 15:15:18.822  INFO 11356 --- [scheduling-1] com.indusind.scheduler.SchedulingClass   : Submitted batch from index 6000 to 6500
2025-04-21 15:15:18.822  INFO 11356 --- [scheduling-1] com.indusind.scheduler.SchedulingClass   : Submitted batch from index 6500 to 7000
2025-04-21 15:15:18.822  INFO 11356 --- [scheduling-1] com.indusind.scheduler.SchedulingClass   : Submitted batch from index 7000 to 7500
2025-04-21 15:15:18.823  INFO 11356 --- [scheduling-1] com.indusind.scheduler.SchedulingClass   : Submitted batch from index 7500 to 8000
2025-04-21 15:15:18.823  INFO 11356 --- [scheduling-1] com.indusind.scheduler.SchedulingClass   : Submitted batch from index 8000 to 8500
2025-04-21 15:15:18.824  INFO 11356 --- [scheduling-1] com.indusind.scheduler.SchedulingClass   : Submitted batch from index 8500 to 9000
2025-04-21 15:15:18.824  INFO 11356 --- [scheduling-1] com.indusind.scheduler.SchedulingClass   : Submitted batch from index 9000 to 9500
2025-04-21 15:15:18.824  INFO 11356 --- [scheduling-1] com.indusind.scheduler.SchedulingClass   : Submitted batch from index 9500 to 10000
2025-04-21 15:15:18.825  INFO 11356 --- [scheduling-1] com.indusind.scheduler.SchedulingClass   : Submitted batch from index 10000 to 10500
2025-04-21 15:15:18.825  INFO 11356 --- [scheduling-1] com.indusind.scheduler.SchedulingClass   : Submitted batch from index 10500 to 11000
2025-04-21 15:15:18.825  INFO 11356 --- [scheduling-1] com.indusind.scheduler.SchedulingClass   : Submitted batch from index 11000 to 11500
2025-04-21 15:15:18.826  INFO 11356 --- [scheduling-1] com.indusind.scheduler.SchedulingClass   : Submitted batch from index 11500 to 12000
2025-04-21 15:15:18.826  INFO 11356 --- [scheduling-1] com.indusind.scheduler.SchedulingClass   : Submitted batch from index 12000 to 12500
2025-04-21 15:15:18.826  INFO 11356 --- [scheduling-1] com.indusind.scheduler.SchedulingClass   : Submitted batch from index 12500 to 13000
2025-04-21 15:15:18.826  INFO 11356 --- [scheduling-1] com.indusind.scheduler.SchedulingClass   : Submitted batch from index 13000 to 13500
2025-04-21 15:15:18.826  INFO 11356 --- [scheduling-1] com.indusind.scheduler.SchedulingClass   : Submitted batch from index 13500 to 14000
2025-04-21 15:15:18.826  INFO 11356 --- [scheduling-1] com.indusind.scheduler.SchedulingClass   : Submitted batch from index 14000 to 14500
2025-04-21 15:15:18.826  INFO 11356 --- [scheduling-1] com.indusind.scheduler.SchedulingClass   : Submitted batch from index 14500 to 15000
2025-04-21 15:15:18.826  INFO 11356 --- [scheduling-1] com.indusind.scheduler.SchedulingClass   : Submitted batch from index 15000 to 15500
2025-04-21 15:15:18.826  INFO 11356 --- [scheduling-1] com.indusind.scheduler.SchedulingClass   : Submitted batch from index 15500 to 16000
2025-04-21 15:15:18.826  INFO 11356 --- [scheduling-1] com.indusind.scheduler.SchedulingClass   : Submitted batch from index 16000 to 16500
2025-04-21 15:15:18.827  INFO 11356 --- [scheduling-1] com.indusind.scheduler.SchedulingClass   : Submitted batch from index 16500 to 17000
2025-04-21 15:15:18.827  INFO 11356 --- [scheduling-1] com.indusind.scheduler.SchedulingClass   : Submitted batch from index 17000 to 17500
2025-04-21 15:15:18.827  INFO 11356 --- [scheduling-1] com.indusind.scheduler.SchedulingClass   : Submitted batch from index 17500 to 18000
2025-04-21 15:15:18.827  INFO 11356 --- [scheduling-1] com.indusind.scheduler.SchedulingClass   : Submitted batch from index 18000 to 18500
2025-04-21 15:15:18.827  INFO 11356 --- [scheduling-1] com.indusind.scheduler.SchedulingClass   : Submitted batch from index 18500 to 19000
2025-04-21 15:15:18.827  INFO 11356 --- [scheduling-1] com.indusind.scheduler.SchedulingClass   : Submitted batch from index 19000 to 19500
2025-04-21 15:15:18.827  INFO 11356 --- [scheduling-1] com.indusind.scheduler.SchedulingClass   : Submitted batch from index 19500 to 20000
2025-04-21 15:15:18.827  INFO 11356 --- [scheduling-1] com.indusind.scheduler.SchedulingClass   : Submitted batch from index 20000 to 20500
2025-04-21 15:15:18.827  INFO 11356 --- [scheduling-1] com.indusind.scheduler.SchedulingClass   : Submitted batch from index 20500 to 21000
2025-04-21 15:15:18.827  INFO 11356 --- [scheduling-1] com.indusind.scheduler.SchedulingClass   : Submitted batch from index 21000 to 21500
2025-04-21 15:15:18.827  INFO 11356 --- [scheduling-1] com.indusind.scheduler.SchedulingClass   : Submitted batch from index 21500 to 22000
2025-04-21 15:15:18.828  INFO 11356 --- [scheduling-1] com.indusind.scheduler.SchedulingClass   : Submitted batch from index 22000 to 22500
2025-04-21 15:15:18.828  INFO 11356 --- [scheduling-1] com.indusind.scheduler.SchedulingClass   : Submitted batch from index 22500 to 23000
2025-04-21 15:15:18.828  INFO 11356 --- [scheduling-1] com.indusind.scheduler.SchedulingClass   : Submitted batch from index 23000 to 23500
2025-04-21 15:15:18.828  INFO 11356 --- [scheduling-1] com.indusind.scheduler.SchedulingClass   : Submitted batch from index 23500 to 24000
2025-04-21 15:15:18.828  INFO 11356 --- [scheduling-1] com.indusind.scheduler.SchedulingClass   : Submitted batch from index 24000 to 24500
2025-04-21 15:15:18.828  INFO 11356 --- [scheduling-1] com.indusind.scheduler.SchedulingClass   : Submitted batch from index 24500 to 25000
2025-04-21 15:15:18.829  INFO 11356 --- [scheduling-1] com.indusind.scheduler.SchedulingClass   : Submitted batch from index 25000 to 25500
2025-04-21 15:15:18.829  INFO 11356 --- [scheduling-1] com.indusind.scheduler.SchedulingClass   : Submitted batch from index 25500 to 26000
2025-04-21 15:15:18.829  INFO 11356 --- [scheduling-1] com.indusind.scheduler.SchedulingClass   : Submitted batch from index 26000 to 26500
2025-04-21 15:15:18.829  INFO 11356 --- [scheduling-1] com.indusind.scheduler.SchedulingClass   : Submitted batch from index 26500 to 27000
2025-04-21 15:15:18.829  INFO 11356 --- [scheduling-1] com.indusind.scheduler.SchedulingClass   : Submitted batch from index 27000 to 27500
2025-04-21 15:15:18.829  INFO 11356 --- [scheduling-1] com.indusind.scheduler.SchedulingClass   : Submitted batch from index 27500 to 28000
2025-04-21 15:15:18.829  INFO 11356 --- [scheduling-1] com.indusind.scheduler.SchedulingClass   : Submitted batch from index 28000 to 28500
2025-04-21 15:15:18.829  INFO 11356 --- [scheduling-1] com.indusind.scheduler.SchedulingClass   : Submitted batch from index 28500 to 29000
2025-04-21 15:15:18.829  INFO 11356 --- [scheduling-1] com.indusind.scheduler.SchedulingClass   : Submitted batch from index 29000 to 29500
2025-04-21 15:15:18.829  INFO 11356 --- [scheduling-1] com.indusind.scheduler.SchedulingClass   : Submitted batch from index 29500 to 30000
2025-04-21 15:15:18.829  INFO 11356 --- [scheduling-1] com.indusind.scheduler.SchedulingClass   : Submitted batch from index 30000 to 30500
2025-04-21 15:15:18.829  INFO 11356 --- [scheduling-1] com.indusind.scheduler.SchedulingClass   : Submitted batch from index 30500 to 31000
2025-04-21 15:15:18.830  INFO 11356 --- [scheduling-1] com.indusind.scheduler.SchedulingClass   : Submitted batch from index 31000 to 31500
2025-04-21 15:15:18.830  INFO 11356 --- [scheduling-1] com.indusind.scheduler.SchedulingClass   : Submitted batch from index 31500 to 32000
2025-04-21 15:15:18.830  INFO 11356 --- [scheduling-1] com.indusind.scheduler.SchedulingClass   : Submitted batch from index 32000 to 32500
2025-04-21 15:15:18.830  INFO 11356 --- [scheduling-1] com.indusind.scheduler.SchedulingClass   : Submitted batch from index 32500 to 33000
2025-04-21 15:15:18.830  INFO 11356 --- [scheduling-1] com.indusind.scheduler.SchedulingClass   : Submitted batch from index 33000 to 33500
2025-04-21 15:15:18.830  INFO 11356 --- [scheduling-1] com.indusind.scheduler.SchedulingClass   : Submitted batch from index 33500 to 34000
2025-04-21 15:15:18.830  INFO 11356 --- [scheduling-1] com.indusind.scheduler.SchedulingClass   : Submitted batch from index 34000 to 34500
2025-04-21 15:15:18.830  INFO 11356 --- [scheduling-1] com.indusind.scheduler.SchedulingClass   : Submitted batch from index 34500 to 35000
2025-04-21 15:15:18.830  INFO 11356 --- [scheduling-1] com.indusind.scheduler.SchedulingClass   : Submitted batch from index 35000 to 35500
2025-04-21 15:15:18.830  INFO 11356 --- [scheduling-1] com.indusind.scheduler.SchedulingClass   : Submitted batch from index 35500 to 36000
2025-04-21 15:15:18.830  INFO 11356 --- [scheduling-1] com.indusind.scheduler.SchedulingClass   : Submitted batch from index 36000 to 36500
2025-04-21 15:15:18.830  INFO 11356 --- [scheduling-1] com.indusind.scheduler.SchedulingClass   : Submitted batch from index 36500 to 37000
2025-04-21 15:15:18.830  INFO 11356 --- [scheduling-1] com.indusind.scheduler.SchedulingClass   : Submitted batch from index 37000 to 37500
2025-04-21 15:15:18.830  INFO 11356 --- [scheduling-1] com.indusind.scheduler.SchedulingClass   : Submitted batch from index 37500 to 38000
2025-04-21 15:15:18.830  INFO 11356 --- [scheduling-1] com.indusind.scheduler.SchedulingClass   : Submitted batch from index 38000 to 38500
2025-04-21 15:15:18.831  INFO 11356 --- [scheduling-1] com.indusind.scheduler.SchedulingClass   : Submitted batch from index 38500 to 39000
2025-04-21 15:15:18.831  INFO 11356 --- [scheduling-1] com.indusind.scheduler.SchedulingClass   : Submitted batch from index 39000 to 39500
2025-04-21 15:15:18.831  INFO 11356 --- [scheduling-1] com.indusind.scheduler.SchedulingClass   : Submitted batch from index 39500 to 40000
2025-04-21 15:15:18.831  INFO 11356 --- [scheduling-1] com.indusind.scheduler.SchedulingClass   : Submitted batch from index 40000 to 40500
2025-04-21 15:15:18.831  INFO 11356 --- [scheduling-1] com.indusind.scheduler.SchedulingClass   : Submitted batch from index 40500 to 41000
2025-04-21 15:15:18.831  INFO 11356 --- [scheduling-1] com.indusind.scheduler.SchedulingClass   : Submitted batch from index 41000 to 41500
2025-04-21 15:15:18.831  INFO 11356 --- [scheduling-1] com.indusind.scheduler.SchedulingClass   : Submitted batch from index 41500 to 42000
2025-04-21 15:15:18.831  INFO 11356 --- [scheduling-1] com.indusind.scheduler.SchedulingClass   : Submitted batch from index 42000 to 42500
2025-04-21 15:15:18.831  INFO 11356 --- [scheduling-1] com.indusind.scheduler.SchedulingClass   : Submitted batch from index 42500 to 43000
2025-04-21 15:15:18.831  INFO 11356 --- [scheduling-1] com.indusind.scheduler.SchedulingClass   : Submitted batch from index 43000 to 43500
2025-04-21 15:15:18.831  INFO 11356 --- [scheduling-1] com.indusind.scheduler.SchedulingClass   : Submitted batch from index 43500 to 44000
2025-04-21 15:15:18.831  INFO 11356 --- [scheduling-1] com.indusind.scheduler.SchedulingClass   : Submitted batch from index 44000 to 44500
2025-04-21 15:15:18.831  INFO 11356 --- [scheduling-1] com.indusind.scheduler.SchedulingClass   : Submitted batch from index 44500 to 45000
2025-04-21 15:15:18.831  INFO 11356 --- [scheduling-1] com.indusind.scheduler.SchedulingClass   : Submitted batch from index 45000 to 45500
2025-04-21 15:15:18.831  INFO 11356 --- [scheduling-1] com.indusind.scheduler.SchedulingClass   : Submitted batch from index 45500 to 46000
2025-04-21 15:15:18.831  INFO 11356 --- [scheduling-1] com.indusind.scheduler.SchedulingClass   : Submitted batch from index 46000 to 46500
2025-04-21 15:15:18.831  INFO 11356 --- [scheduling-1] com.indusind.scheduler.SchedulingClass   : Submitted batch from index 46500 to 47000
2025-04-21 15:15:18.832  INFO 11356 --- [scheduling-1] com.indusind.scheduler.SchedulingClass   : Submitted batch from index 47000 to 47500
2025-04-21 15:15:18.832  INFO 11356 --- [scheduling-1] com.indusind.scheduler.SchedulingClass   : Submitted batch from index 47500 to 48000
2025-04-21 15:15:18.832  INFO 11356 --- [scheduling-1] com.indusind.scheduler.SchedulingClass   : Submitted batch from index 48000 to 48500
2025-04-21 15:15:18.832  INFO 11356 --- [scheduling-1] com.indusind.scheduler.SchedulingClass   : Submitted batch from index 48500 to 49000
2025-04-21 15:15:18.832  INFO 11356 --- [scheduling-1] com.indusind.scheduler.SchedulingClass   : Submitted batch from index 49000 to 49500
2025-04-21 15:15:18.832  INFO 11356 --- [scheduling-1] com.indusind.scheduler.SchedulingClass   : Submitted batch from index 49500 to 50000
2025-04-21 15:15:18.832  INFO 11356 --- [scheduling-1] com.indusind.scheduler.SchedulingClass   : Submitted batch from index 50000 to 50500
2025-04-21 15:15:18.832  INFO 11356 --- [scheduling-1] com.indusind.scheduler.SchedulingClass   : Submitted batch from index 50500 to 51000
2025-04-21 15:15:18.832  INFO 11356 --- [scheduling-1] com.indusind.scheduler.SchedulingClass   : Submitted batch from index 51000 to 51500
2025-04-21 15:15:18.832  INFO 11356 --- [scheduling-1] com.indusind.scheduler.SchedulingClass   : Submitted batch from index 51500 to 52000
2025-04-21 15:15:18.832  INFO 11356 --- [scheduling-1] com.indusind.scheduler.SchedulingClass   : Submitted batch from index 52000 to 52500
2025-04-21 15:15:18.832  INFO 11356 --- [scheduling-1] com.indusind.scheduler.SchedulingClass   : Submitted batch from index 52500 to 53000
2025-04-21 15:15:18.832  INFO 11356 --- [scheduling-1] com.indusind.scheduler.SchedulingClass   : Submitted batch from index 53000 to 53500
2025-04-21 15:15:18.832  INFO 11356 --- [scheduling-1] com.indusind.scheduler.SchedulingClass   : Submitted batch from index 53500 to 54000
2025-04-21 15:15:18.832  INFO 11356 --- [scheduling-1] com.indusind.scheduler.SchedulingClass   : Submitted batch from index 54000 to 54500
2025-04-21 15:15:18.832  INFO 11356 --- [scheduling-1] com.indusind.scheduler.SchedulingClass   : Submitted batch from index 54500 to 55000
2025-04-21 15:15:18.832  INFO 11356 --- [scheduling-1] com.indusind.scheduler.SchedulingClass   : Submitted batch from index 55000 to 55500
2025-04-21 15:15:18.833  INFO 11356 --- [scheduling-1] com.indusind.scheduler.SchedulingClass   : Submitted batch from index 55500 to 56000
2025-04-21 15:15:18.833  INFO 11356 --- [scheduling-1] com.indusind.scheduler.SchedulingClass   : Submitted batch from index 56000 to 56500
2025-04-21 15:15:18.833  INFO 11356 --- [scheduling-1] com.indusind.scheduler.SchedulingClass   : Submitted batch from index 56500 to 57000
2025-04-21 15:15:18.833  INFO 11356 --- [scheduling-1] com.indusind.scheduler.SchedulingClass   : Submitted batch from index 57000 to 57500
2025-04-21 15:15:18.833  INFO 11356 --- [scheduling-1] com.indusind.scheduler.SchedulingClass   : Submitted batch from index 57500 to 58000
2025-04-21 15:15:18.833  INFO 11356 --- [scheduling-1] com.indusind.scheduler.SchedulingClass   : Submitted batch from index 58000 to 58500
2025-04-21 15:15:18.834  INFO 11356 --- [scheduling-1] com.indusind.scheduler.SchedulingClass   : Submitted batch from index 58500 to 59000
2025-04-21 15:15:18.834  INFO 11356 --- [scheduling-1] com.indusind.scheduler.SchedulingClass   : Submitted batch from index 59000 to 59500
2025-04-21 15:15:18.834  INFO 11356 --- [scheduling-1] com.indusind.scheduler.SchedulingClass   : Submitted batch from index 59500 to 60000
2025-04-21 15:15:18.834  INFO 11356 --- [scheduling-1] com.indusind.scheduler.SchedulingClass   : Submitted batch from index 60000 to 60500
2025-04-21 15:15:18.834  INFO 11356 --- [scheduling-1] com.indusind.scheduler.SchedulingClass   : Submitted batch from index 60500 to 61000
2025-04-21 15:15:18.834  INFO 11356 --- [scheduling-1] com.indusind.scheduler.SchedulingClass   : Submitted batch from index 61000 to 61500
2025-04-21 15:15:18.834  INFO 11356 --- [scheduling-1] com.indusind.scheduler.SchedulingClass   : Submitted batch from index 61500 to 62000
2025-04-21 15:15:18.834  INFO 11356 --- [scheduling-1] com.indusind.scheduler.SchedulingClass   : Submitted batch from index 62000 to 62500
2025-04-21 15:15:18.834  INFO 11356 --- [scheduling-1] com.indusind.scheduler.SchedulingClass   : Submitted batch from index 62500 to 63000
2025-04-21 15:15:18.834  INFO 11356 --- [scheduling-1] com.indusind.scheduler.SchedulingClass   : Submitted batch from index 63000 to 63500
2025-04-21 15:15:18.834  INFO 11356 --- [scheduling-1] com.indusind.scheduler.SchedulingClass   : Submitted batch from index 63500 to 64000
2025-04-21 15:15:18.835  INFO 11356 --- [scheduling-1] com.indusind.scheduler.SchedulingClass   : Submitted batch from index 64000 to 64500
2025-04-21 15:15:18.835  INFO 11356 --- [scheduling-1] com.indusind.scheduler.SchedulingClass   : Submitted batch from index 64500 to 65000
2025-04-21 15:15:18.835  INFO 11356 --- [scheduling-1] com.indusind.scheduler.SchedulingClass   : Submitted batch from index 65000 to 65500
2025-04-21 15:15:18.835  INFO 11356 --- [scheduling-1] com.indusind.scheduler.SchedulingClass   : Submitted batch from index 65500 to 66000
2025-04-21 15:15:18.835  INFO 11356 --- [scheduling-1] com.indusind.scheduler.SchedulingClass   : Submitted batch from index 66000 to 66500
2025-04-21 15:15:18.835  INFO 11356 --- [scheduling-1] com.indusind.scheduler.SchedulingClass   : Submitted batch from index 66500 to 67000
2025-04-21 15:15:18.835  INFO 11356 --- [scheduling-1] com.indusind.scheduler.SchedulingClass   : Submitted batch from index 67000 to 67500
2025-04-21 15:15:18.836  INFO 11356 --- [scheduling-1] com.indusind.scheduler.SchedulingClass   : Submitted batch from index 67500 to 68000
2025-04-21 15:15:18.836  INFO 11356 --- [scheduling-1] com.indusind.scheduler.SchedulingClass   : Submitted batch from index 68000 to 68500
2025-04-21 15:15:18.836  INFO 11356 --- [scheduling-1] com.indusind.scheduler.SchedulingClass   : Submitted batch from index 68500 to 69000
2025-04-21 15:15:18.836  INFO 11356 --- [scheduling-1] com.indusind.scheduler.SchedulingClass   : Submitted batch from index 69000 to 69500
2025-04-21 15:15:18.836  INFO 11356 --- [scheduling-1] com.indusind.scheduler.SchedulingClass   : Submitted batch from index 69500 to 70000
2025-04-21 15:15:18.836  INFO 11356 --- [scheduling-1] com.indusind.scheduler.SchedulingClass   : Submitted batch from index 70000 to 70500
2025-04-21 15:15:18.836  INFO 11356 --- [scheduling-1] com.indusind.scheduler.SchedulingClass   : Submitted batch from index 70500 to 71000
2025-04-21 15:15:18.836  INFO 11356 --- [scheduling-1] com.indusind.scheduler.SchedulingClass   : Submitted batch from index 71000 to 71500
2025-04-21 15:15:18.836  INFO 11356 --- [scheduling-1] com.indusind.scheduler.SchedulingClass   : Submitted batch from index 71500 to 72000
2025-04-21 15:15:18.836  INFO 11356 --- [scheduling-1] com.indusind.scheduler.SchedulingClass   : Submitted batch from index 72000 to 72500
2025-04-21 15:15:18.836  INFO 11356 --- [scheduling-1] com.indusind.scheduler.SchedulingClass   : Submitted batch from index 72500 to 73000
2025-04-21 15:15:18.836  INFO 11356 --- [scheduling-1] com.indusind.scheduler.SchedulingClass   : Submitted batch from index 73000 to 73500
2025-04-21 15:15:18.836  INFO 11356 --- [scheduling-1] com.indusind.scheduler.SchedulingClass   : Submitted batch from index 73500 to 74000
2025-04-21 15:15:18.836  INFO 11356 --- [scheduling-1] com.indusind.scheduler.SchedulingClass   : Submitted batch from index 74000 to 74500
2025-04-21 15:15:18.836  INFO 11356 --- [scheduling-1] com.indusind.scheduler.SchedulingClass   : Submitted batch from index 74500 to 75000
2025-04-21 15:15:18.836  INFO 11356 --- [scheduling-1] com.indusind.scheduler.SchedulingClass   : Submitted batch from index 75000 to 75500
2025-04-21 15:15:18.836  INFO 11356 --- [scheduling-1] com.indusind.scheduler.SchedulingClass   : Submitted batch from index 75500 to 76000
2025-04-21 15:15:18.836  INFO 11356 --- [scheduling-1] com.indusind.scheduler.SchedulingClass   : Submitted batch from index 76000 to 76500
2025-04-21 15:15:18.836  INFO 11356 --- [scheduling-1] com.indusind.scheduler.SchedulingClass   : Submitted batch from index 76500 to 77000
2025-04-21 15:15:18.836  INFO 11356 --- [scheduling-1] com.indusind.scheduler.SchedulingClass   : Submitted batch from index 77000 to 77500
2025-04-21 15:15:18.837  INFO 11356 --- [scheduling-1] com.indusind.scheduler.SchedulingClass   : Submitted batch from index 77500 to 78000
2025-04-21 15:15:18.837  INFO 11356 --- [scheduling-1] com.indusind.scheduler.SchedulingClass   : Submitted batch from index 78000 to 78500
2025-04-21 15:15:18.837  INFO 11356 --- [scheduling-1] com.indusind.scheduler.SchedulingClass   : Submitted batch from index 78500 to 79000
2025-04-21 15:15:18.837  INFO 11356 --- [scheduling-1] com.indusind.scheduler.SchedulingClass   : Submitted batch from index 79000 to 79500
2025-04-21 15:15:18.837  INFO 11356 --- [scheduling-1] com.indusind.scheduler.SchedulingClass   : Submitted batch from index 79500 to 80000
2025-04-21 15:15:18.837  INFO 11356 --- [scheduling-1] com.indusind.scheduler.SchedulingClass   : Submitted batch from index 80000 to 80500
2025-04-21 15:15:18.837  INFO 11356 --- [scheduling-1] com.indusind.scheduler.SchedulingClass   : Submitted batch from index 80500 to 81000
2025-04-21 15:15:18.837  INFO 11356 --- [scheduling-1] com.indusind.scheduler.SchedulingClass   : Submitted batch from index 81000 to 81500
2025-04-21 15:15:18.837  INFO 11356 --- [scheduling-1] com.indusind.scheduler.SchedulingClass   : Submitted batch from index 81500 to 82000
2025-04-21 15:15:18.837  INFO 11356 --- [scheduling-1] com.indusind.scheduler.SchedulingClass   : Submitted batch from index 82000 to 82500
2025-04-21 15:15:18.837  INFO 11356 --- [scheduling-1] com.indusind.scheduler.SchedulingClass   : Submitted batch from index 82500 to 83000
2025-04-21 15:15:18.837  INFO 11356 --- [scheduling-1] com.indusind.scheduler.SchedulingClass   : Submitted batch from index 83000 to 83500
2025-04-21 15:15:18.837  INFO 11356 --- [scheduling-1] com.indusind.scheduler.SchedulingClass   : Submitted batch from index 83500 to 84000
2025-04-21 15:15:18.837  INFO 11356 --- [scheduling-1] com.indusind.scheduler.SchedulingClass   : Submitted batch from index 84000 to 84500
2025-04-21 15:15:18.837  INFO 11356 --- [scheduling-1] com.indusind.scheduler.SchedulingClass   : Submitted batch from index 84500 to 85000
2025-04-21 15:15:18.837  INFO 11356 --- [scheduling-1] com.indusind.scheduler.SchedulingClass   : Submitted batch from index 85000 to 85500
2025-04-21 15:15:18.838  INFO 11356 --- [scheduling-1] com.indusind.scheduler.SchedulingClass   : Submitted batch from index 85500 to 86000
2025-04-21 15:15:18.838  INFO 11356 --- [scheduling-1] com.indusind.scheduler.SchedulingClass   : Submitted batch from index 86000 to 86500
2025-04-21 15:15:18.838  INFO 11356 --- [scheduling-1] com.indusind.scheduler.SchedulingClass   : Submitted batch from index 86500 to 87000
2025-04-21 15:15:18.838  INFO 11356 --- [scheduling-1] com.indusind.scheduler.SchedulingClass   : Submitted batch from index 87000 to 87500
2025-04-21 15:15:18.838  INFO 11356 --- [scheduling-1] com.indusind.scheduler.SchedulingClass   : Submitted batch from index 87500 to 88000
2025-04-21 15:15:18.838  INFO 11356 --- [scheduling-1] com.indusind.scheduler.SchedulingClass   : Submitted batch from index 88000 to 88500
2025-04-21 15:15:18.838  INFO 11356 --- [scheduling-1] com.indusind.scheduler.SchedulingClass   : Submitted batch from index 88500 to 89000
2025-04-21 15:15:18.838  INFO 11356 --- [scheduling-1] com.indusind.scheduler.SchedulingClass   : Submitted batch from index 89000 to 89500
2025-04-21 15:15:18.838  INFO 11356 --- [scheduling-1] com.indusind.scheduler.SchedulingClass   : Submitted batch from index 89500 to 90000
2025-04-21 15:15:18.838  INFO 11356 --- [scheduling-1] com.indusind.scheduler.SchedulingClass   : Submitted batch from index 90000 to 90500
2025-04-21 15:15:18.838  INFO 11356 --- [scheduling-1] com.indusind.scheduler.SchedulingClass   : Submitted batch from index 90500 to 91000
2025-04-21 15:15:18.839  INFO 11356 --- [scheduling-1] com.indusind.scheduler.SchedulingClass   : Submitted batch from index 91000 to 91500
2025-04-21 15:15:18.839  INFO 11356 --- [scheduling-1] com.indusind.scheduler.SchedulingClass   : Submitted batch from index 91500 to 92000
2025-04-21 15:15:18.839  INFO 11356 --- [scheduling-1] com.indusind.scheduler.SchedulingClass   : Submitted batch from index 92000 to 92500
2025-04-21 15:15:18.839  INFO 11356 --- [scheduling-1] com.indusind.scheduler.SchedulingClass   : Submitted batch from index 92500 to 93000
2025-04-21 15:15:18.839  INFO 11356 --- [scheduling-1] com.indusind.scheduler.SchedulingClass   : Submitted batch from index 93000 to 93500
2025-04-21 15:15:18.839  INFO 11356 --- [scheduling-1] com.indusind.scheduler.SchedulingClass   : Submitted batch from index 93500 to 94000
2025-04-21 15:15:18.839  INFO 11356 --- [scheduling-1] com.indusind.scheduler.SchedulingClass   : Submitted batch from index 94000 to 94500
2025-04-21 15:15:18.839  INFO 11356 --- [scheduling-1] com.indusind.scheduler.SchedulingClass   : Submitted batch from index 94500 to 95000
2025-04-21 15:15:18.839  INFO 11356 --- [scheduling-1] com.indusind.scheduler.SchedulingClass   : Submitted batch from index 95000 to 95500
2025-04-21 15:15:18.839  INFO 11356 --- [scheduling-1] com.indusind.scheduler.SchedulingClass   : Submitted batch from index 95500 to 96000
2025-04-21 15:15:18.839  INFO 11356 --- [scheduling-1] com.indusind.scheduler.SchedulingClass   : Submitted batch from index 96000 to 96500
2025-04-21 15:15:18.839  INFO 11356 --- [scheduling-1] com.indusind.scheduler.SchedulingClass   : Submitted batch from index 96500 to 97000
2025-04-21 15:15:18.839  INFO 11356 --- [scheduling-1] com.indusind.scheduler.SchedulingClass   : Submitted batch from index 97000 to 97500
2025-04-21 15:15:18.839  INFO 11356 --- [scheduling-1] com.indusind.scheduler.SchedulingClass   : Submitted batch from index 97500 to 98000
2025-04-21 15:15:18.839  INFO 11356 --- [scheduling-1] com.indusind.scheduler.SchedulingClass   : Submitted batch from index 98000 to 98500
2025-04-21 15:15:18.839  INFO 11356 --- [scheduling-1] com.indusind.scheduler.SchedulingClass   : Submitted batch from index 98500 to 99000
2025-04-21 15:15:18.839  INFO 11356 --- [scheduling-1] com.indusind.scheduler.SchedulingClass   : Submitted batch from index 99000 to 99500
2025-04-21 15:15:18.840  INFO 11356 --- [scheduling-1] com.indusind.scheduler.SchedulingClass   : Submitted batch from index 99500 to 100000
2025-04-21 15:15:18.841  INFO 11356 --- [scheduling-1] com.indusind.scheduler.SchedulingClass   : Submitted batch from index 100000 to 100500
2025-04-21 15:15:18.841  INFO 11356 --- [scheduling-1] com.indusind.scheduler.SchedulingClass   : Submitted batch from index 100500 to 101000
2025-04-21 15:15:18.841  INFO 11356 --- [scheduling-1] com.indusind.scheduler.SchedulingClass   : Submitted batch from index 101000 to 101500
2025-04-21 15:15:18.841  INFO 11356 --- [scheduling-1] com.indusind.scheduler.SchedulingClass   : Submitted batch from index 101500 to 102000
2025-04-21 15:15:18.841  INFO 11356 --- [scheduling-1] com.indusind.scheduler.SchedulingClass   : Submitted batch from index 102000 to 102500
2025-04-21 15:15:18.841  INFO 11356 --- [scheduling-1] com.indusind.scheduler.SchedulingClass   : Submitted batch from index 102500 to 103000
2025-04-21 15:15:18.841  INFO 11356 --- [scheduling-1] com.indusind.scheduler.SchedulingClass   : Submitted batch from index 103000 to 103500
2025-04-21 15:15:18.841  INFO 11356 --- [scheduling-1] com.indusind.scheduler.SchedulingClass   : Submitted batch from index 103500 to 104000
2025-04-21 15:15:18.841  INFO 11356 --- [scheduling-1] com.indusind.scheduler.SchedulingClass   : Submitted batch from index 104000 to 104500
2025-04-21 15:15:18.841  INFO 11356 --- [scheduling-1] com.indusind.scheduler.SchedulingClass   : Submitted batch from index 104500 to 105000
2025-04-21 15:15:18.841  INFO 11356 --- [scheduling-1] com.indusind.scheduler.SchedulingClass   : Submitted batch from index 105000 to 105500
2025-04-21 15:15:18.841  INFO 11356 --- [scheduling-1] com.indusind.scheduler.SchedulingClass   : Submitted batch from index 105500 to 106000
2025-04-21 15:15:18.841  INFO 11356 --- [scheduling-1] com.indusind.scheduler.SchedulingClass   : Submitted batch from index 106000 to 106500
2025-04-21 15:15:18.842  INFO 11356 --- [scheduling-1] com.indusind.scheduler.SchedulingClass   : Submitted batch from index 106500 to 107000
2025-04-21 15:15:18.842  INFO 11356 --- [scheduling-1] com.indusind.scheduler.SchedulingClass   : Submitted batch from index 107000 to 107500
2025-04-21 15:15:18.842  INFO 11356 --- [scheduling-1] com.indusind.scheduler.SchedulingClass   : Submitted batch from index 107500 to 108000
2025-04-21 15:15:18.842  INFO 11356 --- [scheduling-1] com.indusind.scheduler.SchedulingClass   : Submitted batch from index 108000 to 108500
2025-04-21 15:15:18.842  INFO 11356 --- [scheduling-1] com.indusind.scheduler.SchedulingClass   : Submitted batch from index 108500 to 109000
2025-04-21 15:15:18.842  INFO 11356 --- [scheduling-1] com.indusind.scheduler.SchedulingClass   : Submitted batch from index 109000 to 109500
2025-04-21 15:15:18.842  INFO 11356 --- [scheduling-1] com.indusind.scheduler.SchedulingClass   : Submitted batch from index 109500 to 110000
2025-04-21 15:15:18.842  INFO 11356 --- [scheduling-1] com.indusind.scheduler.SchedulingClass   : Submitted batch from index 110000 to 110500
2025-04-21 15:15:18.842  INFO 11356 --- [scheduling-1] com.indusind.scheduler.SchedulingClass   : Submitted batch from index 110500 to 111000
2025-04-21 15:15:18.842  INFO 11356 --- [scheduling-1] com.indusind.scheduler.SchedulingClass   : Submitted batch from index 111000 to 111500
2025-04-21 15:15:18.842  INFO 11356 --- [scheduling-1] com.indusind.scheduler.SchedulingClass   : Submitted batch from index 111500 to 112000
2025-04-21 15:15:18.842  INFO 11356 --- [scheduling-1] com.indusind.scheduler.SchedulingClass   : Submitted batch from index 112000 to 112500
2025-04-21 15:15:18.842  INFO 11356 --- [scheduling-1] com.indusind.scheduler.SchedulingClass   : Submitted batch from index 112500 to 113000
2025-04-21 15:15:18.842  INFO 11356 --- [scheduling-1] com.indusind.scheduler.SchedulingClass   : Submitted batch from index 113000 to 113500
2025-04-21 15:15:18.842  INFO 11356 --- [scheduling-1] com.indusind.scheduler.SchedulingClass   : Submitted batch from index 113500 to 114000
2025-04-21 15:15:18.842  INFO 11356 --- [scheduling-1] com.indusind.scheduler.SchedulingClass   : Submitted batch from index 114000 to 114500
2025-04-21 15:15:18.842  INFO 11356 --- [scheduling-1] com.indusind.scheduler.SchedulingClass   : Submitted batch from index 114500 to 115000
2025-04-21 15:15:18.842  INFO 11356 --- [scheduling-1] com.indusind.scheduler.SchedulingClass   : Submitted batch from index 115000 to 115500
2025-04-21 15:15:18.842  INFO 11356 --- [scheduling-1] com.indusind.scheduler.SchedulingClass   : Submitted batch from index 115500 to 116000
2025-04-21 15:15:18.842  INFO 11356 --- [scheduling-1] com.indusind.scheduler.SchedulingClass   : Submitted batch from index 116000 to 116500
2025-04-21 15:15:18.842  INFO 11356 --- [scheduling-1] com.indusind.scheduler.SchedulingClass   : Submitted batch from index 116500 to 117000
2025-04-21 15:15:18.843  INFO 11356 --- [scheduling-1] com.indusind.scheduler.SchedulingClass   : Submitted batch from index 117000 to 117500
2025-04-21 15:15:18.843  INFO 11356 --- [scheduling-1] com.indusind.scheduler.SchedulingClass   : Submitted batch from index 117500 to 118000
2025-04-21 15:15:18.843  INFO 11356 --- [scheduling-1] com.indusind.scheduler.SchedulingClass   : Submitted batch from index 118000 to 118500
2025-04-21 15:15:18.843  INFO 11356 --- [scheduling-1] com.indusind.scheduler.SchedulingClass   : Submitted batch from index 118500 to 119000
2025-04-21 15:15:18.843  INFO 11356 --- [scheduling-1] com.indusind.scheduler.SchedulingClass   : Submitted batch from index 119000 to 119500
2025-04-21 15:15:18.843  INFO 11356 --- [scheduling-1] com.indusind.scheduler.SchedulingClass   : Submitted batch from index 119500 to 120000
2025-04-21 15:15:18.843  INFO 11356 --- [scheduling-1] com.indusind.scheduler.SchedulingClass   : Submitted batch from index 120000 to 120500
2025-04-21 15:15:18.843  INFO 11356 --- [scheduling-1] com.indusind.scheduler.SchedulingClass   : Submitted batch from index 120500 to 121000
2025-04-21 15:15:18.843  INFO 11356 --- [scheduling-1] com.indusind.scheduler.SchedulingClass   : Submitted batch from index 121000 to 121500
2025-04-21 15:15:18.843  INFO 11356 --- [scheduling-1] com.indusind.scheduler.SchedulingClass   : Submitted batch from index 121500 to 122000
2025-04-21 15:15:18.843  INFO 11356 --- [scheduling-1] com.indusind.scheduler.SchedulingClass   : Submitted batch from index 122000 to 122500
2025-04-21 15:15:18.843  INFO 11356 --- [scheduling-1] com.indusind.scheduler.SchedulingClass   : Submitted batch from index 122500 to 123000
2025-04-21 15:15:18.843  INFO 11356 --- [scheduling-1] com.indusind.scheduler.SchedulingClass   : Submitted batch from index 123000 to 123500
2025-04-21 15:15:18.843  INFO 11356 --- [scheduling-1] com.indusind.scheduler.SchedulingClass   : Submitted batch from index 123500 to 124000
2025-04-21 15:15:18.843  INFO 11356 --- [scheduling-1] com.indusind.scheduler.SchedulingClass   : Submitted batch from index 124000 to 124500
2025-04-21 15:15:18.843  INFO 11356 --- [scheduling-1] com.indusind.scheduler.SchedulingClass   : Submitted batch from index 124500 to 125000
2025-04-21 15:15:18.843  INFO 11356 --- [scheduling-1] com.indusind.scheduler.SchedulingClass   : Submitted batch from index 125000 to 125500
2025-04-21 15:15:18.843  INFO 11356 --- [scheduling-1] com.indusind.scheduler.SchedulingClass   : Submitted batch from index 125500 to 126000
2025-04-21 15:15:18.843  INFO 11356 --- [scheduling-1] com.indusind.scheduler.SchedulingClass   : Submitted batch from index 126000 to 126500
2025-04-21 15:15:18.843  INFO 11356 --- [scheduling-1] com.indusind.scheduler.SchedulingClass   : Submitted batch from index 126500 to 127000
2025-04-21 15:15:18.843  INFO 11356 --- [scheduling-1] com.indusind.scheduler.SchedulingClass   : Submitted batch from index 127000 to 127500
2025-04-21 15:15:18.843  INFO 11356 --- [scheduling-1] com.indusind.scheduler.SchedulingClass   : Submitted batch from index 127500 to 128000
2025-04-21 15:15:18.843  INFO 11356 --- [scheduling-1] com.indusind.scheduler.SchedulingClass   : Submitted batch from index 128000 to 128500
2025-04-21 15:15:18.844  INFO 11356 --- [scheduling-1] com.indusind.scheduler.SchedulingClass   : Submitted batch from index 128500 to 129000
2025-04-21 15:15:18.844  INFO 11356 --- [scheduling-1] com.indusind.scheduler.SchedulingClass   : Submitted batch from index 129000 to 129500
2025-04-21 15:15:18.844  INFO 11356 --- [scheduling-1] com.indusind.scheduler.SchedulingClass   : Submitted batch from index 129500 to 130000
2025-04-21 15:15:18.844  INFO 11356 --- [scheduling-1] com.indusind.scheduler.SchedulingClass   : Submitted batch from index 130000 to 130500
2025-04-21 15:15:18.844  INFO 11356 --- [scheduling-1] com.indusind.scheduler.SchedulingClass   : Submitted batch from index 130500 to 131000
2025-04-21 15:15:18.844  INFO 11356 --- [scheduling-1] com.indusind.scheduler.SchedulingClass   : Submitted batch from index 131000 to 131500
2025-04-21 15:15:18.844  INFO 11356 --- [scheduling-1] com.indusind.scheduler.SchedulingClass   : Submitted batch from index 131500 to 132000
2025-04-21 15:15:18.844  INFO 11356 --- [scheduling-1] com.indusind.scheduler.SchedulingClass   : Submitted batch from index 132000 to 132500
2025-04-21 15:15:18.844  INFO 11356 --- [scheduling-1] com.indusind.scheduler.SchedulingClass   : Submitted batch from index 132500 to 133000
2025-04-21 15:15:18.844  INFO 11356 --- [scheduling-1] com.indusind.scheduler.SchedulingClass   : Submitted batch from index 133000 to 133500
2025-04-21 15:15:18.844  INFO 11356 --- [scheduling-1] com.indusind.scheduler.SchedulingClass   : Submitted batch from index 133500 to 134000
2025-04-21 15:15:18.844  INFO 11356 --- [scheduling-1] com.indusind.scheduler.SchedulingClass   : Submitted batch from index 134000 to 134500
2025-04-21 15:15:18.844  INFO 11356 --- [scheduling-1] com.indusind.scheduler.SchedulingClass   : Submitted batch from index 134500 to 135000
2025-04-21 15:15:18.844  INFO 11356 --- [scheduling-1] com.indusind.scheduler.SchedulingClass   : Submitted batch from index 135000 to 135500
2025-04-21 15:15:18.844  INFO 11356 --- [scheduling-1] com.indusind.scheduler.SchedulingClass   : Submitted batch from index 135500 to 136000
2025-04-21 15:15:18.844  INFO 11356 --- [scheduling-1] com.indusind.scheduler.SchedulingClass   : Submitted batch from index 136000 to 136500
2025-04-21 15:15:18.844  INFO 11356 --- [scheduling-1] com.indusind.scheduler.SchedulingClass   : Submitted batch from index 136500 to 137000
2025-04-21 15:15:18.844  INFO 11356 --- [scheduling-1] com.indusind.scheduler.SchedulingClass   : Submitted batch from index 137000 to 137500
2025-04-21 15:15:18.844  INFO 11356 --- [scheduling-1] com.indusind.scheduler.SchedulingClass   : Submitted batch from index 137500 to 138000
2025-04-21 15:15:18.844  INFO 11356 --- [scheduling-1] com.indusind.scheduler.SchedulingClass   : Submitted batch from index 138000 to 138500
2025-04-21 15:15:18.844  INFO 11356 --- [scheduling-1] com.indusind.scheduler.SchedulingClass   : Submitted batch from index 138500 to 139000
2025-04-21 15:15:18.844  INFO 11356 --- [scheduling-1] com.indusind.scheduler.SchedulingClass   : Submitted batch from index 139000 to 139500
2025-04-21 15:15:18.844  INFO 11356 --- [scheduling-1] com.indusind.scheduler.SchedulingClass   : Submitted batch from index 139500 to 140000
2025-04-21 15:15:18.844  INFO 11356 --- [scheduling-1] com.indusind.scheduler.SchedulingClass   : Submitted batch from index 140000 to 140500
2025-04-21 15:15:18.844  INFO 11356 --- [scheduling-1] com.indusind.scheduler.SchedulingClass   : Submitted batch from index 140500 to 141000
2025-04-21 15:15:18.844  INFO 11356 --- [scheduling-1] com.indusind.scheduler.SchedulingClass   : Submitted batch from index 141000 to 141500
2025-04-21 15:15:18.844  INFO 11356 --- [scheduling-1] com.indusind.scheduler.SchedulingClass   : Submitted batch from index 141500 to 142000
2025-04-21 15:15:18.845  INFO 11356 --- [scheduling-1] com.indusind.scheduler.SchedulingClass   : Submitted batch from index 142000 to 142500
2025-04-21 15:15:18.845  INFO 11356 --- [scheduling-1] com.indusind.scheduler.SchedulingClass   : Submitted batch from index 142500 to 143000
2025-04-21 15:15:18.845  INFO 11356 --- [scheduling-1] com.indusind.scheduler.SchedulingClass   : Submitted batch from index 143000 to 143500
2025-04-21 15:15:18.845  INFO 11356 --- [scheduling-1] com.indusind.scheduler.SchedulingClass   : Submitted batch from index 143500 to 144000
2025-04-21 15:15:18.845  INFO 11356 --- [scheduling-1] com.indusind.scheduler.SchedulingClass   : Submitted batch from index 144000 to 144500
2025-04-21 15:15:18.845  INFO 11356 --- [scheduling-1] com.indusind.scheduler.SchedulingClass   : Submitted batch from index 144500 to 145000
2025-04-21 15:15:18.845  INFO 11356 --- [scheduling-1] com.indusind.scheduler.SchedulingClass   : Submitted batch from index 145000 to 145500
2025-04-21 15:15:18.845  INFO 11356 --- [scheduling-1] com.indusind.scheduler.SchedulingClass   : Submitted batch from index 145500 to 146000
2025-04-21 15:15:18.845  INFO 11356 --- [scheduling-1] com.indusind.scheduler.SchedulingClass   : Submitted batch from index 146000 to 146500
2025-04-21 15:15:18.845  INFO 11356 --- [scheduling-1] com.indusind.scheduler.SchedulingClass   : Submitted batch from index 146500 to 147000
2025-04-21 15:15:18.845  INFO 11356 --- [scheduling-1] com.indusind.scheduler.SchedulingClass   : Submitted batch from index 147000 to 147500
2025-04-21 15:15:18.845  INFO 11356 --- [scheduling-1] com.indusind.scheduler.SchedulingClass   : Submitted batch from index 147500 to 148000
2025-04-21 15:15:18.845  INFO 11356 --- [scheduling-1] com.indusind.scheduler.SchedulingClass   : Submitted batch from index 148000 to 148500
2025-04-21 15:15:18.845  INFO 11356 --- [scheduling-1] com.indusind.scheduler.SchedulingClass   : Submitted batch from index 148500 to 149000
2025-04-21 15:15:18.845  INFO 11356 --- [scheduling-1] com.indusind.scheduler.SchedulingClass   : Submitted batch from index 149000 to 149500
2025-04-21 15:15:18.845  INFO 11356 --- [scheduling-1] com.indusind.scheduler.SchedulingClass   : Submitted batch from index 149500 to 150000
2025-04-21 15:15:18.845  INFO 11356 --- [scheduling-1] com.indusind.scheduler.SchedulingClass   : Submitted batch from index 150000 to 150500
2025-04-21 15:15:18.845  INFO 11356 --- [scheduling-1] com.indusind.scheduler.SchedulingClass   : Submitted batch from index 150500 to 151000
2025-04-21 15:15:18.845  INFO 11356 --- [scheduling-1] com.indusind.scheduler.SchedulingClass   : Submitted batch from index 151000 to 151500
2025-04-21 15:15:18.845  INFO 11356 --- [scheduling-1] com.indusind.scheduler.SchedulingClass   : Submitted batch from index 151500 to 152000
2025-04-21 15:15:18.845  INFO 11356 --- [scheduling-1] com.indusind.scheduler.SchedulingClass   : Submitted batch from index 152000 to 152500
2025-04-21 15:15:18.845  INFO 11356 --- [scheduling-1] com.indusind.scheduler.SchedulingClass   : Submitted batch from index 152500 to 153000
2025-04-21 15:15:18.845  INFO 11356 --- [scheduling-1] com.indusind.scheduler.SchedulingClass   : Submitted batch from index 153000 to 153500
2025-04-21 15:15:18.845  INFO 11356 --- [scheduling-1] com.indusind.scheduler.SchedulingClass   : Submitted batch from index 153500 to 154000
2025-04-21 15:15:18.845  INFO 11356 --- [scheduling-1] com.indusind.scheduler.SchedulingClass   : Submitted batch from index 154000 to 154500
2025-04-21 15:15:18.845  INFO 11356 --- [scheduling-1] com.indusind.scheduler.SchedulingClass   : Submitted batch from index 154500 to 155000
2025-04-21 15:15:18.845  INFO 11356 --- [scheduling-1] com.indusind.scheduler.SchedulingClass   : Submitted batch from index 155000 to 155500
2025-04-21 15:15:18.845  INFO 11356 --- [scheduling-1] com.indusind.scheduler.SchedulingClass   : Submitted batch from index 155500 to 156000
2025-04-21 15:15:18.845  INFO 11356 --- [scheduling-1] com.indusind.scheduler.SchedulingClass   : Submitted batch from index 156000 to 156500
2025-04-21 15:15:18.845  INFO 11356 --- [scheduling-1] com.indusind.scheduler.SchedulingClass   : Submitted batch from index 156500 to 157000
2025-04-21 15:15:18.845  INFO 11356 --- [scheduling-1] com.indusind.scheduler.SchedulingClass   : Submitted batch from index 157000 to 157500
2025-04-21 15:15:18.845  INFO 11356 --- [scheduling-1] com.indusind.scheduler.SchedulingClass   : Submitted batch from index 157500 to 158000
2025-04-21 15:15:18.845  INFO 11356 --- [scheduling-1] com.indusind.scheduler.SchedulingClass   : Submitted batch from index 158000 to 158500
2025-04-21 15:15:18.845  INFO 11356 --- [scheduling-1] com.indusind.scheduler.SchedulingClass   : Submitted batch from index 158500 to 159000
2025-04-21 15:15:18.845  INFO 11356 --- [scheduling-1] com.indusind.scheduler.SchedulingClass   : Submitted batch from index 159000 to 159500
2025-04-21 15:15:18.845  INFO 11356 --- [scheduling-1] com.indusind.scheduler.SchedulingClass   : Submitted batch from index 159500 to 160000
2025-04-21 15:15:18.845  INFO 11356 --- [scheduling-1] com.indusind.scheduler.SchedulingClass   : Submitted batch from index 160000 to 160500
2025-04-21 15:15:18.845  INFO 11356 --- [scheduling-1] com.indusind.scheduler.SchedulingClass   : Submitted batch from index 160500 to 161000
2025-04-21 15:15:18.845  INFO 11356 --- [scheduling-1] com.indusind.scheduler.SchedulingClass   : Submitted batch from index 161000 to 161500
2025-04-21 15:15:18.845  INFO 11356 --- [scheduling-1] com.indusind.scheduler.SchedulingClass   : Submitted batch from index 161500 to 162000
2025-04-21 15:15:18.846  INFO 11356 --- [scheduling-1] com.indusind.scheduler.SchedulingClass   : Submitted batch from index 162000 to 162500
2025-04-21 15:15:18.846  INFO 11356 --- [scheduling-1] com.indusind.scheduler.SchedulingClass   : Submitted batch from index 162500 to 163000
2025-04-21 15:15:18.846  INFO 11356 --- [scheduling-1] com.indusind.scheduler.SchedulingClass   : Submitted batch from index 163000 to 163500
2025-04-21 15:15:18.846  INFO 11356 --- [scheduling-1] com.indusind.scheduler.SchedulingClass   : Submitted batch from index 163500 to 164000
2025-04-21 15:15:18.846  INFO 11356 --- [scheduling-1] com.indusind.scheduler.SchedulingClass   : Submitted batch from index 164000 to 164500
2025-04-21 15:15:18.846  INFO 11356 --- [scheduling-1] com.indusind.scheduler.SchedulingClass   : Submitted batch from index 164500 to 165000
2025-04-21 15:15:18.846  INFO 11356 --- [scheduling-1] com.indusind.scheduler.SchedulingClass   : Submitted batch from index 165000 to 165500
2025-04-21 15:15:18.846  INFO 11356 --- [scheduling-1] com.indusind.scheduler.SchedulingClass   : Submitted batch from index 165500 to 166000
2025-04-21 15:15:18.846  INFO 11356 --- [scheduling-1] com.indusind.scheduler.SchedulingClass   : Submitted batch from index 166000 to 166500
2025-04-21 15:15:18.846  INFO 11356 --- [scheduling-1] com.indusind.scheduler.SchedulingClass   : Submitted batch from index 166500 to 167000
2025-04-21 15:15:18.846  INFO 11356 --- [scheduling-1] com.indusind.scheduler.SchedulingClass   : Submitted batch from index 167000 to 167500
2025-04-21 15:15:18.846  INFO 11356 --- [scheduling-1] com.indusind.scheduler.SchedulingClass   : Submitted batch from index 167500 to 168000
2025-04-21 15:15:18.846  INFO 11356 --- [scheduling-1] com.indusind.scheduler.SchedulingClass   : Submitted batch from index 168000 to 168500
2025-04-21 15:15:18.846  INFO 11356 --- [scheduling-1] com.indusind.scheduler.SchedulingClass   : Submitted batch from index 168500 to 169000
2025-04-21 15:15:18.846  INFO 11356 --- [scheduling-1] com.indusind.scheduler.SchedulingClass   : Submitted batch from index 169000 to 169500
2025-04-21 15:15:18.846  INFO 11356 --- [scheduling-1] com.indusind.scheduler.SchedulingClass   : Submitted batch from index 169500 to 170000
2025-04-21 15:15:18.846  INFO 11356 --- [scheduling-1] com.indusind.scheduler.SchedulingClass   : Submitted batch from index 170000 to 170500
2025-04-21 15:15:18.846  INFO 11356 --- [scheduling-1] com.indusind.scheduler.SchedulingClass   : Submitted batch from index 170500 to 171000
2025-04-21 15:15:18.846  INFO 11356 --- [scheduling-1] com.indusind.scheduler.SchedulingClass   : Submitted batch from index 171000 to 171500
2025-04-21 15:15:18.846  INFO 11356 --- [scheduling-1] com.indusind.scheduler.SchedulingClass   : Submitted batch from index 171500 to 172000
2025-04-21 15:15:18.846  INFO 11356 --- [scheduling-1] com.indusind.scheduler.SchedulingClass   : Submitted batch from index 172000 to 172500
2025-04-21 15:15:18.846  INFO 11356 --- [scheduling-1] com.indusind.scheduler.SchedulingClass   : Submitted batch from index 172500 to 173000
2025-04-21 15:15:18.846  INFO 11356 --- [scheduling-1] com.indusind.scheduler.SchedulingClass   : Submitted batch from index 173000 to 173500
2025-04-21 15:15:18.846  INFO 11356 --- [scheduling-1] com.indusind.scheduler.SchedulingClass   : Submitted batch from index 173500 to 174000
2025-04-21 15:15:18.846  INFO 11356 --- [scheduling-1] com.indusind.scheduler.SchedulingClass   : Submitted batch from index 174000 to 174500
2025-04-21 15:15:18.846  INFO 11356 --- [scheduling-1] com.indusind.scheduler.SchedulingClass   : Submitted batch from index 174500 to 175000
2025-04-21 15:15:18.846  INFO 11356 --- [scheduling-1] com.indusind.scheduler.SchedulingClass   : Submitted batch from index 175000 to 175500
2025-04-21 15:15:18.847  INFO 11356 --- [scheduling-1] com.indusind.scheduler.SchedulingClass   : Submitted batch from index 175500 to 176000
2025-04-21 15:15:18.847  INFO 11356 --- [scheduling-1] com.indusind.scheduler.SchedulingClass   : Submitted batch from index 176000 to 176500
2025-04-21 15:15:18.847  INFO 11356 --- [scheduling-1] com.indusind.scheduler.SchedulingClass   : Submitted batch from index 176500 to 177000
2025-04-21 15:15:18.847  INFO 11356 --- [scheduling-1] com.indusind.scheduler.SchedulingClass   : Submitted batch from index 177000 to 177500
2025-04-21 15:15:18.847  INFO 11356 --- [scheduling-1] com.indusind.scheduler.SchedulingClass   : Submitted batch from index 177500 to 178000
2025-04-21 15:15:18.847  INFO 11356 --- [scheduling-1] com.indusind.scheduler.SchedulingClass   : Submitted batch from index 178000 to 178500
2025-04-21 15:15:18.847  INFO 11356 --- [scheduling-1] com.indusind.scheduler.SchedulingClass   : Submitted batch from index 178500 to 179000
2025-04-21 15:15:18.847  INFO 11356 --- [scheduling-1] com.indusind.scheduler.SchedulingClass   : Submitted batch from index 179000 to 179500
2025-04-21 15:15:18.847  INFO 11356 --- [scheduling-1] com.indusind.scheduler.SchedulingClass   : Submitted batch from index 179500 to 180000
2025-04-21 15:15:18.847  INFO 11356 --- [scheduling-1] com.indusind.scheduler.SchedulingClass   : Submitted batch from index 180000 to 180500
2025-04-21 15:15:18.847  INFO 11356 --- [scheduling-1] com.indusind.scheduler.SchedulingClass   : Submitted batch from index 180500 to 181000
2025-04-21 15:15:18.847  INFO 11356 --- [scheduling-1] com.indusind.scheduler.SchedulingClass   : Submitted batch from index 181000 to 181500
2025-04-21 15:15:18.847  INFO 11356 --- [scheduling-1] com.indusind.scheduler.SchedulingClass   : Submitted batch from index 181500 to 182000
2025-04-21 15:15:18.847  INFO 11356 --- [scheduling-1] com.indusind.scheduler.SchedulingClass   : Submitted batch from index 182000 to 182500
2025-04-21 15:15:18.847  INFO 11356 --- [scheduling-1] com.indusind.scheduler.SchedulingClass   : Submitted batch from index 182500 to 183000
2025-04-21 15:15:18.847  INFO 11356 --- [scheduling-1] com.indusind.scheduler.SchedulingClass   : Submitted batch from index 183000 to 183500
2025-04-21 15:15:18.847  INFO 11356 --- [scheduling-1] com.indusind.scheduler.SchedulingClass   : Submitted batch from index 183500 to 184000
2025-04-21 15:15:18.847  INFO 11356 --- [scheduling-1] com.indusind.scheduler.SchedulingClass   : Submitted batch from index 184000 to 184500
2025-04-21 15:15:18.847  INFO 11356 --- [scheduling-1] com.indusind.scheduler.SchedulingClass   : Submitted batch from index 184500 to 185000
2025-04-21 15:15:18.847  INFO 11356 --- [scheduling-1] com.indusind.scheduler.SchedulingClass   : Submitted batch from index 185000 to 185500
2025-04-21 15:15:18.847  INFO 11356 --- [scheduling-1] com.indusind.scheduler.SchedulingClass   : Submitted batch from index 185500 to 186000
2025-04-21 15:15:18.847  INFO 11356 --- [scheduling-1] com.indusind.scheduler.SchedulingClass   : Submitted batch from index 186000 to 186500
2025-04-21 15:15:18.847  INFO 11356 --- [scheduling-1] com.indusind.scheduler.SchedulingClass   : Submitted batch from index 186500 to 187000
2025-04-21 15:15:18.847  INFO 11356 --- [scheduling-1] com.indusind.scheduler.SchedulingClass   : Submitted batch from index 187000 to 187500
2025-04-21 15:15:18.847  INFO 11356 --- [scheduling-1] com.indusind.scheduler.SchedulingClass   : Submitted batch from index 187500 to 188000
2025-04-21 15:15:18.847  INFO 11356 --- [scheduling-1] com.indusind.scheduler.SchedulingClass   : Submitted batch from index 188000 to 188500
2025-04-21 15:15:18.847  INFO 11356 --- [scheduling-1] com.indusind.scheduler.SchedulingClass   : Submitted batch from index 188500 to 189000
2025-04-21 15:15:18.847  INFO 11356 --- [scheduling-1] com.indusind.scheduler.SchedulingClass   : Submitted batch from index 189000 to 189500
2025-04-21 15:15:18.847  INFO 11356 --- [scheduling-1] com.indusind.scheduler.SchedulingClass   : Submitted batch from index 189500 to 190000
2025-04-21 15:15:18.847  INFO 11356 --- [scheduling-1] com.indusind.scheduler.SchedulingClass   : Submitted batch from index 190000 to 190500
2025-04-21 15:15:18.848  INFO 11356 --- [scheduling-1] com.indusind.scheduler.SchedulingClass   : Submitted batch from index 190500 to 191000
2025-04-21 15:15:18.848  INFO 11356 --- [scheduling-1] com.indusind.scheduler.SchedulingClass   : Submitted batch from index 191000 to 191500
2025-04-21 15:15:18.848  INFO 11356 --- [scheduling-1] com.indusind.scheduler.SchedulingClass   : Submitted batch from index 191500 to 192000
2025-04-21 15:15:18.848  INFO 11356 --- [scheduling-1] com.indusind.scheduler.SchedulingClass   : Submitted batch from index 192000 to 192500
2025-04-21 15:15:18.848  INFO 11356 --- [scheduling-1] com.indusind.scheduler.SchedulingClass   : Submitted batch from index 192500 to 193000
2025-04-21 15:15:18.848  INFO 11356 --- [scheduling-1] com.indusind.scheduler.SchedulingClass   : Submitted batch from index 193000 to 193500
2025-04-21 15:15:18.848  INFO 11356 --- [scheduling-1] com.indusind.scheduler.SchedulingClass   : Submitted batch from index 193500 to 194000
2025-04-21 15:15:18.848  INFO 11356 --- [scheduling-1] com.indusind.scheduler.SchedulingClass   : Submitted batch from index 194000 to 194500
2025-04-21 15:15:18.848  INFO 11356 --- [scheduling-1] com.indusind.scheduler.SchedulingClass   : Submitted batch from index 194500 to 195000
2025-04-21 15:15:18.848  INFO 11356 --- [scheduling-1] com.indusind.scheduler.SchedulingClass   : Submitted batch from index 195000 to 195500
2025-04-21 15:15:18.848  INFO 11356 --- [scheduling-1] com.indusind.scheduler.SchedulingClass   : Submitted batch from index 195500 to 196000
2025-04-21 15:15:18.848  INFO 11356 --- [scheduling-1] com.indusind.scheduler.SchedulingClass   : Submitted batch from index 196000 to 196500
2025-04-21 15:15:18.848  INFO 11356 --- [scheduling-1] com.indusind.scheduler.SchedulingClass   : Submitted batch from index 196500 to 197000
2025-04-21 15:15:18.848  INFO 11356 --- [scheduling-1] com.indusind.scheduler.SchedulingClass   : Submitted batch from index 197000 to 197500
2025-04-21 15:15:18.848  INFO 11356 --- [scheduling-1] com.indusind.scheduler.SchedulingClass   : Submitted batch from index 197500 to 198000
2025-04-21 15:15:18.848  INFO 11356 --- [scheduling-1] com.indusind.scheduler.SchedulingClass   : Submitted batch from index 198000 to 198500
2025-04-21 15:15:18.848  INFO 11356 --- [scheduling-1] com.indusind.scheduler.SchedulingClass   : Submitted batch from index 198500 to 199000
2025-04-21 15:15:18.848  INFO 11356 --- [scheduling-1] com.indusind.scheduler.SchedulingClass   : Submitted batch from index 199000 to 199500
2025-04-21 15:15:18.848  INFO 11356 --- [scheduling-1] com.indusind.scheduler.SchedulingClass   : Submitted batch from index 199500 to 200000
2025-04-21 15:15:18.848  INFO 11356 --- [scheduling-1] com.indusind.scheduler.SchedulingClass   : Submitted batch from index 200000 to 200500
2025-04-21 15:15:18.848  INFO 11356 --- [scheduling-1] com.indusind.scheduler.SchedulingClass   : Submitted batch from index 200500 to 201000
2025-04-21 15:15:18.848  INFO 11356 --- [scheduling-1] com.indusind.scheduler.SchedulingClass   : Submitted batch from index 201000 to 201500
2025-04-21 15:15:18.848  INFO 11356 --- [scheduling-1] com.indusind.scheduler.SchedulingClass   : Submitted batch from index 201500 to 202000
2025-04-21 15:15:18.848  INFO 11356 --- [scheduling-1] com.indusind.scheduler.SchedulingClass   : Submitted batch from index 202000 to 202500
2025-04-21 15:15:18.848  INFO 11356 --- [scheduling-1] com.indusind.scheduler.SchedulingClass   : Submitted batch from index 202500 to 203000
2025-04-21 15:15:18.848  INFO 11356 --- [scheduling-1] com.indusind.scheduler.SchedulingClass   : Submitted batch from index 203000 to 203500
2025-04-21 15:15:18.848  INFO 11356 --- [scheduling-1] com.indusind.scheduler.SchedulingClass   : Submitted batch from index 203500 to 204000
2025-04-21 15:15:18.848  INFO 11356 --- [scheduling-1] com.indusind.scheduler.SchedulingClass   : Submitted batch from index 204000 to 204500
2025-04-21 15:15:18.848  INFO 11356 --- [scheduling-1] com.indusind.scheduler.SchedulingClass   : Submitted batch from index 204500 to 205000
2025-04-21 15:15:18.849  INFO 11356 --- [scheduling-1] com.indusind.scheduler.SchedulingClass   : Submitted batch from index 205000 to 205500
2025-04-21 15:15:18.849  INFO 11356 --- [scheduling-1] com.indusind.scheduler.SchedulingClass   : Submitted batch from index 205500 to 206000
2025-04-21 15:15:18.849  INFO 11356 --- [scheduling-1] com.indusind.scheduler.SchedulingClass   : Submitted batch from index 206000 to 206500
2025-04-21 15:15:18.849  INFO 11356 --- [scheduling-1] com.indusind.scheduler.SchedulingClass   : Submitted batch from index 206500 to 207000
2025-04-21 15:15:18.849  INFO 11356 --- [scheduling-1] com.indusind.scheduler.SchedulingClass   : Submitted batch from index 207000 to 207500
2025-04-21 15:15:18.849  INFO 11356 --- [scheduling-1] com.indusind.scheduler.SchedulingClass   : Submitted batch from index 207500 to 208000
2025-04-21 15:15:18.849  INFO 11356 --- [scheduling-1] com.indusind.scheduler.SchedulingClass   : Submitted batch from index 208000 to 208500
2025-04-21 15:15:18.849  INFO 11356 --- [scheduling-1] com.indusind.scheduler.SchedulingClass   : Submitted batch from index 208500 to 209000
2025-04-21 15:15:18.849  INFO 11356 --- [scheduling-1] com.indusind.scheduler.SchedulingClass   : Submitted batch from index 209000 to 209500
2025-04-21 15:15:18.850  INFO 11356 --- [scheduling-1] com.indusind.scheduler.SchedulingClass   : Submitted batch from index 209500 to 210000
2025-04-21 15:15:18.850  INFO 11356 --- [scheduling-1] com.indusind.scheduler.SchedulingClass   : Submitted batch from index 210000 to 210500
2025-04-21 15:15:18.850  INFO 11356 --- [scheduling-1] com.indusind.scheduler.SchedulingClass   : Submitted batch from index 210500 to 211000
2025-04-21 15:15:18.850  INFO 11356 --- [scheduling-1] com.indusind.scheduler.SchedulingClass   : Submitted batch from index 211000 to 211500
2025-04-21 15:15:18.850  INFO 11356 --- [scheduling-1] com.indusind.scheduler.SchedulingClass   : Submitted batch from index 211500 to 212000
2025-04-21 15:15:18.850  INFO 11356 --- [scheduling-1] com.indusind.scheduler.SchedulingClass   : Submitted batch from index 212000 to 212500
2025-04-21 15:15:18.850  INFO 11356 --- [scheduling-1] com.indusind.scheduler.SchedulingClass   : Submitted batch from index 212500 to 213000
2025-04-21 15:15:18.850  INFO 11356 --- [scheduling-1] com.indusind.scheduler.SchedulingClass   : Submitted batch from index 213000 to 213500
2025-04-21 15:15:18.850  INFO 11356 --- [scheduling-1] com.indusind.scheduler.SchedulingClass   : Submitted batch from index 213500 to 214000
2025-04-21 15:15:18.850  INFO 11356 --- [scheduling-1] com.indusind.scheduler.SchedulingClass   : Submitted batch from index 214000 to 214500
2025-04-21 15:15:18.850  INFO 11356 --- [scheduling-1] com.indusind.scheduler.SchedulingClass   : Submitted batch from index 214500 to 215000
2025-04-21 15:15:18.850  INFO 11356 --- [scheduling-1] com.indusind.scheduler.SchedulingClass   : Submitted batch from index 215000 to 215500
2025-04-21 15:15:18.850  INFO 11356 --- [scheduling-1] com.indusind.scheduler.SchedulingClass   : Submitted batch from index 215500 to 216000
2025-04-21 15:15:18.850  INFO 11356 --- [scheduling-1] com.indusind.scheduler.SchedulingClass   : Submitted batch from index 216000 to 216500
2025-04-21 15:15:18.850  INFO 11356 --- [scheduling-1] com.indusind.scheduler.SchedulingClass   : Submitted batch from index 216500 to 217000
2025-04-21 15:15:18.850  INFO 11356 --- [scheduling-1] com.indusind.scheduler.SchedulingClass   : Submitted batch from index 217000 to 217500
2025-04-21 15:15:18.850  INFO 11356 --- [scheduling-1] com.indusind.scheduler.SchedulingClass   : Submitted batch from index 217500 to 218000
2025-04-21 15:15:18.850  INFO 11356 --- [scheduling-1] com.indusind.scheduler.SchedulingClass   : Submitted batch from index 218000 to 218500
2025-04-21 15:15:18.850  INFO 11356 --- [scheduling-1] com.indusind.scheduler.SchedulingClass   : Submitted batch from index 218500 to 219000
2025-04-21 15:15:18.850  INFO 11356 --- [scheduling-1] com.indusind.scheduler.SchedulingClass   : Submitted batch from index 219000 to 219500
2025-04-21 15:15:18.850  INFO 11356 --- [scheduling-1] com.indusind.scheduler.SchedulingClass   : Submitted batch from index 219500 to 220000
2025-04-21 15:15:18.850  INFO 11356 --- [scheduling-1] com.indusind.scheduler.SchedulingClass   : Submitted batch from index 220000 to 220500
2025-04-21 15:15:18.850  INFO 11356 --- [scheduling-1] com.indusind.scheduler.SchedulingClass   : Submitted batch from index 220500 to 221000
2025-04-21 15:15:18.850  INFO 11356 --- [scheduling-1] com.indusind.scheduler.SchedulingClass   : Submitted batch from index 221000 to 221500
2025-04-21 15:15:18.850  INFO 11356 --- [scheduling-1] com.indusind.scheduler.SchedulingClass   : Submitted batch from index 221500 to 222000
2025-04-21 15:15:18.850  INFO 11356 --- [scheduling-1] com.indusind.scheduler.SchedulingClass   : Submitted batch from index 222000 to 222500
2025-04-21 15:15:18.850  INFO 11356 --- [scheduling-1] com.indusind.scheduler.SchedulingClass   : Submitted batch from index 222500 to 223000
2025-04-21 15:15:18.850  INFO 11356 --- [scheduling-1] com.indusind.scheduler.SchedulingClass   : Submitted batch from index 223000 to 223500
2025-04-21 15:15:18.850  INFO 11356 --- [scheduling-1] com.indusind.scheduler.SchedulingClass   : Submitted batch from index 223500 to 224000
2025-04-21 15:15:18.850  INFO 11356 --- [scheduling-1] com.indusind.scheduler.SchedulingClass   : Submitted batch from index 224000 to 224500
2025-04-21 15:15:18.850  INFO 11356 --- [scheduling-1] com.indusind.scheduler.SchedulingClass   : Submitted batch from index 224500 to 225000
2025-04-21 15:15:18.850  INFO 11356 --- [scheduling-1] com.indusind.scheduler.SchedulingClass   : Submitted batch from index 225000 to 225500
2025-04-21 15:15:18.850  INFO 11356 --- [scheduling-1] com.indusind.scheduler.SchedulingClass   : Submitted batch from index 225500 to 226000
2025-04-21 15:15:18.850  INFO 11356 --- [scheduling-1] com.indusind.scheduler.SchedulingClass   : Submitted batch from index 226000 to 226500
2025-04-21 15:15:18.850  INFO 11356 --- [scheduling-1] com.indusind.scheduler.SchedulingClass   : Submitted batch from index 226500 to 227000
2025-04-21 15:15:18.850  INFO 11356 --- [scheduling-1] com.indusind.scheduler.SchedulingClass   : Submitted batch from index 227000 to 227500
2025-04-21 15:15:18.851  INFO 11356 --- [scheduling-1] com.indusind.scheduler.SchedulingClass   : Submitted batch from index 227500 to 228000
2025-04-21 15:15:18.851  INFO 11356 --- [scheduling-1] com.indusind.scheduler.SchedulingClass   : Submitted batch from index 228000 to 228500
2025-04-21 15:15:18.851  INFO 11356 --- [scheduling-1] com.indusind.scheduler.SchedulingClass   : Submitted batch from index 228500 to 229000
2025-04-21 15:15:18.851  INFO 11356 --- [scheduling-1] com.indusind.scheduler.SchedulingClass   : Submitted batch from index 229000 to 229500
2025-04-21 15:15:18.851  INFO 11356 --- [scheduling-1] com.indusind.scheduler.SchedulingClass   : Submitted batch from index 229500 to 230000
2025-04-21 15:15:18.851  INFO 11356 --- [scheduling-1] com.indusind.scheduler.SchedulingClass   : Submitted batch from index 230000 to 230500
2025-04-21 15:15:18.851  INFO 11356 --- [scheduling-1] com.indusind.scheduler.SchedulingClass   : Submitted batch from index 230500 to 231000
2025-04-21 15:15:18.851  INFO 11356 --- [scheduling-1] com.indusind.scheduler.SchedulingClass   : Submitted batch from index 231000 to 231500
2025-04-21 15:15:18.851  INFO 11356 --- [scheduling-1] com.indusind.scheduler.SchedulingClass   : Submitted batch from index 231500 to 232000
2025-04-21 15:15:18.851  INFO 11356 --- [scheduling-1] com.indusind.scheduler.SchedulingClass   : Submitted batch from index 232000 to 232500
2025-04-21 15:15:18.851  INFO 11356 --- [scheduling-1] com.indusind.scheduler.SchedulingClass   : Submitted batch from index 232500 to 233000
2025-04-21 15:15:18.851  INFO 11356 --- [scheduling-1] com.indusind.scheduler.SchedulingClass   : Submitted batch from index 233000 to 233500
2025-04-21 15:15:18.851  INFO 11356 --- [scheduling-1] com.indusind.scheduler.SchedulingClass   : Submitted batch from index 233500 to 234000
2025-04-21 15:15:18.851  INFO 11356 --- [scheduling-1] com.indusind.scheduler.SchedulingClass   : Submitted batch from index 234000 to 234500
2025-04-21 15:15:18.851  INFO 11356 --- [scheduling-1] com.indusind.scheduler.SchedulingClass   : Submitted batch from index 234500 to 235000
2025-04-21 15:15:18.851  INFO 11356 --- [scheduling-1] com.indusind.scheduler.SchedulingClass   : Submitted batch from index 235000 to 235500
2025-04-21 15:15:18.851  INFO 11356 --- [scheduling-1] com.indusind.scheduler.SchedulingClass   : Submitted batch from index 235500 to 236000
2025-04-21 15:15:18.851  INFO 11356 --- [scheduling-1] com.indusind.scheduler.SchedulingClass   : Submitted batch from index 236000 to 236500
2025-04-21 15:15:18.851  INFO 11356 --- [scheduling-1] com.indusind.scheduler.SchedulingClass   : Submitted batch from index 236500 to 237000
2025-04-21 15:15:18.851  INFO 11356 --- [scheduling-1] com.indusind.scheduler.SchedulingClass   : Submitted batch from index 237000 to 237500
2025-04-21 15:15:18.851  INFO 11356 --- [scheduling-1] com.indusind.scheduler.SchedulingClass   : Submitted batch from index 237500 to 238000
2025-04-21 15:15:18.851  INFO 11356 --- [scheduling-1] com.indusind.scheduler.SchedulingClass   : Submitted batch from index 238000 to 238500
2025-04-21 15:15:18.851  INFO 11356 --- [scheduling-1] com.indusind.scheduler.SchedulingClass   : Submitted batch from index 238500 to 239000
2025-04-21 15:15:18.851  INFO 11356 --- [scheduling-1] com.indusind.scheduler.SchedulingClass   : Submitted batch from index 239000 to 239500
2025-04-21 15:15:18.851  INFO 11356 --- [scheduling-1] com.indusind.scheduler.SchedulingClass   : Submitted batch from index 239500 to 240000
2025-04-21 15:15:18.851  INFO 11356 --- [scheduling-1] com.indusind.scheduler.SchedulingClass   : Submitted batch from index 240000 to 240500
2025-04-21 15:15:18.852  INFO 11356 --- [scheduling-1] com.indusind.scheduler.SchedulingClass   : Submitted batch from index 240500 to 241000
2025-04-21 15:15:18.852  INFO 11356 --- [scheduling-1] com.indusind.scheduler.SchedulingClass   : Submitted batch from index 241000 to 241500
2025-04-21 15:15:18.853  INFO 11356 --- [scheduling-1] com.indusind.scheduler.SchedulingClass   : Submitted batch from index 241500 to 242000
2025-04-21 15:15:18.853  INFO 11356 --- [scheduling-1] com.indusind.scheduler.SchedulingClass   : Submitted batch from index 242000 to 242500
2025-04-21 15:15:18.853  INFO 11356 --- [scheduling-1] com.indusind.scheduler.SchedulingClass   : Submitted batch from index 242500 to 243000
2025-04-21 15:15:18.853  INFO 11356 --- [scheduling-1] com.indusind.scheduler.SchedulingClass   : Submitted batch from index 243000 to 243500
2025-04-21 15:15:18.853  INFO 11356 --- [scheduling-1] com.indusind.scheduler.SchedulingClass   : Submitted batch from index 243500 to 244000
2025-04-21 15:15:18.853  INFO 11356 --- [scheduling-1] com.indusind.scheduler.SchedulingClass   : Submitted batch from index 244000 to 244500
2025-04-21 15:15:18.853  INFO 11356 --- [scheduling-1] com.indusind.scheduler.SchedulingClass   : Submitted batch from index 244500 to 245000
2025-04-21 15:15:18.853  INFO 11356 --- [scheduling-1] com.indusind.scheduler.SchedulingClass   : Submitted batch from index 245000 to 245500
2025-04-21 15:15:18.853  INFO 11356 --- [scheduling-1] com.indusind.scheduler.SchedulingClass   : Submitted batch from index 245500 to 246000
2025-04-21 15:15:18.853  INFO 11356 --- [scheduling-1] com.indusind.scheduler.SchedulingClass   : Submitted batch from index 246000 to 246500
2025-04-21 15:15:18.853  INFO 11356 --- [scheduling-1] com.indusind.scheduler.SchedulingClass   : Submitted batch from index 246500 to 247000
2025-04-21 15:15:18.853  INFO 11356 --- [scheduling-1] com.indusind.scheduler.SchedulingClass   : Submitted batch from index 247000 to 247500
2025-04-21 15:15:18.853  INFO 11356 --- [scheduling-1] com.indusind.scheduler.SchedulingClass   : Submitted batch from index 247500 to 248000
2025-04-21 15:15:18.853  INFO 11356 --- [scheduling-1] com.indusind.scheduler.SchedulingClass   : Submitted batch from index 248000 to 248500
2025-04-21 15:15:18.853  INFO 11356 --- [scheduling-1] com.indusind.scheduler.SchedulingClass   : Submitted batch from index 248500 to 249000
2025-04-21 15:15:18.853  INFO 11356 --- [scheduling-1] com.indusind.scheduler.SchedulingClass   : Submitted batch from index 249000 to 249500
2025-04-21 15:15:18.853  INFO 11356 --- [scheduling-1] com.indusind.scheduler.SchedulingClass   : Submitted batch from index 249500 to 250000
2025-04-21 15:15:18.853  INFO 11356 --- [scheduling-1] com.indusind.scheduler.SchedulingClass   : Submitted batch from index 250000 to 250500
2025-04-21 15:15:18.853  INFO 11356 --- [scheduling-1] com.indusind.scheduler.SchedulingClass   : Submitted batch from index 250500 to 251000
2025-04-21 15:15:18.853  INFO 11356 --- [scheduling-1] com.indusind.scheduler.SchedulingClass   : Submitted batch from index 251000 to 251500
2025-04-21 15:15:18.853  INFO 11356 --- [scheduling-1] com.indusind.scheduler.SchedulingClass   : Submitted batch from index 251500 to 252000
2025-04-21 15:15:18.853  INFO 11356 --- [scheduling-1] com.indusind.scheduler.SchedulingClass   : Submitted batch from index 252000 to 252500
2025-04-21 15:15:18.853  INFO 11356 --- [scheduling-1] com.indusind.scheduler.SchedulingClass   : Submitted batch from index 252500 to 253000
2025-04-21 15:15:18.853  INFO 11356 --- [scheduling-1] com.indusind.scheduler.SchedulingClass   : Submitted batch from index 253000 to 253500
2025-04-21 15:15:18.853  INFO 11356 --- [scheduling-1] com.indusind.scheduler.SchedulingClass   : Submitted batch from index 253500 to 254000
2025-04-21 15:15:18.853  INFO 11356 --- [scheduling-1] com.indusind.scheduler.SchedulingClass   : Submitted batch from index 254000 to 254500
2025-04-21 15:15:18.853  INFO 11356 --- [scheduling-1] com.indusind.scheduler.SchedulingClass   : Submitted batch from index 254500 to 255000
2025-04-21 15:15:18.853  INFO 11356 --- [scheduling-1] com.indusind.scheduler.SchedulingClass   : Submitted batch from index 255000 to 255500
2025-04-21 15:15:18.855  INFO 11356 --- [scheduling-1] com.indusind.scheduler.SchedulingClass   : Submitted batch from index 255500 to 256000
2025-04-21 15:15:18.855  INFO 11356 --- [scheduling-1] com.indusind.scheduler.SchedulingClass   : Submitted batch from index 256000 to 256500
2025-04-21 15:15:18.855  INFO 11356 --- [scheduling-1] com.indusind.scheduler.SchedulingClass   : Submitted batch from index 256500 to 257000
2025-04-21 15:15:18.855  INFO 11356 --- [scheduling-1] com.indusind.scheduler.SchedulingClass   : Submitted batch from index 257000 to 257500
2025-04-21 15:15:18.855  INFO 11356 --- [scheduling-1] com.indusind.scheduler.SchedulingClass   : Submitted batch from index 257500 to 258000
2025-04-21 15:15:18.855  INFO 11356 --- [scheduling-1] com.indusind.scheduler.SchedulingClass   : Submitted batch from index 258000 to 258500
2025-04-21 15:15:18.855  INFO 11356 --- [scheduling-1] com.indusind.scheduler.SchedulingClass   : Submitted batch from index 258500 to 259000
2025-04-21 15:15:18.855  INFO 11356 --- [scheduling-1] com.indusind.scheduler.SchedulingClass   : Submitted batch from index 259000 to 259500
2025-04-21 15:15:18.855  INFO 11356 --- [scheduling-1] com.indusind.scheduler.SchedulingClass   : Submitted batch from index 259500 to 260000
2025-04-21 15:15:18.855  INFO 11356 --- [scheduling-1] com.indusind.scheduler.SchedulingClass   : Submitted batch from index 260000 to 260500
2025-04-21 15:15:18.855  INFO 11356 --- [scheduling-1] com.indusind.scheduler.SchedulingClass   : Submitted batch from index 260500 to 261000
2025-04-21 15:15:18.855  INFO 11356 --- [scheduling-1] com.indusind.scheduler.SchedulingClass   : Submitted batch from index 261000 to 261500
2025-04-21 15:15:18.855  INFO 11356 --- [scheduling-1] com.indusind.scheduler.SchedulingClass   : Submitted batch from index 261500 to 262000
2025-04-21 15:15:18.855  INFO 11356 --- [scheduling-1] com.indusind.scheduler.SchedulingClass   : Submitted batch from index 262000 to 262500
2025-04-21 15:15:18.856  INFO 11356 --- [scheduling-1] com.indusind.scheduler.SchedulingClass   : Submitted batch from index 262500 to 263000
2025-04-21 15:15:18.856  INFO 11356 --- [scheduling-1] com.indusind.scheduler.SchedulingClass   : Submitted batch from index 263000 to 263500
2025-04-21 15:15:18.856  INFO 11356 --- [scheduling-1] com.indusind.scheduler.SchedulingClass   : Submitted batch from index 263500 to 264000
2025-04-21 15:15:18.856  INFO 11356 --- [scheduling-1] com.indusind.scheduler.SchedulingClass   : Submitted batch from index 264000 to 264500
2025-04-21 15:15:18.856  INFO 11356 --- [scheduling-1] com.indusind.scheduler.SchedulingClass   : Submitted batch from index 264500 to 265000
2025-04-21 15:15:18.856  INFO 11356 --- [scheduling-1] com.indusind.scheduler.SchedulingClass   : Submitted batch from index 265000 to 265500
2025-04-21 15:15:18.856  INFO 11356 --- [scheduling-1] com.indusind.scheduler.SchedulingClass   : Submitted batch from index 265500 to 266000
2025-04-21 15:15:18.856  INFO 11356 --- [scheduling-1] com.indusind.scheduler.SchedulingClass   : Submitted batch from index 266000 to 266500
2025-04-21 15:15:18.856  INFO 11356 --- [scheduling-1] com.indusind.scheduler.SchedulingClass   : Submitted batch from index 266500 to 267000
2025-04-21 15:15:18.856  INFO 11356 --- [scheduling-1] com.indusind.scheduler.SchedulingClass   : Submitted batch from index 267000 to 267500
2025-04-21 15:15:18.856  INFO 11356 --- [scheduling-1] com.indusind.scheduler.SchedulingClass   : Submitted batch from index 267500 to 268000
2025-04-21 15:15:18.856  INFO 11356 --- [scheduling-1] com.indusind.scheduler.SchedulingClass   : Submitted batch from index 268000 to 268500
2025-04-21 15:15:18.856  INFO 11356 --- [scheduling-1] com.indusind.scheduler.SchedulingClass   : Submitted batch from index 268500 to 269000
2025-04-21 15:15:18.856  INFO 11356 --- [scheduling-1] com.indusind.scheduler.SchedulingClass   : Submitted batch from index 269000 to 269500
2025-04-21 15:15:18.856  INFO 11356 --- [scheduling-1] com.indusind.scheduler.SchedulingClass   : Submitted batch from index 269500 to 270000
2025-04-21 15:15:18.856  INFO 11356 --- [scheduling-1] com.indusind.scheduler.SchedulingClass   : Submitted batch from index 270000 to 270500
2025-04-21 15:15:18.856  INFO 11356 --- [scheduling-1] com.indusind.scheduler.SchedulingClass   : Submitted batch from index 270500 to 271000
2025-04-21 15:15:18.856  INFO 11356 --- [scheduling-1] com.indusind.scheduler.SchedulingClass   : Submitted batch from index 271000 to 271500
2025-04-21 15:15:18.856  INFO 11356 --- [scheduling-1] com.indusind.scheduler.SchedulingClass   : Submitted batch from index 271500 to 272000
2025-04-21 15:15:18.856  INFO 11356 --- [scheduling-1] com.indusind.scheduler.SchedulingClass   : Submitted batch from index 272000 to 272500
2025-04-21 15:15:18.856  INFO 11356 --- [scheduling-1] com.indusind.scheduler.SchedulingClass   : Submitted batch from index 272500 to 273000
2025-04-21 15:15:18.856  INFO 11356 --- [scheduling-1] com.indusind.scheduler.SchedulingClass   : Submitted batch from index 273000 to 273500
2025-04-21 15:15:18.856  INFO 11356 --- [scheduling-1] com.indusind.scheduler.SchedulingClass   : Submitted batch from index 273500 to 274000
2025-04-21 15:15:18.856  INFO 11356 --- [scheduling-1] com.indusind.scheduler.SchedulingClass   : Submitted batch from index 274000 to 274500
2025-04-21 15:15:18.856  INFO 11356 --- [scheduling-1] com.indusind.scheduler.SchedulingClass   : Submitted batch from index 274500 to 275000
2025-04-21 15:15:18.856  INFO 11356 --- [scheduling-1] com.indusind.scheduler.SchedulingClass   : Submitted batch from index 275000 to 275500
2025-04-21 15:15:18.856  INFO 11356 --- [scheduling-1] com.indusind.scheduler.SchedulingClass   : Submitted batch from index 275500 to 276000
2025-04-21 15:15:18.857  INFO 11356 --- [scheduling-1] com.indusind.scheduler.SchedulingClass   : Submitted batch from index 276000 to 276500
2025-04-21 15:15:18.857  INFO 11356 --- [scheduling-1] com.indusind.scheduler.SchedulingClass   : Submitted batch from index 276500 to 277000
2025-04-21 15:15:18.857  INFO 11356 --- [scheduling-1] com.indusind.scheduler.SchedulingClass   : Submitted batch from index 277000 to 277500
2025-04-21 15:15:18.857  INFO 11356 --- [scheduling-1] com.indusind.scheduler.SchedulingClass   : Submitted batch from index 277500 to 278000
2025-04-21 15:15:18.857  INFO 11356 --- [scheduling-1] com.indusind.scheduler.SchedulingClass   : Submitted batch from index 278000 to 278500
2025-04-21 15:15:18.857  INFO 11356 --- [scheduling-1] com.indusind.scheduler.SchedulingClass   : Submitted batch from index 278500 to 279000
2025-04-21 15:15:18.857  INFO 11356 --- [scheduling-1] com.indusind.scheduler.SchedulingClass   : Submitted batch from index 279000 to 279500
2025-04-21 15:15:18.857  INFO 11356 --- [scheduling-1] com.indusind.scheduler.SchedulingClass   : Submitted batch from index 279500 to 280000
2025-04-21 15:15:18.857  INFO 11356 --- [scheduling-1] com.indusind.scheduler.SchedulingClass   : Submitted batch from index 280000 to 280500
2025-04-21 15:15:18.857  INFO 11356 --- [scheduling-1] com.indusind.scheduler.SchedulingClass   : Submitted batch from index 280500 to 281000
2025-04-21 15:15:18.857  INFO 11356 --- [scheduling-1] com.indusind.scheduler.SchedulingClass   : Submitted batch from index 281000 to 281500
2025-04-21 15:15:18.857  INFO 11356 --- [scheduling-1] com.indusind.scheduler.SchedulingClass   : Submitted batch from index 281500 to 282000
2025-04-21 15:15:18.857  INFO 11356 --- [scheduling-1] com.indusind.scheduler.SchedulingClass   : Submitted batch from index 282000 to 282500
2025-04-21 15:15:18.857  INFO 11356 --- [scheduling-1] com.indusind.scheduler.SchedulingClass   : Submitted batch from index 282500 to 283000
2025-04-21 15:15:18.857  INFO 11356 --- [scheduling-1] com.indusind.scheduler.SchedulingClass   : Submitted batch from index 283000 to 283500
2025-04-21 15:15:18.857  INFO 11356 --- [scheduling-1] com.indusind.scheduler.SchedulingClass   : Submitted batch from index 283500 to 284000
2025-04-21 15:15:18.857  INFO 11356 --- [scheduling-1] com.indusind.scheduler.SchedulingClass   : Submitted batch from index 284000 to 284500
2025-04-21 15:15:18.857  INFO 11356 --- [scheduling-1] com.indusind.scheduler.SchedulingClass   : Submitted batch from index 284500 to 285000
2025-04-21 15:15:18.857  INFO 11356 --- [scheduling-1] com.indusind.scheduler.SchedulingClass   : Submitted batch from index 285000 to 285500
2025-04-21 15:15:18.857  INFO 11356 --- [scheduling-1] com.indusind.scheduler.SchedulingClass   : Submitted batch from index 285500 to 286000
2025-04-21 15:15:18.857  INFO 11356 --- [scheduling-1] com.indusind.scheduler.SchedulingClass   : Submitted batch from index 286000 to 286500
2025-04-21 15:15:18.857  INFO 11356 --- [scheduling-1] com.indusind.scheduler.SchedulingClass   : Submitted batch from index 286500 to 287000
2025-04-21 15:15:18.857  INFO 11356 --- [scheduling-1] com.indusind.scheduler.SchedulingClass   : Submitted batch from index 287000 to 287500
2025-04-21 15:15:18.857  INFO 11356 --- [scheduling-1] com.indusind.scheduler.SchedulingClass   : Submitted batch from index 287500 to 288000
2025-04-21 15:15:18.857  INFO 11356 --- [scheduling-1] com.indusind.scheduler.SchedulingClass   : Submitted batch from index 288000 to 288500
2025-04-21 15:15:18.857  INFO 11356 --- [scheduling-1] com.indusind.scheduler.SchedulingClass   : Submitted batch from index 288500 to 289000
2025-04-21 15:15:18.857  INFO 11356 --- [scheduling-1] com.indusind.scheduler.SchedulingClass   : Submitted batch from index 289000 to 289500
2025-04-21 15:15:18.857  INFO 11356 --- [scheduling-1] com.indusind.scheduler.SchedulingClass   : Submitted batch from index 289500 to 290000
2025-04-21 15:15:18.857  INFO 11356 --- [scheduling-1] com.indusind.scheduler.SchedulingClass   : Submitted batch from index 290000 to 290500
2025-04-21 15:15:18.857  INFO 11356 --- [scheduling-1] com.indusind.scheduler.SchedulingClass   : Submitted batch from index 290500 to 291000
2025-04-21 15:15:18.857  INFO 11356 --- [scheduling-1] com.indusind.scheduler.SchedulingClass   : Submitted batch from index 291000 to 291500
2025-04-21 15:15:18.858  INFO 11356 --- [scheduling-1] com.indusind.scheduler.SchedulingClass   : Submitted batch from index 291500 to 292000
2025-04-21 15:15:18.858  INFO 11356 --- [scheduling-1] com.indusind.scheduler.SchedulingClass   : Submitted batch from index 292000 to 292500
2025-04-21 15:15:18.858  INFO 11356 --- [scheduling-1] com.indusind.scheduler.SchedulingClass   : Submitted batch from index 292500 to 293000
2025-04-21 15:15:18.858  INFO 11356 --- [scheduling-1] com.indusind.scheduler.SchedulingClass   : Submitted batch from index 293000 to 293500
2025-04-21 15:15:18.858  INFO 11356 --- [scheduling-1] com.indusind.scheduler.SchedulingClass   : Submitted batch from index 293500 to 294000
2025-04-21 15:15:18.858  INFO 11356 --- [scheduling-1] com.indusind.scheduler.SchedulingClass   : Submitted batch from index 294000 to 294500
2025-04-21 15:15:18.858  INFO 11356 --- [scheduling-1] com.indusind.scheduler.SchedulingClass   : Submitted batch from index 294500 to 295000
2025-04-21 15:15:18.858  INFO 11356 --- [scheduling-1] com.indusind.scheduler.SchedulingClass   : Submitted batch from index 295000 to 295500
2025-04-21 15:15:18.858  INFO 11356 --- [scheduling-1] com.indusind.scheduler.SchedulingClass   : Submitted batch from index 295500 to 296000
2025-04-21 15:15:18.858  INFO 11356 --- [scheduling-1] com.indusind.scheduler.SchedulingClass   : Submitted batch from index 296000 to 296500
2025-04-21 15:15:18.858  INFO 11356 --- [scheduling-1] com.indusind.scheduler.SchedulingClass   : Submitted batch from index 296500 to 297000
2025-04-21 15:15:18.858  INFO 11356 --- [scheduling-1] com.indusind.scheduler.SchedulingClass   : Submitted batch from index 297000 to 297500
2025-04-21 15:15:18.858  INFO 11356 --- [scheduling-1] com.indusind.scheduler.SchedulingClass   : Submitted batch from index 297500 to 298000
2025-04-21 15:15:18.858  INFO 11356 --- [scheduling-1] com.indusind.scheduler.SchedulingClass   : Submitted batch from index 298000 to 298500
2025-04-21 15:15:18.858  INFO 11356 --- [scheduling-1] com.indusind.scheduler.SchedulingClass   : Submitted batch from index 298500 to 299000
2025-04-21 15:15:18.858  INFO 11356 --- [scheduling-1] com.indusind.scheduler.SchedulingClass   : Submitted batch from index 299000 to 299500
2025-04-21 15:15:18.858  INFO 11356 --- [scheduling-1] com.indusind.scheduler.SchedulingClass   : Submitted batch from index 299500 to 300000
2025-04-21 15:15:18.858  INFO 11356 --- [scheduling-1] com.indusind.scheduler.SchedulingClass   : Submitted batch from index 300000 to 300500
2025-04-21 15:15:18.858  INFO 11356 --- [scheduling-1] com.indusind.scheduler.SchedulingClass   : Submitted batch from index 300500 to 301000
2025-04-21 15:15:18.858  INFO 11356 --- [scheduling-1] com.indusind.scheduler.SchedulingClass   : Submitted batch from index 301000 to 301500
2025-04-21 15:15:18.858  INFO 11356 --- [scheduling-1] com.indusind.scheduler.SchedulingClass   : Submitted batch from index 301500 to 302000
2025-04-21 15:15:18.858  INFO 11356 --- [scheduling-1] com.indusind.scheduler.SchedulingClass   : Submitted batch from index 302000 to 302500
2025-04-21 15:15:18.858  INFO 11356 --- [scheduling-1] com.indusind.scheduler.SchedulingClass   : Submitted batch from index 302500 to 303000
2025-04-21 15:15:18.858  INFO 11356 --- [scheduling-1] com.indusind.scheduler.SchedulingClass   : Submitted batch from index 303000 to 303500
2025-04-21 15:15:18.858  INFO 11356 --- [scheduling-1] com.indusind.scheduler.SchedulingClass   : Submitted batch from index 303500 to 304000
2025-04-21 15:15:18.858  INFO 11356 --- [scheduling-1] com.indusind.scheduler.SchedulingClass   : Submitted batch from index 304000 to 304500
2025-04-21 15:15:18.859  INFO 11356 --- [scheduling-1] com.indusind.scheduler.SchedulingClass   : Submitted batch from index 304500 to 305000
2025-04-21 15:15:18.859  INFO 11356 --- [scheduling-1] com.indusind.scheduler.SchedulingClass   : Submitted batch from index 305000 to 305500
2025-04-21 15:15:18.859  INFO 11356 --- [scheduling-1] com.indusind.scheduler.SchedulingClass   : Submitted batch from index 305500 to 306000
2025-04-21 15:15:18.859  INFO 11356 --- [scheduling-1] com.indusind.scheduler.SchedulingClass   : Submitted batch from index 306000 to 306500
2025-04-21 15:15:18.859  INFO 11356 --- [scheduling-1] com.indusind.scheduler.SchedulingClass   : Submitted batch from index 306500 to 307000
2025-04-21 15:15:18.859  INFO 11356 --- [scheduling-1] com.indusind.scheduler.SchedulingClass   : Submitted batch from index 307000 to 307500
2025-04-21 15:15:18.859  INFO 11356 --- [scheduling-1] com.indusind.scheduler.SchedulingClass   : Submitted batch from index 307500 to 308000
2025-04-21 15:15:18.859  INFO 11356 --- [scheduling-1] com.indusind.scheduler.SchedulingClass   : Submitted batch from index 308000 to 308500
2025-04-21 15:15:18.859  INFO 11356 --- [scheduling-1] com.indusind.scheduler.SchedulingClass   : Submitted batch from index 308500 to 309000
2025-04-21 15:15:18.859  INFO 11356 --- [scheduling-1] com.indusind.scheduler.SchedulingClass   : Submitted batch from index 309000 to 309500
2025-04-21 15:15:18.859  INFO 11356 --- [scheduling-1] com.indusind.scheduler.SchedulingClass   : Submitted batch from index 309500 to 310000
2025-04-21 15:15:18.859  INFO 11356 --- [scheduling-1] com.indusind.scheduler.SchedulingClass   : Submitted batch from index 310000 to 310500
2025-04-21 15:15:18.859  INFO 11356 --- [scheduling-1] com.indusind.scheduler.SchedulingClass   : Submitted batch from index 310500 to 311000
2025-04-21 15:15:18.859  INFO 11356 --- [scheduling-1] com.indusind.scheduler.SchedulingClass   : Submitted batch from index 311000 to 311500
2025-04-21 15:15:18.859  INFO 11356 --- [scheduling-1] com.indusind.scheduler.SchedulingClass   : Submitted batch from index 311500 to 312000
2025-04-21 15:15:18.859  INFO 11356 --- [scheduling-1] com.indusind.scheduler.SchedulingClass   : Submitted batch from index 312000 to 312500
2025-04-21 15:15:18.859  INFO 11356 --- [scheduling-1] com.indusind.scheduler.SchedulingClass   : Submitted batch from index 312500 to 313000
2025-04-21 15:15:18.859  INFO 11356 --- [scheduling-1] com.indusind.scheduler.SchedulingClass   : Submitted batch from index 313000 to 313500
2025-04-21 15:15:18.859  INFO 11356 --- [scheduling-1] com.indusind.scheduler.SchedulingClass   : Submitted batch from index 313500 to 314000
2025-04-21 15:15:18.859  INFO 11356 --- [scheduling-1] com.indusind.scheduler.SchedulingClass   : Submitted batch from index 314000 to 314500
2025-04-21 15:15:18.859  INFO 11356 --- [scheduling-1] com.indusind.scheduler.SchedulingClass   : Submitted batch from index 314500 to 315000
2025-04-21 15:15:18.859  INFO 11356 --- [scheduling-1] com.indusind.scheduler.SchedulingClass   : Submitted batch from index 315000 to 315500
2025-04-21 15:15:18.859  INFO 11356 --- [scheduling-1] com.indusind.scheduler.SchedulingClass   : Submitted batch from index 315500 to 316000
2025-04-21 15:15:18.859  INFO 11356 --- [scheduling-1] com.indusind.scheduler.SchedulingClass   : Submitted batch from index 316000 to 316500
2025-04-21 15:15:18.859  INFO 11356 --- [scheduling-1] com.indusind.scheduler.SchedulingClass   : Submitted batch from index 316500 to 317000
2025-04-21 15:15:18.859  INFO 11356 --- [scheduling-1] com.indusind.scheduler.SchedulingClass   : Submitted batch from index 317000 to 317500
2025-04-21 15:15:18.859  INFO 11356 --- [scheduling-1] com.indusind.scheduler.SchedulingClass   : Submitted batch from index 317500 to 318000
2025-04-21 15:15:18.859  INFO 11356 --- [scheduling-1] com.indusind.scheduler.SchedulingClass   : Submitted batch from index 318000 to 318500
2025-04-21 15:15:18.859  INFO 11356 --- [scheduling-1] com.indusind.scheduler.SchedulingClass   : Submitted batch from index 318500 to 319000
2025-04-21 15:15:18.859  INFO 11356 --- [scheduling-1] com.indusind.scheduler.SchedulingClass   : Submitted batch from index 319000 to 319500
2025-04-21 15:15:18.860  INFO 11356 --- [scheduling-1] com.indusind.scheduler.SchedulingClass   : Submitted batch from index 319500 to 320000
2025-04-21 15:15:18.860  INFO 11356 --- [scheduling-1] com.indusind.scheduler.SchedulingClass   : Submitted batch from index 320000 to 320500
2025-04-21 15:15:18.860  INFO 11356 --- [scheduling-1] com.indusind.scheduler.SchedulingClass   : Submitted batch from index 320500 to 321000
2025-04-21 15:15:18.860  INFO 11356 --- [scheduling-1] com.indusind.scheduler.SchedulingClass   : Submitted batch from index 321000 to 321500
2025-04-21 15:15:18.860  INFO 11356 --- [scheduling-1] com.indusind.scheduler.SchedulingClass   : Submitted batch from index 321500 to 322000
2025-04-21 15:15:18.860  INFO 11356 --- [scheduling-1] com.indusind.scheduler.SchedulingClass   : Submitted batch from index 322000 to 322500
2025-04-21 15:15:18.860  INFO 11356 --- [scheduling-1] com.indusind.scheduler.SchedulingClass   : Submitted batch from index 322500 to 323000
2025-04-21 15:15:18.860  INFO 11356 --- [scheduling-1] com.indusind.scheduler.SchedulingClass   : Submitted batch from index 323000 to 323500
2025-04-21 15:15:18.860  INFO 11356 --- [scheduling-1] com.indusind.scheduler.SchedulingClass   : Submitted batch from index 323500 to 324000
2025-04-21 15:15:18.860  INFO 11356 --- [scheduling-1] com.indusind.scheduler.SchedulingClass   : Submitted batch from index 324000 to 324500
2025-04-21 15:15:18.860  INFO 11356 --- [scheduling-1] com.indusind.scheduler.SchedulingClass   : Submitted batch from index 324500 to 325000
2025-04-21 15:15:18.860  INFO 11356 --- [scheduling-1] com.indusind.scheduler.SchedulingClass   : Submitted batch from index 325000 to 325500
2025-04-21 15:15:18.860  INFO 11356 --- [scheduling-1] com.indusind.scheduler.SchedulingClass   : Submitted batch from index 325500 to 326000
2025-04-21 15:15:18.860  INFO 11356 --- [scheduling-1] com.indusind.scheduler.SchedulingClass   : Submitted batch from index 326000 to 326500
2025-04-21 15:15:18.860  INFO 11356 --- [scheduling-1] com.indusind.scheduler.SchedulingClass   : Submitted batch from index 326500 to 327000
2025-04-21 15:15:18.860  INFO 11356 --- [scheduling-1] com.indusind.scheduler.SchedulingClass   : Submitted batch from index 327000 to 327500
2025-04-21 15:15:18.860  INFO 11356 --- [scheduling-1] com.indusind.scheduler.SchedulingClass   : Submitted batch from index 327500 to 328000
2025-04-21 15:15:18.860  INFO 11356 --- [scheduling-1] com.indusind.scheduler.SchedulingClass   : Submitted batch from index 328000 to 328500
2025-04-21 15:15:18.860  INFO 11356 --- [scheduling-1] com.indusind.scheduler.SchedulingClass   : Submitted batch from index 328500 to 329000
2025-04-21 15:15:18.860  INFO 11356 --- [scheduling-1] com.indusind.scheduler.SchedulingClass   : Submitted batch from index 329000 to 329500
2025-04-21 15:15:18.860  INFO 11356 --- [scheduling-1] com.indusind.scheduler.SchedulingClass   : Submitted batch from index 329500 to 330000
2025-04-21 15:15:18.860  INFO 11356 --- [scheduling-1] com.indusind.scheduler.SchedulingClass   : Submitted batch from index 330000 to 330500
2025-04-21 15:15:18.860  INFO 11356 --- [scheduling-1] com.indusind.scheduler.SchedulingClass   : Submitted batch from index 330500 to 331000
2025-04-21 15:15:18.860  INFO 11356 --- [scheduling-1] com.indusind.scheduler.SchedulingClass   : Submitted batch from index 331000 to 331500
2025-04-21 15:15:18.860  INFO 11356 --- [scheduling-1] com.indusind.scheduler.SchedulingClass   : Submitted batch from index 331500 to 332000
2025-04-21 15:15:18.860  INFO 11356 --- [scheduling-1] com.indusind.scheduler.SchedulingClass   : Submitted batch from index 332000 to 332500
2025-04-21 15:15:18.860  INFO 11356 --- [scheduling-1] com.indusind.scheduler.SchedulingClass   : Submitted batch from index 332500 to 333000
2025-04-21 15:15:18.860  INFO 11356 --- [scheduling-1] com.indusind.scheduler.SchedulingClass   : Submitted batch from index 333000 to 333500
2025-04-21 15:15:18.860  INFO 11356 --- [scheduling-1] com.indusind.scheduler.SchedulingClass   : Submitted batch from index 333500 to 334000
2025-04-21 15:15:18.860  INFO 11356 --- [scheduling-1] com.indusind.scheduler.SchedulingClass   : Submitted batch from index 334000 to 334500
2025-04-21 15:15:18.860  INFO 11356 --- [scheduling-1] com.indusind.scheduler.SchedulingClass   : Submitted batch from index 334500 to 335000
2025-04-21 15:15:18.861  INFO 11356 --- [scheduling-1] com.indusind.scheduler.SchedulingClass   : Submitted batch from index 335000 to 335500
2025-04-21 15:15:18.861  INFO 11356 --- [scheduling-1] com.indusind.scheduler.SchedulingClass   : Submitted batch from index 335500 to 336000
2025-04-21 15:15:18.861  INFO 11356 --- [scheduling-1] com.indusind.scheduler.SchedulingClass   : Submitted batch from index 336000 to 336500
2025-04-21 15:15:18.861  INFO 11356 --- [scheduling-1] com.indusind.scheduler.SchedulingClass   : Submitted batch from index 336500 to 337000
2025-04-21 15:15:18.861  INFO 11356 --- [scheduling-1] com.indusind.scheduler.SchedulingClass   : Submitted batch from index 337000 to 337500
2025-04-21 15:15:18.861  INFO 11356 --- [scheduling-1] com.indusind.scheduler.SchedulingClass   : Submitted batch from index 337500 to 338000
2025-04-21 15:15:18.861  INFO 11356 --- [scheduling-1] com.indusind.scheduler.SchedulingClass   : Submitted batch from index 338000 to 338500
2025-04-21 15:15:18.861  INFO 11356 --- [scheduling-1] com.indusind.scheduler.SchedulingClass   : Submitted batch from index 338500 to 339000
2025-04-21 15:15:18.861  INFO 11356 --- [scheduling-1] com.indusind.scheduler.SchedulingClass   : Submitted batch from index 339000 to 339500
2025-04-21 15:15:18.861  INFO 11356 --- [scheduling-1] com.indusind.scheduler.SchedulingClass   : Submitted batch from index 339500 to 340000
2025-04-21 15:15:18.861  INFO 11356 --- [scheduling-1] com.indusind.scheduler.SchedulingClass   : Submitted batch from index 340000 to 340500
2025-04-21 15:15:18.861  INFO 11356 --- [scheduling-1] com.indusind.scheduler.SchedulingClass   : Submitted batch from index 340500 to 341000
2025-04-21 15:15:18.861  INFO 11356 --- [scheduling-1] com.indusind.scheduler.SchedulingClass   : Submitted batch from index 341000 to 341500
2025-04-21 15:15:18.861  INFO 11356 --- [scheduling-1] com.indusind.scheduler.SchedulingClass   : Submitted batch from index 341500 to 342000
2025-04-21 15:15:18.861  INFO 11356 --- [scheduling-1] com.indusind.scheduler.SchedulingClass   : Submitted batch from index 342000 to 342500
2025-04-21 15:15:18.861  INFO 11356 --- [scheduling-1] com.indusind.scheduler.SchedulingClass   : Submitted batch from index 342500 to 343000
2025-04-21 15:15:18.861  INFO 11356 --- [scheduling-1] com.indusind.scheduler.SchedulingClass   : Submitted batch from index 343000 to 343500
2025-04-21 15:15:18.861  INFO 11356 --- [scheduling-1] com.indusind.scheduler.SchedulingClass   : Submitted batch from index 343500 to 344000
2025-04-21 15:15:18.861  INFO 11356 --- [scheduling-1] com.indusind.scheduler.SchedulingClass   : Submitted batch from index 344000 to 344500
2025-04-21 15:15:18.861  INFO 11356 --- [scheduling-1] com.indusind.scheduler.SchedulingClass   : Submitted batch from index 344500 to 345000
2025-04-21 15:15:18.861  INFO 11356 --- [scheduling-1] com.indusind.scheduler.SchedulingClass   : Submitted batch from index 345000 to 345500
2025-04-21 15:15:18.861  INFO 11356 --- [scheduling-1] com.indusind.scheduler.SchedulingClass   : Submitted batch from index 345500 to 346000
2025-04-21 15:15:18.861  INFO 11356 --- [scheduling-1] com.indusind.scheduler.SchedulingClass   : Submitted batch from index 346000 to 346500
2025-04-21 15:15:18.861  INFO 11356 --- [scheduling-1] com.indusind.scheduler.SchedulingClass   : Submitted batch from index 346500 to 347000
2025-04-21 15:15:18.861  INFO 11356 --- [scheduling-1] com.indusind.scheduler.SchedulingClass   : Submitted batch from index 347000 to 347500
2025-04-21 15:15:18.861  INFO 11356 --- [scheduling-1] com.indusind.scheduler.SchedulingClass   : Submitted batch from index 347500 to 348000
2025-04-21 15:15:18.861  INFO 11356 --- [scheduling-1] com.indusind.scheduler.SchedulingClass   : Submitted batch from index 348000 to 348500
2025-04-21 15:15:18.861  INFO 11356 --- [scheduling-1] com.indusind.scheduler.SchedulingClass   : Submitted batch from index 348500 to 349000
2025-04-21 15:15:18.861  INFO 11356 --- [scheduling-1] com.indusind.scheduler.SchedulingClass   : Submitted batch from index 349000 to 349500
2025-04-21 15:15:18.861  INFO 11356 --- [scheduling-1] com.indusind.scheduler.SchedulingClass   : Submitted batch from index 349500 to 350000
2025-04-21 15:15:18.861  INFO 11356 --- [scheduling-1] com.indusind.scheduler.SchedulingClass   : Submitted batch from index 350000 to 350500
2025-04-21 15:15:18.861  INFO 11356 --- [scheduling-1] com.indusind.scheduler.SchedulingClass   : Submitted batch from index 350500 to 351000
2025-04-21 15:15:18.861  INFO 11356 --- [scheduling-1] com.indusind.scheduler.SchedulingClass   : Submitted batch from index 351000 to 351500
2025-04-21 15:15:18.861  INFO 11356 --- [scheduling-1] com.indusind.scheduler.SchedulingClass   : Submitted batch from index 351500 to 352000
2025-04-21 15:15:18.861  INFO 11356 --- [scheduling-1] com.indusind.scheduler.SchedulingClass   : Submitted batch from index 352000 to 352500
2025-04-21 15:15:18.861  INFO 11356 --- [scheduling-1] com.indusind.scheduler.SchedulingClass   : Submitted batch from index 352500 to 353000
2025-04-21 15:15:18.861  INFO 11356 --- [scheduling-1] com.indusind.scheduler.SchedulingClass   : Submitted batch from index 353000 to 353500
2025-04-21 15:15:18.862  INFO 11356 --- [scheduling-1] com.indusind.scheduler.SchedulingClass   : Submitted batch from index 353500 to 354000
2025-04-21 15:15:18.862  INFO 11356 --- [scheduling-1] com.indusind.scheduler.SchedulingClass   : Submitted batch from index 354000 to 354500
2025-04-21 15:15:18.862  INFO 11356 --- [scheduling-1] com.indusind.scheduler.SchedulingClass   : Submitted batch from index 354500 to 355000
2025-04-21 15:15:18.862  INFO 11356 --- [scheduling-1] com.indusind.scheduler.SchedulingClass   : Submitted batch from index 355000 to 355500
2025-04-21 15:15:18.862  INFO 11356 --- [scheduling-1] com.indusind.scheduler.SchedulingClass   : Submitted batch from index 355500 to 356000
2025-04-21 15:15:18.862  INFO 11356 --- [scheduling-1] com.indusind.scheduler.SchedulingClass   : Submitted batch from index 356000 to 356500
2025-04-21 15:15:18.862  INFO 11356 --- [scheduling-1] com.indusind.scheduler.SchedulingClass   : Submitted batch from index 356500 to 357000
2025-04-21 15:15:18.862  INFO 11356 --- [scheduling-1] com.indusind.scheduler.SchedulingClass   : Submitted batch from index 357000 to 357500
2025-04-21 15:15:18.862  INFO 11356 --- [scheduling-1] com.indusind.scheduler.SchedulingClass   : Submitted batch from index 357500 to 358000
2025-04-21 15:15:18.862  INFO 11356 --- [scheduling-1] com.indusind.scheduler.SchedulingClass   : Submitted batch from index 358000 to 358500
2025-04-21 15:15:18.862  INFO 11356 --- [scheduling-1] com.indusind.scheduler.SchedulingClass   : Submitted batch from index 358500 to 359000
2025-04-21 15:15:18.862  INFO 11356 --- [scheduling-1] com.indusind.scheduler.SchedulingClass   : Submitted batch from index 359000 to 359500
2025-04-21 15:15:18.862  INFO 11356 --- [scheduling-1] com.indusind.scheduler.SchedulingClass   : Submitted batch from index 359500 to 360000
2025-04-21 15:15:18.862  INFO 11356 --- [scheduling-1] com.indusind.scheduler.SchedulingClass   : Submitted batch from index 360000 to 360500
2025-04-21 15:15:18.862  INFO 11356 --- [scheduling-1] com.indusind.scheduler.SchedulingClass   : Submitted batch from index 360500 to 361000
2025-04-21 15:15:18.862  INFO 11356 --- [scheduling-1] com.indusind.scheduler.SchedulingClass   : Submitted batch from index 361000 to 361500
2025-04-21 15:15:18.862  INFO 11356 --- [scheduling-1] com.indusind.scheduler.SchedulingClass   : Submitted batch from index 361500 to 362000
2025-04-21 15:15:18.862  INFO 11356 --- [scheduling-1] com.indusind.scheduler.SchedulingClass   : Submitted batch from index 362000 to 362500
2025-04-21 15:15:18.862  INFO 11356 --- [scheduling-1] com.indusind.scheduler.SchedulingClass   : Submitted batch from index 362500 to 363000
2025-04-21 15:15:18.862  INFO 11356 --- [scheduling-1] com.indusind.scheduler.SchedulingClass   : Submitted batch from index 363000 to 363500
2025-04-21 15:15:18.862  INFO 11356 --- [scheduling-1] com.indusind.scheduler.SchedulingClass   : Submitted batch from index 363500 to 364000
2025-04-21 15:15:18.862  INFO 11356 --- [scheduling-1] com.indusind.scheduler.SchedulingClass   : Submitted batch from index 364000 to 364500
2025-04-21 15:15:18.862  INFO 11356 --- [scheduling-1] com.indusind.scheduler.SchedulingClass   : Submitted batch from index 364500 to 365000
2025-04-21 15:15:18.862  INFO 11356 --- [scheduling-1] com.indusind.scheduler.SchedulingClass   : Submitted batch from index 365000 to 365500
2025-04-21 15:15:18.862  INFO 11356 --- [scheduling-1] com.indusind.scheduler.SchedulingClass   : Submitted batch from index 365500 to 366000
2025-04-21 15:15:18.862  INFO 11356 --- [scheduling-1] com.indusind.scheduler.SchedulingClass   : Submitted batch from index 366000 to 366500
2025-04-21 15:15:18.862  INFO 11356 --- [scheduling-1] com.indusind.scheduler.SchedulingClass   : Submitted batch from index 366500 to 367000
2025-04-21 15:15:18.862  INFO 11356 --- [scheduling-1] com.indusind.scheduler.SchedulingClass   : Submitted batch from index 367000 to 367500
2025-04-21 15:15:18.862  INFO 11356 --- [scheduling-1] com.indusind.scheduler.SchedulingClass   : Submitted batch from index 367500 to 368000
2025-04-21 15:15:18.862  INFO 11356 --- [scheduling-1] com.indusind.scheduler.SchedulingClass   : Submitted batch from index 368000 to 368500
2025-04-21 15:15:18.862  INFO 11356 --- [scheduling-1] com.indusind.scheduler.SchedulingClass   : Submitted batch from index 368500 to 369000
2025-04-21 15:15:18.863  INFO 11356 --- [scheduling-1] com.indusind.scheduler.SchedulingClass   : Submitted batch from index 369000 to 369500
2025-04-21 15:15:18.863  INFO 11356 --- [scheduling-1] com.indusind.scheduler.SchedulingClass   : Submitted batch from index 369500 to 370000
2025-04-21 15:15:18.863  INFO 11356 --- [scheduling-1] com.indusind.scheduler.SchedulingClass   : Submitted batch from index 370000 to 370500
2025-04-21 15:15:18.863  INFO 11356 --- [scheduling-1] com.indusind.scheduler.SchedulingClass   : Submitted batch from index 370500 to 371000
2025-04-21 15:15:18.863  INFO 11356 --- [scheduling-1] com.indusind.scheduler.SchedulingClass   : Submitted batch from index 371000 to 371500
2025-04-21 15:15:18.863  INFO 11356 --- [scheduling-1] com.indusind.scheduler.SchedulingClass   : Submitted batch from index 371500 to 372000
2025-04-21 15:15:18.863  INFO 11356 --- [scheduling-1] com.indusind.scheduler.SchedulingClass   : Submitted batch from index 372000 to 372500
2025-04-21 15:15:18.863  INFO 11356 --- [scheduling-1] com.indusind.scheduler.SchedulingClass   : Submitted batch from index 372500 to 373000
2025-04-21 15:15:18.863  INFO 11356 --- [scheduling-1] com.indusind.scheduler.SchedulingClass   : Submitted batch from index 373000 to 373500
2025-04-21 15:15:18.863  INFO 11356 --- [scheduling-1] com.indusind.scheduler.SchedulingClass   : Submitted batch from index 373500 to 374000
2025-04-21 15:15:18.863  INFO 11356 --- [scheduling-1] com.indusind.scheduler.SchedulingClass   : Submitted batch from index 374000 to 374500
2025-04-21 15:15:18.863  INFO 11356 --- [scheduling-1] com.indusind.scheduler.SchedulingClass   : Submitted batch from index 374500 to 375000
2025-04-21 15:15:18.863  INFO 11356 --- [scheduling-1] com.indusind.scheduler.SchedulingClass   : Submitted batch from index 375000 to 375500
2025-04-21 15:15:18.863  INFO 11356 --- [scheduling-1] com.indusind.scheduler.SchedulingClass   : Submitted batch from index 375500 to 376000
2025-04-21 15:15:18.863  INFO 11356 --- [scheduling-1] com.indusind.scheduler.SchedulingClass   : Submitted batch from index 376000 to 376500
2025-04-21 15:15:18.864  INFO 11356 --- [scheduling-1] com.indusind.scheduler.SchedulingClass   : Submitted batch from index 376500 to 377000
2025-04-21 15:15:18.864  INFO 11356 --- [scheduling-1] com.indusind.scheduler.SchedulingClass   : Submitted batch from index 377000 to 377500
2025-04-21 15:15:18.864  INFO 11356 --- [scheduling-1] com.indusind.scheduler.SchedulingClass   : Submitted batch from index 377500 to 378000
2025-04-21 15:15:18.864  INFO 11356 --- [scheduling-1] com.indusind.scheduler.SchedulingClass   : Submitted batch from index 378000 to 378500
2025-04-21 15:15:18.864  INFO 11356 --- [scheduling-1] com.indusind.scheduler.SchedulingClass   : Submitted batch from index 378500 to 379000
2025-04-21 15:15:18.864  INFO 11356 --- [scheduling-1] com.indusind.scheduler.SchedulingClass   : Submitted batch from index 379000 to 379500
2025-04-21 15:15:18.864  INFO 11356 --- [scheduling-1] com.indusind.scheduler.SchedulingClass   : Submitted batch from index 379500 to 380000
2025-04-21 15:15:18.864  INFO 11356 --- [scheduling-1] com.indusind.scheduler.SchedulingClass   : Submitted batch from index 380000 to 380500
2025-04-21 15:15:18.864  INFO 11356 --- [scheduling-1] com.indusind.scheduler.SchedulingClass   : Submitted batch from index 380500 to 381000
2025-04-21 15:15:18.864  INFO 11356 --- [scheduling-1] com.indusind.scheduler.SchedulingClass   : Submitted batch from index 381000 to 381500
2025-04-21 15:15:18.864  INFO 11356 --- [scheduling-1] com.indusind.scheduler.SchedulingClass   : Submitted batch from index 381500 to 382000
2025-04-21 15:15:18.864  INFO 11356 --- [scheduling-1] com.indusind.scheduler.SchedulingClass   : Submitted batch from index 382000 to 382500
2025-04-21 15:15:18.864  INFO 11356 --- [scheduling-1] com.indusind.scheduler.SchedulingClass   : Submitted batch from index 382500 to 383000
2025-04-21 15:15:18.864  INFO 11356 --- [scheduling-1] com.indusind.scheduler.SchedulingClass   : Submitted batch from index 383000 to 383500
2025-04-21 15:15:18.864  INFO 11356 --- [scheduling-1] com.indusind.scheduler.SchedulingClass   : Submitted batch from index 383500 to 384000
2025-04-21 15:15:18.864  INFO 11356 --- [scheduling-1] com.indusind.scheduler.SchedulingClass   : Submitted batch from index 384000 to 384500
2025-04-21 15:15:18.864  INFO 11356 --- [scheduling-1] com.indusind.scheduler.SchedulingClass   : Submitted batch from index 384500 to 385000
2025-04-21 15:15:18.864  INFO 11356 --- [scheduling-1] com.indusind.scheduler.SchedulingClass   : Submitted batch from index 385000 to 385500
2025-04-21 15:15:18.864  INFO 11356 --- [scheduling-1] com.indusind.scheduler.SchedulingClass   : Submitted batch from index 385500 to 386000
2025-04-21 15:15:18.864  INFO 11356 --- [scheduling-1] com.indusind.scheduler.SchedulingClass   : Submitted batch from index 386000 to 386500
2025-04-21 15:15:18.864  INFO 11356 --- [scheduling-1] com.indusind.scheduler.SchedulingClass   : Submitted batch from index 386500 to 387000
2025-04-21 15:15:18.864  INFO 11356 --- [scheduling-1] com.indusind.scheduler.SchedulingClass   : Submitted batch from index 387000 to 387500
2025-04-21 15:15:18.865  INFO 11356 --- [scheduling-1] com.indusind.scheduler.SchedulingClass   : Submitted batch from index 387500 to 388000
2025-04-21 15:15:18.865  INFO 11356 --- [scheduling-1] com.indusind.scheduler.SchedulingClass   : Submitted batch from index 388000 to 388500
2025-04-21 15:15:18.865  INFO 11356 --- [scheduling-1] com.indusind.scheduler.SchedulingClass   : Submitted batch from index 388500 to 389000
2025-04-21 15:15:18.865  INFO 11356 --- [scheduling-1] com.indusind.scheduler.SchedulingClass   : Submitted batch from index 389000 to 389500
2025-04-21 15:15:18.865  INFO 11356 --- [scheduling-1] com.indusind.scheduler.SchedulingClass   : Submitted batch from index 389500 to 390000
2025-04-21 15:15:18.865  INFO 11356 --- [scheduling-1] com.indusind.scheduler.SchedulingClass   : Submitted batch from index 390000 to 390500
2025-04-21 15:15:18.865  INFO 11356 --- [scheduling-1] com.indusind.scheduler.SchedulingClass   : Submitted batch from index 390500 to 391000
2025-04-21 15:15:18.865  INFO 11356 --- [scheduling-1] com.indusind.scheduler.SchedulingClass   : Submitted batch from index 391000 to 391500
2025-04-21 15:15:18.865  INFO 11356 --- [scheduling-1] com.indusind.scheduler.SchedulingClass   : Submitted batch from index 391500 to 392000
2025-04-21 15:15:18.865  INFO 11356 --- [scheduling-1] com.indusind.scheduler.SchedulingClass   : Submitted batch from index 392000 to 392500
2025-04-21 15:15:18.865  INFO 11356 --- [scheduling-1] com.indusind.scheduler.SchedulingClass   : Submitted batch from index 392500 to 393000
2025-04-21 15:15:18.865  INFO 11356 --- [scheduling-1] com.indusind.scheduler.SchedulingClass   : Submitted batch from index 393000 to 393500
2025-04-21 15:15:18.865  INFO 11356 --- [scheduling-1] com.indusind.scheduler.SchedulingClass   : Submitted batch from index 393500 to 394000
2025-04-21 15:15:18.865  INFO 11356 --- [scheduling-1] com.indusind.scheduler.SchedulingClass   : Submitted batch from index 394000 to 394500
2025-04-21 15:15:18.865  INFO 11356 --- [scheduling-1] com.indusind.scheduler.SchedulingClass   : Submitted batch from index 394500 to 395000
2025-04-21 15:15:18.865  INFO 11356 --- [scheduling-1] com.indusind.scheduler.SchedulingClass   : Submitted batch from index 395000 to 395500
2025-04-21 15:15:18.865  INFO 11356 --- [scheduling-1] com.indusind.scheduler.SchedulingClass   : Submitted batch from index 395500 to 396000
2025-04-21 15:15:18.865  INFO 11356 --- [scheduling-1] com.indusind.scheduler.SchedulingClass   : Submitted batch from index 396000 to 396500
2025-04-21 15:15:18.865  INFO 11356 --- [scheduling-1] com.indusind.scheduler.SchedulingClass   : Submitted batch from index 396500 to 397000
2025-04-21 15:15:18.865  INFO 11356 --- [scheduling-1] com.indusind.scheduler.SchedulingClass   : Submitted batch from index 397000 to 397500
2025-04-21 15:15:18.865  INFO 11356 --- [scheduling-1] com.indusind.scheduler.SchedulingClass   : Submitted batch from index 397500 to 398000
2025-04-21 15:15:18.865  INFO 11356 --- [scheduling-1] com.indusind.scheduler.SchedulingClass   : Submitted batch from index 398000 to 398500
2025-04-21 15:15:18.865  INFO 11356 --- [scheduling-1] com.indusind.scheduler.SchedulingClass   : Submitted batch from index 398500 to 399000
2025-04-21 15:15:18.865  INFO 11356 --- [scheduling-1] com.indusind.scheduler.SchedulingClass   : Submitted batch from index 399000 to 399500
2025-04-21 15:15:18.865  INFO 11356 --- [scheduling-1] com.indusind.scheduler.SchedulingClass   : Submitted batch from index 399500 to 400000
2025-04-21 15:15:18.865  INFO 11356 --- [scheduling-1] com.indusind.scheduler.SchedulingClass   : Submitted batch from index 400000 to 400500
2025-04-21 15:15:18.865  INFO 11356 --- [scheduling-1] com.indusind.scheduler.SchedulingClass   : Submitted batch from index 400500 to 401000
2025-04-21 15:15:18.865  INFO 11356 --- [scheduling-1] com.indusind.scheduler.SchedulingClass   : Submitted batch from index 401000 to 401500
2025-04-21 15:15:18.865  INFO 11356 --- [scheduling-1] com.indusind.scheduler.SchedulingClass   : Submitted batch from index 401500 to 402000
2025-04-21 15:15:18.865  INFO 11356 --- [scheduling-1] com.indusind.scheduler.SchedulingClass   : Submitted batch from index 402000 to 402500
2025-04-21 15:15:18.865  INFO 11356 --- [scheduling-1] com.indusind.scheduler.SchedulingClass   : Submitted batch from index 402500 to 403000
2025-04-21 15:15:18.865  INFO 11356 --- [scheduling-1] com.indusind.scheduler.SchedulingClass   : Submitted batch from index 403000 to 403500
2025-04-21 15:15:18.865  INFO 11356 --- [scheduling-1] com.indusind.scheduler.SchedulingClass   : Submitted batch from index 403500 to 404000
2025-04-21 15:15:18.865  INFO 11356 --- [scheduling-1] com.indusind.scheduler.SchedulingClass   : Submitted batch from index 404000 to 404500
2025-04-21 15:15:18.865  INFO 11356 --- [scheduling-1] com.indusind.scheduler.SchedulingClass   : Submitted batch from index 404500 to 405000
2025-04-21 15:15:18.865  INFO 11356 --- [scheduling-1] com.indusind.scheduler.SchedulingClass   : Submitted batch from index 405000 to 405500
2025-04-21 15:15:18.865  INFO 11356 --- [scheduling-1] com.indusind.scheduler.SchedulingClass   : Submitted batch from index 405500 to 406000
2025-04-21 15:15:18.865  INFO 11356 --- [scheduling-1] com.indusind.scheduler.SchedulingClass   : Submitted batch from index 406000 to 406500
2025-04-21 15:15:18.865  INFO 11356 --- [scheduling-1] com.indusind.scheduler.SchedulingClass   : Submitted batch from index 406500 to 407000
2025-04-21 15:15:18.865  INFO 11356 --- [scheduling-1] com.indusind.scheduler.SchedulingClass   : Submitted batch from index 407000 to 407500
2025-04-21 15:15:18.865  INFO 11356 --- [scheduling-1] com.indusind.scheduler.SchedulingClass   : Submitted batch from index 407500 to 408000
2025-04-21 15:15:18.865  INFO 11356 --- [scheduling-1] com.indusind.scheduler.SchedulingClass   : Submitted batch from index 408000 to 408500
2025-04-21 15:15:18.865  INFO 11356 --- [scheduling-1] com.indusind.scheduler.SchedulingClass   : Submitted batch from index 408500 to 409000
2025-04-21 15:15:18.865  INFO 11356 --- [scheduling-1] com.indusind.scheduler.SchedulingClass   : Submitted batch from index 409000 to 409500
2025-04-21 15:15:18.865  INFO 11356 --- [scheduling-1] com.indusind.scheduler.SchedulingClass   : Submitted batch from index 409500 to 410000
2025-04-21 15:15:18.865  INFO 11356 --- [scheduling-1] com.indusind.scheduler.SchedulingClass   : Submitted batch from index 410000 to 410500
2025-04-21 15:15:18.865  INFO 11356 --- [scheduling-1] com.indusind.scheduler.SchedulingClass   : Submitted batch from index 410500 to 411000
2025-04-21 15:15:18.865  INFO 11356 --- [scheduling-1] com.indusind.scheduler.SchedulingClass   : Submitted batch from index 411000 to 411500
2025-04-21 15:15:18.865  INFO 11356 --- [scheduling-1] com.indusind.scheduler.SchedulingClass   : Submitted batch from index 411500 to 412000
2025-04-21 15:15:18.865  INFO 11356 --- [scheduling-1] com.indusind.scheduler.SchedulingClass   : Submitted batch from index 412000 to 412500
2025-04-21 15:15:18.865  INFO 11356 --- [scheduling-1] com.indusind.scheduler.SchedulingClass   : Submitted batch from index 412500 to 413000
2025-04-21 15:15:18.865  INFO 11356 --- [scheduling-1] com.indusind.scheduler.SchedulingClass   : Submitted batch from index 413000 to 413500
2025-04-21 15:15:18.865  INFO 11356 --- [scheduling-1] com.indusind.scheduler.SchedulingClass   : Submitted batch from index 413500 to 414000
2025-04-21 15:15:18.865  INFO 11356 --- [scheduling-1] com.indusind.scheduler.SchedulingClass   : Submitted batch from index 414000 to 414500
2025-04-21 15:15:18.865  INFO 11356 --- [scheduling-1] com.indusind.scheduler.SchedulingClass   : Submitted batch from index 414500 to 415000
2025-04-21 15:15:18.865  INFO 11356 --- [scheduling-1] com.indusind.scheduler.SchedulingClass   : Submitted batch from index 415000 to 415500
2025-04-21 15:15:18.865  INFO 11356 --- [scheduling-1] com.indusind.scheduler.SchedulingClass   : Submitted batch from index 415500 to 416000
2025-04-21 15:15:18.865  INFO 11356 --- [scheduling-1] com.indusind.scheduler.SchedulingClass   : Submitted batch from index 416000 to 416500
2025-04-21 15:15:18.865  INFO 11356 --- [scheduling-1] com.indusind.scheduler.SchedulingClass   : Submitted batch from index 416500 to 417000
2025-04-21 15:15:18.865  INFO 11356 --- [scheduling-1] com.indusind.scheduler.SchedulingClass   : Submitted batch from index 417000 to 417500
2025-04-21 15:15:18.866  INFO 11356 --- [scheduling-1] com.indusind.scheduler.SchedulingClass   : Submitted batch from index 417500 to 418000
2025-04-21 15:15:18.866  INFO 11356 --- [scheduling-1] com.indusind.scheduler.SchedulingClass   : Submitted batch from index 418000 to 418500
2025-04-21 15:15:18.866  INFO 11356 --- [scheduling-1] com.indusind.scheduler.SchedulingClass   : Submitted batch from index 418500 to 419000
2025-04-21 15:15:18.866  INFO 11356 --- [scheduling-1] com.indusind.scheduler.SchedulingClass   : Submitted batch from index 419000 to 419500
2025-04-21 15:15:18.866  INFO 11356 --- [scheduling-1] com.indusind.scheduler.SchedulingClass   : Submitted batch from index 419500 to 420000
2025-04-21 15:15:18.867  INFO 11356 --- [scheduling-1] com.indusind.scheduler.SchedulingClass   : Submitted batch from index 420000 to 420500
2025-04-21 15:15:18.867  INFO 11356 --- [scheduling-1] com.indusind.scheduler.SchedulingClass   : Submitted batch from index 420500 to 421000
2025-04-21 15:15:18.867  INFO 11356 --- [scheduling-1] com.indusind.scheduler.SchedulingClass   : Submitted batch from index 421000 to 421500
2025-04-21 15:15:18.867  INFO 11356 --- [scheduling-1] com.indusind.scheduler.SchedulingClass   : Submitted batch from index 421500 to 422000
2025-04-21 15:15:18.867  INFO 11356 --- [scheduling-1] com.indusind.scheduler.SchedulingClass   : Submitted batch from index 422000 to 422500
2025-04-21 15:15:18.867  INFO 11356 --- [scheduling-1] com.indusind.scheduler.SchedulingClass   : Submitted batch from index 422500 to 423000
2025-04-21 15:15:18.867  INFO 11356 --- [scheduling-1] com.indusind.scheduler.SchedulingClass   : Submitted batch from index 423000 to 423500
2025-04-21 15:15:18.867  INFO 11356 --- [scheduling-1] com.indusind.scheduler.SchedulingClass   : Submitted batch from index 423500 to 424000
2025-04-21 15:15:18.867  INFO 11356 --- [scheduling-1] com.indusind.scheduler.SchedulingClass   : Submitted batch from index 424000 to 424500
2025-04-21 15:15:18.867  INFO 11356 --- [scheduling-1] com.indusind.scheduler.SchedulingClass   : Submitted batch from index 424500 to 425000
2025-04-21 15:15:18.867  INFO 11356 --- [scheduling-1] com.indusind.scheduler.SchedulingClass   : Submitted batch from index 425000 to 425500
2025-04-21 15:15:18.867  INFO 11356 --- [scheduling-1] com.indusind.scheduler.SchedulingClass   : Submitted batch from index 425500 to 426000
2025-04-21 15:15:18.867  INFO 11356 --- [scheduling-1] com.indusind.scheduler.SchedulingClass   : Submitted batch from index 426000 to 426500
2025-04-21 15:15:18.867  INFO 11356 --- [scheduling-1] com.indusind.scheduler.SchedulingClass   : Submitted batch from index 426500 to 427000
2025-04-21 15:15:18.867  INFO 11356 --- [scheduling-1] com.indusind.scheduler.SchedulingClass   : Submitted batch from index 427000 to 427500
2025-04-21 15:15:18.867  INFO 11356 --- [scheduling-1] com.indusind.scheduler.SchedulingClass   : Submitted batch from index 427500 to 428000
2025-04-21 15:15:18.867  INFO 11356 --- [scheduling-1] com.indusind.scheduler.SchedulingClass   : Submitted batch from index 428000 to 428500
2025-04-21 15:15:18.867  INFO 11356 --- [scheduling-1] com.indusind.scheduler.SchedulingClass   : Submitted batch from index 428500 to 429000
2025-04-21 15:15:18.867  INFO 11356 --- [scheduling-1] com.indusind.scheduler.SchedulingClass   : Submitted batch from index 429000 to 429500
2025-04-21 15:15:18.867  INFO 11356 --- [scheduling-1] com.indusind.scheduler.SchedulingClass   : Submitted batch from index 429500 to 430000
2025-04-21 15:15:18.867  INFO 11356 --- [scheduling-1] com.indusind.scheduler.SchedulingClass   : Submitted batch from index 430000 to 430500
2025-04-21 15:15:18.867  INFO 11356 --- [scheduling-1] com.indusind.scheduler.SchedulingClass   : Submitted batch from index 430500 to 431000
2025-04-21 15:15:18.867  INFO 11356 --- [scheduling-1] com.indusind.scheduler.SchedulingClass   : Submitted batch from index 431000 to 431500
2025-04-21 15:15:18.867  INFO 11356 --- [scheduling-1] com.indusind.scheduler.SchedulingClass   : Submitted batch from index 431500 to 432000
2025-04-21 15:15:18.867  INFO 11356 --- [scheduling-1] com.indusind.scheduler.SchedulingClass   : Submitted batch from index 432000 to 432500
2025-04-21 15:15:18.867  INFO 11356 --- [scheduling-1] com.indusind.scheduler.SchedulingClass   : Submitted batch from index 432500 to 433000
2025-04-21 15:15:18.867  INFO 11356 --- [scheduling-1] com.indusind.scheduler.SchedulingClass   : Submitted batch from index 433000 to 433500
2025-04-21 15:15:18.867  INFO 11356 --- [scheduling-1] com.indusind.scheduler.SchedulingClass   : Submitted batch from index 433500 to 434000
2025-04-21 15:15:18.867  INFO 11356 --- [scheduling-1] com.indusind.scheduler.SchedulingClass   : Submitted batch from index 434000 to 434500
2025-04-21 15:15:18.867  INFO 11356 --- [scheduling-1] com.indusind.scheduler.SchedulingClass   : Submitted batch from index 434500 to 435000
2025-04-21 15:15:18.867  INFO 11356 --- [scheduling-1] com.indusind.scheduler.SchedulingClass   : Submitted batch from index 435000 to 435500
2025-04-21 15:15:18.867  INFO 11356 --- [scheduling-1] com.indusind.scheduler.SchedulingClass   : Submitted batch from index 435500 to 436000
2025-04-21 15:15:18.867  INFO 11356 --- [scheduling-1] com.indusind.scheduler.SchedulingClass   : Submitted batch from index 436000 to 436500
2025-04-21 15:15:18.867  INFO 11356 --- [scheduling-1] com.indusind.scheduler.SchedulingClass   : Submitted batch from index 436500 to 437000
2025-04-21 15:15:18.867  INFO 11356 --- [scheduling-1] com.indusind.scheduler.SchedulingClass   : Submitted batch from index 437000 to 437500
2025-04-21 15:15:18.867  INFO 11356 --- [scheduling-1] com.indusind.scheduler.SchedulingClass   : Submitted batch from index 437500 to 438000
2025-04-21 15:15:18.867  INFO 11356 --- [scheduling-1] com.indusind.scheduler.SchedulingClass   : Submitted batch from index 438000 to 438500
2025-04-21 15:15:18.867  INFO 11356 --- [scheduling-1] com.indusind.scheduler.SchedulingClass   : Submitted batch from index 438500 to 439000
2025-04-21 15:15:18.867  INFO 11356 --- [scheduling-1] com.indusind.scheduler.SchedulingClass   : Submitted batch from index 439000 to 439500
2025-04-21 15:15:18.867  INFO 11356 --- [scheduling-1] com.indusind.scheduler.SchedulingClass   : Submitted batch from index 439500 to 440000
2025-04-21 15:15:18.867  INFO 11356 --- [scheduling-1] com.indusind.scheduler.SchedulingClass   : Submitted batch from index 440000 to 440500
2025-04-21 15:15:18.867  INFO 11356 --- [scheduling-1] com.indusind.scheduler.SchedulingClass   : Submitted batch from index 440500 to 441000
2025-04-21 15:15:18.867  INFO 11356 --- [scheduling-1] com.indusind.scheduler.SchedulingClass   : Submitted batch from index 441000 to 441500
2025-04-21 15:15:18.867  INFO 11356 --- [scheduling-1] com.indusind.scheduler.SchedulingClass   : Submitted batch from index 441500 to 442000
2025-04-21 15:15:18.867  INFO 11356 --- [scheduling-1] com.indusind.scheduler.SchedulingClass   : Submitted batch from index 442000 to 442500
2025-04-21 15:15:18.867  INFO 11356 --- [scheduling-1] com.indusind.scheduler.SchedulingClass   : Submitted batch from index 442500 to 443000
2025-04-21 15:15:18.867  INFO 11356 --- [scheduling-1] com.indusind.scheduler.SchedulingClass   : Submitted batch from index 443000 to 443500
2025-04-21 15:15:18.867  INFO 11356 --- [scheduling-1] com.indusind.scheduler.SchedulingClass   : Submitted batch from index 443500 to 444000
2025-04-21 15:15:18.867  INFO 11356 --- [scheduling-1] com.indusind.scheduler.SchedulingClass   : Submitted batch from index 444000 to 444500
2025-04-21 15:15:18.867  INFO 11356 --- [scheduling-1] com.indusind.scheduler.SchedulingClass   : Submitted batch from index 444500 to 445000
2025-04-21 15:15:18.867  INFO 11356 --- [scheduling-1] com.indusind.scheduler.SchedulingClass   : Submitted batch from index 445000 to 445500
2025-04-21 15:15:18.867  INFO 11356 --- [scheduling-1] com.indusind.scheduler.SchedulingClass   : Submitted batch from index 445500 to 446000
2025-04-21 15:15:18.867  INFO 11356 --- [scheduling-1] com.indusind.scheduler.SchedulingClass   : Submitted batch from index 446000 to 446500
2025-04-21 15:15:18.867  INFO 11356 --- [scheduling-1] com.indusind.scheduler.SchedulingClass   : Submitted batch from index 446500 to 447000
2025-04-21 15:15:18.867  INFO 11356 --- [scheduling-1] com.indusind.scheduler.SchedulingClass   : Submitted batch from index 447000 to 447500
2025-04-21 15:15:18.867  INFO 11356 --- [scheduling-1] com.indusind.scheduler.SchedulingClass   : Submitted batch from index 447500 to 448000
2025-04-21 15:15:18.867  INFO 11356 --- [scheduling-1] com.indusind.scheduler.SchedulingClass   : Submitted batch from index 448000 to 448500
2025-04-21 15:15:18.867  INFO 11356 --- [scheduling-1] com.indusind.scheduler.SchedulingClass   : Submitted batch from index 448500 to 449000
2025-04-21 15:15:18.867  INFO 11356 --- [scheduling-1] com.indusind.scheduler.SchedulingClass   : Submitted batch from index 449000 to 449500
2025-04-21 15:15:18.867  INFO 11356 --- [scheduling-1] com.indusind.scheduler.SchedulingClass   : Submitted batch from index 449500 to 450000
2025-04-21 15:15:18.867  INFO 11356 --- [scheduling-1] com.indusind.scheduler.SchedulingClass   : Submitted batch from index 450000 to 450500
2025-04-21 15:15:18.867  INFO 11356 --- [scheduling-1] com.indusind.scheduler.SchedulingClass   : Submitted batch from index 450500 to 451000
2025-04-21 15:15:18.867  INFO 11356 --- [scheduling-1] com.indusind.scheduler.SchedulingClass   : Submitted batch from index 451000 to 451500
2025-04-21 15:15:18.867  INFO 11356 --- [scheduling-1] com.indusind.scheduler.SchedulingClass   : Submitted batch from index 451500 to 452000
2025-04-21 15:15:18.867  INFO 11356 --- [scheduling-1] com.indusind.scheduler.SchedulingClass   : Submitted batch from index 452000 to 452500
2025-04-21 15:15:18.867  INFO 11356 --- [scheduling-1] com.indusind.scheduler.SchedulingClass   : Submitted batch from index 452500 to 453000
2025-04-21 15:15:18.867  INFO 11356 --- [scheduling-1] com.indusind.scheduler.SchedulingClass   : Submitted batch from index 453000 to 453500
2025-04-21 15:15:18.867  INFO 11356 --- [scheduling-1] com.indusind.scheduler.SchedulingClass   : Submitted batch from index 453500 to 454000
2025-04-21 15:15:18.867  INFO 11356 --- [scheduling-1] com.indusind.scheduler.SchedulingClass   : Submitted batch from index 454000 to 454500
2025-04-21 15:15:18.867  INFO 11356 --- [scheduling-1] com.indusind.scheduler.SchedulingClass   : Submitted batch from index 454500 to 455000
2025-04-21 15:15:18.868  INFO 11356 --- [scheduling-1] com.indusind.scheduler.SchedulingClass   : Submitted batch from index 455000 to 455500
2025-04-21 15:15:18.868  INFO 11356 --- [scheduling-1] com.indusind.scheduler.SchedulingClass   : Submitted batch from index 455500 to 456000
2025-04-21 15:15:18.868  INFO 11356 --- [scheduling-1] com.indusind.scheduler.SchedulingClass   : Submitted batch from index 456000 to 456500
2025-04-21 15:15:18.868  INFO 11356 --- [scheduling-1] com.indusind.scheduler.SchedulingClass   : Submitted batch from index 456500 to 457000
2025-04-21 15:15:18.868  INFO 11356 --- [scheduling-1] com.indusind.scheduler.SchedulingClass   : Submitted batch from index 457000 to 457500
2025-04-21 15:15:18.868  INFO 11356 --- [scheduling-1] com.indusind.scheduler.SchedulingClass   : Submitted batch from index 457500 to 458000
2025-04-21 15:15:18.868  INFO 11356 --- [scheduling-1] com.indusind.scheduler.SchedulingClass   : Submitted batch from index 458000 to 458500
2025-04-21 15:15:18.868  INFO 11356 --- [scheduling-1] com.indusind.scheduler.SchedulingClass   : Submitted batch from index 458500 to 459000
2025-04-21 15:15:18.868  INFO 11356 --- [scheduling-1] com.indusind.scheduler.SchedulingClass   : Submitted batch from index 459000 to 459500
2025-04-21 15:15:18.868  INFO 11356 --- [scheduling-1] com.indusind.scheduler.SchedulingClass   : Submitted batch from index 459500 to 460000
2025-04-21 15:15:18.868  INFO 11356 --- [scheduling-1] com.indusind.scheduler.SchedulingClass   : Submitted batch from index 460000 to 460500
2025-04-21 15:15:18.868  INFO 11356 --- [scheduling-1] com.indusind.scheduler.SchedulingClass   : Submitted batch from index 460500 to 461000
2025-04-21 15:15:18.868  INFO 11356 --- [scheduling-1] com.indusind.scheduler.SchedulingClass   : Submitted batch from index 461000 to 461500
2025-04-21 15:15:18.868  INFO 11356 --- [scheduling-1] com.indusind.scheduler.SchedulingClass   : Submitted batch from index 461500 to 462000
2025-04-21 15:15:18.868  INFO 11356 --- [scheduling-1] com.indusind.scheduler.SchedulingClass   : Submitted batch from index 462000 to 462500
2025-04-21 15:15:18.868  INFO 11356 --- [scheduling-1] com.indusind.scheduler.SchedulingClass   : Submitted batch from index 462500 to 463000
2025-04-21 15:15:18.868  INFO 11356 --- [scheduling-1] com.indusind.scheduler.SchedulingClass   : Submitted batch from index 463000 to 463500
2025-04-21 15:15:18.868  INFO 11356 --- [scheduling-1] com.indusind.scheduler.SchedulingClass   : Submitted batch from index 463500 to 464000
2025-04-21 15:15:18.868  INFO 11356 --- [scheduling-1] com.indusind.scheduler.SchedulingClass   : Submitted batch from index 464000 to 464500
2025-04-21 15:15:18.868  INFO 11356 --- [scheduling-1] com.indusind.scheduler.SchedulingClass   : Submitted batch from index 464500 to 465000
2025-04-21 15:15:18.868  INFO 11356 --- [scheduling-1] com.indusind.scheduler.SchedulingClass   : Submitted batch from index 465000 to 465500
2025-04-21 15:15:18.868  INFO 11356 --- [scheduling-1] com.indusind.scheduler.SchedulingClass   : Submitted batch from index 465500 to 466000
2025-04-21 15:15:18.868  INFO 11356 --- [scheduling-1] com.indusind.scheduler.SchedulingClass   : Submitted batch from index 466000 to 466500
2025-04-21 15:15:18.868  INFO 11356 --- [scheduling-1] com.indusind.scheduler.SchedulingClass   : Submitted batch from index 466500 to 467000
2025-04-21 15:15:18.868  INFO 11356 --- [scheduling-1] com.indusind.scheduler.SchedulingClass   : Submitted batch from index 467000 to 467500
2025-04-21 15:15:18.868  INFO 11356 --- [scheduling-1] com.indusind.scheduler.SchedulingClass   : Submitted batch from index 467500 to 468000
2025-04-21 15:15:18.868  INFO 11356 --- [scheduling-1] com.indusind.scheduler.SchedulingClass   : Submitted batch from index 468000 to 468500
2025-04-21 15:15:18.868  INFO 11356 --- [scheduling-1] com.indusind.scheduler.SchedulingClass   : Submitted batch from index 468500 to 469000
2025-04-21 15:15:18.868  INFO 11356 --- [scheduling-1] com.indusind.scheduler.SchedulingClass   : Submitted batch from index 469000 to 469500
2025-04-21 15:15:18.868  INFO 11356 --- [scheduling-1] com.indusind.scheduler.SchedulingClass   : Submitted batch from index 469500 to 470000
2025-04-21 15:15:18.868  INFO 11356 --- [scheduling-1] com.indusind.scheduler.SchedulingClass   : Submitted batch from index 470000 to 470500
2025-04-21 15:15:18.868  INFO 11356 --- [scheduling-1] com.indusind.scheduler.SchedulingClass   : Submitted batch from index 470500 to 471000
2025-04-21 15:15:18.868  INFO 11356 --- [scheduling-1] com.indusind.scheduler.SchedulingClass   : Submitted batch from index 471000 to 471500
2025-04-21 15:15:18.868  INFO 11356 --- [scheduling-1] com.indusind.scheduler.SchedulingClass   : Submitted batch from index 471500 to 472000
2025-04-21 15:15:18.868  INFO 11356 --- [scheduling-1] com.indusind.scheduler.SchedulingClass   : Submitted batch from index 472000 to 472500
2025-04-21 15:15:18.868  INFO 11356 --- [scheduling-1] com.indusind.scheduler.SchedulingClass   : Submitted batch from index 472500 to 473000
2025-04-21 15:15:18.868  INFO 11356 --- [scheduling-1] com.indusind.scheduler.SchedulingClass   : Submitted batch from index 473000 to 473500
2025-04-21 15:15:18.868  INFO 11356 --- [scheduling-1] com.indusind.scheduler.SchedulingClass   : Submitted batch from index 473500 to 474000
2025-04-21 15:15:18.869  INFO 11356 --- [scheduling-1] com.indusind.scheduler.SchedulingClass   : Submitted batch from index 474000 to 474500
2025-04-21 15:15:18.869  INFO 11356 --- [scheduling-1] com.indusind.scheduler.SchedulingClass   : Submitted batch from index 474500 to 475000
2025-04-21 15:15:18.869  INFO 11356 --- [scheduling-1] com.indusind.scheduler.SchedulingClass   : Submitted batch from index 475000 to 475500
2025-04-21 15:15:18.869  INFO 11356 --- [scheduling-1] com.indusind.scheduler.SchedulingClass   : Submitted batch from index 475500 to 476000
2025-04-21 15:15:18.869  INFO 11356 --- [scheduling-1] com.indusind.scheduler.SchedulingClass   : Submitted batch from index 476000 to 476500
2025-04-21 15:15:18.869  INFO 11356 --- [scheduling-1] com.indusind.scheduler.SchedulingClass   : Submitted batch from index 476500 to 477000
2025-04-21 15:15:18.869  INFO 11356 --- [scheduling-1] com.indusind.scheduler.SchedulingClass   : Submitted batch from index 477000 to 477500
2025-04-21 15:15:18.869  INFO 11356 --- [scheduling-1] com.indusind.scheduler.SchedulingClass   : Submitted batch from index 477500 to 478000
2025-04-21 15:15:18.869  INFO 11356 --- [scheduling-1] com.indusind.scheduler.SchedulingClass   : Submitted batch from index 478000 to 478500
2025-04-21 15:15:18.869  INFO 11356 --- [scheduling-1] com.indusind.scheduler.SchedulingClass   : Submitted batch from index 478500 to 479000
2025-04-21 15:15:18.869  INFO 11356 --- [scheduling-1] com.indusind.scheduler.SchedulingClass   : Submitted batch from index 479000 to 479500
2025-04-21 15:15:18.869  INFO 11356 --- [scheduling-1] com.indusind.scheduler.SchedulingClass   : Submitted batch from index 479500 to 480000
2025-04-21 15:15:18.869  INFO 11356 --- [scheduling-1] com.indusind.scheduler.SchedulingClass   : Submitted batch from index 480000 to 480500
2025-04-21 15:15:18.869  INFO 11356 --- [scheduling-1] com.indusind.scheduler.SchedulingClass   : Submitted batch from index 480500 to 481000
2025-04-21 15:15:18.869  INFO 11356 --- [scheduling-1] com.indusind.scheduler.SchedulingClass   : Submitted batch from index 481000 to 481500
2025-04-21 15:15:18.869  INFO 11356 --- [scheduling-1] com.indusind.scheduler.SchedulingClass   : Submitted batch from index 481500 to 482000
2025-04-21 15:15:18.869  INFO 11356 --- [scheduling-1] com.indusind.scheduler.SchedulingClass   : Submitted batch from index 482000 to 482500
2025-04-21 15:15:18.869  INFO 11356 --- [scheduling-1] com.indusind.scheduler.SchedulingClass   : Submitted batch from index 482500 to 483000
2025-04-21 15:15:18.869  INFO 11356 --- [scheduling-1] com.indusind.scheduler.SchedulingClass   : Submitted batch from index 483000 to 483500
2025-04-21 15:15:18.869  INFO 11356 --- [scheduling-1] com.indusind.scheduler.SchedulingClass   : Submitted batch from index 483500 to 484000
2025-04-21 15:15:18.869  INFO 11356 --- [scheduling-1] com.indusind.scheduler.SchedulingClass   : Submitted batch from index 484000 to 484500
2025-04-21 15:15:18.869  INFO 11356 --- [scheduling-1] com.indusind.scheduler.SchedulingClass   : Submitted batch from index 484500 to 485000
2025-04-21 15:15:18.869  INFO 11356 --- [scheduling-1] com.indusind.scheduler.SchedulingClass   : Submitted batch from index 485000 to 485500
2025-04-21 15:15:18.869  INFO 11356 --- [scheduling-1] com.indusind.scheduler.SchedulingClass   : Submitted batch from index 485500 to 486000
2025-04-21 15:15:18.869  INFO 11356 --- [scheduling-1] com.indusind.scheduler.SchedulingClass   : Submitted batch from index 486000 to 486500
2025-04-21 15:15:18.869  INFO 11356 --- [scheduling-1] com.indusind.scheduler.SchedulingClass   : Submitted batch from index 486500 to 487000
2025-04-21 15:15:18.869  INFO 11356 --- [scheduling-1] com.indusind.scheduler.SchedulingClass   : Submitted batch from index 487000 to 487500
2025-04-21 15:15:18.869  INFO 11356 --- [scheduling-1] com.indusind.scheduler.SchedulingClass   : Submitted batch from index 487500 to 488000
2025-04-21 15:15:18.869  INFO 11356 --- [scheduling-1] com.indusind.scheduler.SchedulingClass   : Submitted batch from index 488000 to 488500
2025-04-21 15:15:18.869  INFO 11356 --- [scheduling-1] com.indusind.scheduler.SchedulingClass   : Submitted batch from index 488500 to 489000
2025-04-21 15:15:18.869  INFO 11356 --- [scheduling-1] com.indusind.scheduler.SchedulingClass   : Submitted batch from index 489000 to 489500
2025-04-21 15:15:18.869  INFO 11356 --- [scheduling-1] com.indusind.scheduler.SchedulingClass   : Submitted batch from index 489500 to 490000
2025-04-21 15:15:18.869  INFO 11356 --- [scheduling-1] com.indusind.scheduler.SchedulingClass   : Submitted batch from index 490000 to 490500
2025-04-21 15:15:18.869  INFO 11356 --- [scheduling-1] com.indusind.scheduler.SchedulingClass   : Submitted batch from index 490500 to 491000
2025-04-21 15:15:18.869  INFO 11356 --- [scheduling-1] com.indusind.scheduler.SchedulingClass   : Submitted batch from index 491000 to 491500
2025-04-21 15:15:18.869  INFO 11356 --- [scheduling-1] com.indusind.scheduler.SchedulingClass   : Submitted batch from index 491500 to 492000
2025-04-21 15:15:18.869  INFO 11356 --- [scheduling-1] com.indusind.scheduler.SchedulingClass   : Submitted batch from index 492000 to 492500
2025-04-21 15:15:18.869  INFO 11356 --- [scheduling-1] com.indusind.scheduler.SchedulingClass   : Submitted batch from index 492500 to 493000
2025-04-21 15:15:18.869  INFO 11356 --- [scheduling-1] com.indusind.scheduler.SchedulingClass   : Submitted batch from index 493000 to 493500
2025-04-21 15:15:18.869  INFO 11356 --- [scheduling-1] com.indusind.scheduler.SchedulingClass   : Submitted batch from index 493500 to 494000
2025-04-21 15:15:18.869  INFO 11356 --- [scheduling-1] com.indusind.scheduler.SchedulingClass   : Submitted batch from index 494000 to 494500
2025-04-21 15:15:18.869  INFO 11356 --- [scheduling-1] com.indusind.scheduler.SchedulingClass   : Submitted batch from index 494500 to 495000
2025-04-21 15:15:18.869  INFO 11356 --- [scheduling-1] com.indusind.scheduler.SchedulingClass   : Submitted batch from index 495000 to 495500
2025-04-21 15:15:18.870  INFO 11356 --- [scheduling-1] com.indusind.scheduler.SchedulingClass   : Submitted batch from index 495500 to 496000
2025-04-21 15:15:18.870  INFO 11356 --- [scheduling-1] com.indusind.scheduler.SchedulingClass   : Submitted batch from index 496000 to 496500
2025-04-21 15:15:18.870  INFO 11356 --- [scheduling-1] com.indusind.scheduler.SchedulingClass   : Submitted batch from index 496500 to 497000
2025-04-21 15:15:18.870  INFO 11356 --- [scheduling-1] com.indusind.scheduler.SchedulingClass   : Submitted batch from index 497000 to 497500
2025-04-21 15:15:18.870  INFO 11356 --- [scheduling-1] com.indusind.scheduler.SchedulingClass   : Submitted batch from index 497500 to 498000
2025-04-21 15:15:18.870  INFO 11356 --- [scheduling-1] com.indusind.scheduler.SchedulingClass   : Submitted batch from index 498000 to 498500
2025-04-21 15:15:18.870  INFO 11356 --- [scheduling-1] com.indusind.scheduler.SchedulingClass   : Submitted batch from index 498500 to 499000
2025-04-21 15:15:18.870  INFO 11356 --- [scheduling-1] com.indusind.scheduler.SchedulingClass   : Submitted batch from index 499000 to 499500
2025-04-21 15:15:18.870  INFO 11356 --- [scheduling-1] com.indusind.scheduler.SchedulingClass   : Submitted batch from index 499500 to 500000
2025-04-21 15:15:18.870  INFO 11356 --- [scheduling-1] com.indusind.scheduler.SchedulingClass   : Submitted batch from index 500000 to 500500
2025-04-21 15:15:18.870  INFO 11356 --- [scheduling-1] com.indusind.scheduler.SchedulingClass   : Submitted batch from index 500500 to 501000
2025-04-21 15:15:18.870  INFO 11356 --- [scheduling-1] com.indusind.scheduler.SchedulingClass   : Submitted batch from index 501000 to 501500
2025-04-21 15:15:18.870  INFO 11356 --- [scheduling-1] com.indusind.scheduler.SchedulingClass   : Submitted batch from index 501500 to 502000
2025-04-21 15:15:18.870  INFO 11356 --- [scheduling-1] com.indusind.scheduler.SchedulingClass   : Submitted batch from index 502000 to 502500
2025-04-21 15:15:18.870  INFO 11356 --- [scheduling-1] com.indusind.scheduler.SchedulingClass   : Submitted batch from index 502500 to 503000
2025-04-21 15:15:18.870  INFO 11356 --- [scheduling-1] com.indusind.scheduler.SchedulingClass   : Submitted batch from index 503000 to 503500
2025-04-21 15:15:18.870  INFO 11356 --- [scheduling-1] com.indusind.scheduler.SchedulingClass   : Submitted batch from index 503500 to 504000
2025-04-21 15:15:18.871  INFO 11356 --- [scheduling-1] com.indusind.scheduler.SchedulingClass   : Submitted batch from index 504000 to 504500
2025-04-21 15:15:18.871  INFO 11356 --- [scheduling-1] com.indusind.scheduler.SchedulingClass   : Submitted batch from index 504500 to 505000
2025-04-21 15:15:18.871  INFO 11356 --- [scheduling-1] com.indusind.scheduler.SchedulingClass   : Submitted batch from index 505000 to 505500
2025-04-21 15:15:18.871  INFO 11356 --- [scheduling-1] com.indusind.scheduler.SchedulingClass   : Submitted batch from index 505500 to 506000
2025-04-21 15:15:18.871  INFO 11356 --- [scheduling-1] com.indusind.scheduler.SchedulingClass   : Submitted batch from index 506000 to 506500
2025-04-21 15:15:18.871  INFO 11356 --- [scheduling-1] com.indusind.scheduler.SchedulingClass   : Submitted batch from index 506500 to 507000
2025-04-21 15:15:18.871  INFO 11356 --- [scheduling-1] com.indusind.scheduler.SchedulingClass   : Submitted batch from index 507000 to 507500
2025-04-21 15:15:18.871  INFO 11356 --- [scheduling-1] com.indusind.scheduler.SchedulingClass   : Submitted batch from index 507500 to 508000
2025-04-21 15:15:18.871  INFO 11356 --- [scheduling-1] com.indusind.scheduler.SchedulingClass   : Submitted batch from index 508000 to 508500
2025-04-21 15:15:18.871  INFO 11356 --- [scheduling-1] com.indusind.scheduler.SchedulingClass   : Submitted batch from index 508500 to 509000
2025-04-21 15:15:18.871  INFO 11356 --- [scheduling-1] com.indusind.scheduler.SchedulingClass   : Submitted batch from index 509000 to 509500
2025-04-21 15:15:18.871  INFO 11356 --- [scheduling-1] com.indusind.scheduler.SchedulingClass   : Submitted batch from index 509500 to 510000
2025-04-21 15:15:18.871  INFO 11356 --- [scheduling-1] com.indusind.scheduler.SchedulingClass   : Submitted batch from index 510000 to 510500
2025-04-21 15:15:18.871  INFO 11356 --- [scheduling-1] com.indusind.scheduler.SchedulingClass   : Submitted batch from index 510500 to 511000
2025-04-21 15:15:18.871  INFO 11356 --- [scheduling-1] com.indusind.scheduler.SchedulingClass   : Submitted batch from index 511000 to 511500
2025-04-21 15:15:18.871  INFO 11356 --- [scheduling-1] com.indusind.scheduler.SchedulingClass   : Submitted batch from index 511500 to 512000
2025-04-21 15:15:18.871  INFO 11356 --- [scheduling-1] com.indusind.scheduler.SchedulingClass   : Submitted batch from index 512000 to 512500
2025-04-21 15:15:18.871  INFO 11356 --- [scheduling-1] com.indusind.scheduler.SchedulingClass   : Submitted batch from index 512500 to 513000
2025-04-21 15:15:18.871  INFO 11356 --- [scheduling-1] com.indusind.scheduler.SchedulingClass   : Submitted batch from index 513000 to 513500
2025-04-21 15:15:18.871  INFO 11356 --- [scheduling-1] com.indusind.scheduler.SchedulingClass   : Submitted batch from index 513500 to 514000
2025-04-21 15:15:18.871  INFO 11356 --- [scheduling-1] com.indusind.scheduler.SchedulingClass   : Submitted batch from index 514000 to 514500
2025-04-21 15:15:18.871  INFO 11356 --- [scheduling-1] com.indusind.scheduler.SchedulingClass   : Submitted batch from index 514500 to 515000
2025-04-21 15:15:18.871  INFO 11356 --- [scheduling-1] com.indusind.scheduler.SchedulingClass   : Submitted batch from index 515000 to 515500
2025-04-21 15:15:18.871  INFO 11356 --- [scheduling-1] com.indusind.scheduler.SchedulingClass   : Submitted batch from index 515500 to 516000
2025-04-21 15:15:18.872  INFO 11356 --- [scheduling-1] com.indusind.scheduler.SchedulingClass   : Submitted batch from index 516000 to 516500
2025-04-21 15:15:18.872  INFO 11356 --- [scheduling-1] com.indusind.scheduler.SchedulingClass   : Submitted batch from index 516500 to 517000
2025-04-21 15:15:18.872  INFO 11356 --- [scheduling-1] com.indusind.scheduler.SchedulingClass   : Submitted batch from index 517000 to 517500
2025-04-21 15:15:18.872  INFO 11356 --- [scheduling-1] com.indusind.scheduler.SchedulingClass   : Submitted batch from index 517500 to 518000
2025-04-21 15:15:18.872  INFO 11356 --- [scheduling-1] com.indusind.scheduler.SchedulingClass   : Submitted batch from index 518000 to 518500
2025-04-21 15:15:18.872  INFO 11356 --- [scheduling-1] com.indusind.scheduler.SchedulingClass   : Submitted batch from index 518500 to 519000
2025-04-21 15:15:18.872  INFO 11356 --- [scheduling-1] com.indusind.scheduler.SchedulingClass   : Submitted batch from index 519000 to 519500
2025-04-21 15:15:18.872  INFO 11356 --- [scheduling-1] com.indusind.scheduler.SchedulingClass   : Submitted batch from index 519500 to 520000
2025-04-21 15:15:18.872  INFO 11356 --- [scheduling-1] com.indusind.scheduler.SchedulingClass   : Submitted batch from index 520000 to 520500
2025-04-21 15:15:18.872  INFO 11356 --- [scheduling-1] com.indusind.scheduler.SchedulingClass   : Submitted batch from index 520500 to 521000
2025-04-21 15:15:18.872  INFO 11356 --- [scheduling-1] com.indusind.scheduler.SchedulingClass   : Submitted batch from index 521000 to 521500
2025-04-21 15:15:18.872  INFO 11356 --- [scheduling-1] com.indusind.scheduler.SchedulingClass   : Submitted batch from index 521500 to 522000
2025-04-21 15:15:18.872  INFO 11356 --- [scheduling-1] com.indusind.scheduler.SchedulingClass   : Submitted batch from index 522000 to 522500
2025-04-21 15:15:18.872  INFO 11356 --- [scheduling-1] com.indusind.scheduler.SchedulingClass   : Submitted batch from index 522500 to 523000
2025-04-21 15:15:18.872  INFO 11356 --- [scheduling-1] com.indusind.scheduler.SchedulingClass   : Submitted batch from index 523000 to 523500
2025-04-21 15:15:18.872  INFO 11356 --- [scheduling-1] com.indusind.scheduler.SchedulingClass   : Submitted batch from index 523500 to 524000
2025-04-21 15:15:18.872  INFO 11356 --- [scheduling-1] com.indusind.scheduler.SchedulingClass   : Submitted batch from index 524000 to 524500
2025-04-21 15:15:18.872  INFO 11356 --- [scheduling-1] com.indusind.scheduler.SchedulingClass   : Submitted batch from index 524500 to 525000
2025-04-21 15:15:18.872  INFO 11356 --- [scheduling-1] com.indusind.scheduler.SchedulingClass   : Submitted batch from index 525000 to 525500
2025-04-21 15:15:18.872  INFO 11356 --- [scheduling-1] com.indusind.scheduler.SchedulingClass   : Submitted batch from index 525500 to 526000
2025-04-21 15:15:18.872  INFO 11356 --- [scheduling-1] com.indusind.scheduler.SchedulingClass   : Submitted batch from index 526000 to 526500
2025-04-21 15:15:18.872  INFO 11356 --- [scheduling-1] com.indusind.scheduler.SchedulingClass   : Submitted batch from index 526500 to 527000
2025-04-21 15:15:18.872  INFO 11356 --- [scheduling-1] com.indusind.scheduler.SchedulingClass   : Submitted batch from index 527000 to 527500
2025-04-21 15:15:18.872  INFO 11356 --- [scheduling-1] com.indusind.scheduler.SchedulingClass   : Submitted batch from index 527500 to 528000
2025-04-21 15:15:18.873  INFO 11356 --- [scheduling-1] com.indusind.scheduler.SchedulingClass   : Submitted batch from index 528000 to 528500
2025-04-21 15:15:18.873  INFO 11356 --- [scheduling-1] com.indusind.scheduler.SchedulingClass   : Submitted batch from index 528500 to 529000
2025-04-21 15:15:18.873  INFO 11356 --- [scheduling-1] com.indusind.scheduler.SchedulingClass   : Submitted batch from index 529000 to 529500
2025-04-21 15:15:18.873  INFO 11356 --- [scheduling-1] com.indusind.scheduler.SchedulingClass   : Submitted batch from index 529500 to 530000
2025-04-21 15:15:18.873  INFO 11356 --- [scheduling-1] com.indusind.scheduler.SchedulingClass   : Submitted batch from index 530000 to 530500
2025-04-21 15:15:18.873  INFO 11356 --- [scheduling-1] com.indusind.scheduler.SchedulingClass   : Submitted batch from index 530500 to 531000
2025-04-21 15:15:18.873  INFO 11356 --- [scheduling-1] com.indusind.scheduler.SchedulingClass   : Submitted batch from index 531000 to 531500
2025-04-21 15:15:18.873  INFO 11356 --- [scheduling-1] com.indusind.scheduler.SchedulingClass   : Submitted batch from index 531500 to 532000
2025-04-21 15:15:18.873  INFO 11356 --- [scheduling-1] com.indusind.scheduler.SchedulingClass   : Submitted batch from index 532000 to 532500
2025-04-21 15:15:18.873  INFO 11356 --- [scheduling-1] com.indusind.scheduler.SchedulingClass   : Submitted batch from index 532500 to 533000
2025-04-21 15:15:18.873  INFO 11356 --- [scheduling-1] com.indusind.scheduler.SchedulingClass   : Submitted batch from index 533000 to 533500
2025-04-21 15:15:18.873  INFO 11356 --- [scheduling-1] com.indusind.scheduler.SchedulingClass   : Submitted batch from index 533500 to 534000
2025-04-21 15:15:18.873  INFO 11356 --- [scheduling-1] com.indusind.scheduler.SchedulingClass   : Submitted batch from index 534000 to 534500
2025-04-21 15:15:18.873  INFO 11356 --- [scheduling-1] com.indusind.scheduler.SchedulingClass   : Submitted batch from index 534500 to 535000
2025-04-21 15:15:18.873  INFO 11356 --- [scheduling-1] com.indusind.scheduler.SchedulingClass   : Submitted batch from index 535000 to 535500
2025-04-21 15:15:18.873  INFO 11356 --- [scheduling-1] com.indusind.scheduler.SchedulingClass   : Submitted batch from index 535500 to 536000
2025-04-21 15:15:18.873  INFO 11356 --- [scheduling-1] com.indusind.scheduler.SchedulingClass   : Submitted batch from index 536000 to 536500
2025-04-21 15:15:18.873  INFO 11356 --- [scheduling-1] com.indusind.scheduler.SchedulingClass   : Submitted batch from index 536500 to 537000
2025-04-21 15:15:18.873  INFO 11356 --- [scheduling-1] com.indusind.scheduler.SchedulingClass   : Submitted batch from index 537000 to 537500
2025-04-21 15:15:18.873  INFO 11356 --- [scheduling-1] com.indusind.scheduler.SchedulingClass   : Submitted batch from index 537500 to 538000
2025-04-21 15:15:18.874  INFO 11356 --- [scheduling-1] com.indusind.scheduler.SchedulingClass   : Submitted batch from index 538000 to 538500
2025-04-21 15:15:18.874  INFO 11356 --- [scheduling-1] com.indusind.scheduler.SchedulingClass   : Submitted batch from index 538500 to 539000
2025-04-21 15:15:18.875  INFO 11356 --- [scheduling-1] com.indusind.scheduler.SchedulingClass   : Submitted batch from index 539000 to 539500
2025-04-21 15:15:18.875  INFO 11356 --- [scheduling-1] com.indusind.scheduler.SchedulingClass   : Submitted batch from index 539500 to 540000
2025-04-21 15:15:18.875  INFO 11356 --- [scheduling-1] com.indusind.scheduler.SchedulingClass   : Submitted batch from index 540000 to 540500
2025-04-21 15:15:18.875  INFO 11356 --- [scheduling-1] com.indusind.scheduler.SchedulingClass   : Submitted batch from index 540500 to 541000
2025-04-21 15:15:18.875  INFO 11356 --- [scheduling-1] com.indusind.scheduler.SchedulingClass   : Submitted batch from index 541000 to 541500
2025-04-21 15:15:18.875  INFO 11356 --- [scheduling-1] com.indusind.scheduler.SchedulingClass   : Submitted batch from index 541500 to 542000
2025-04-21 15:15:18.875  INFO 11356 --- [scheduling-1] com.indusind.scheduler.SchedulingClass   : Submitted batch from index 542000 to 542500
2025-04-21 15:15:18.875  INFO 11356 --- [scheduling-1] com.indusind.scheduler.SchedulingClass   : Submitted batch from index 542500 to 543000
2025-04-21 15:15:18.875  INFO 11356 --- [scheduling-1] com.indusind.scheduler.SchedulingClass   : Submitted batch from index 543000 to 543500
2025-04-21 15:15:18.875  INFO 11356 --- [scheduling-1] com.indusind.scheduler.SchedulingClass   : Submitted batch from index 543500 to 544000
2025-04-21 15:15:18.875  INFO 11356 --- [scheduling-1] com.indusind.scheduler.SchedulingClass   : Submitted batch from index 544000 to 544500
2025-04-21 15:15:18.875  INFO 11356 --- [scheduling-1] com.indusind.scheduler.SchedulingClass   : Submitted batch from index 544500 to 545000
2025-04-21 15:15:18.875  INFO 11356 --- [scheduling-1] com.indusind.scheduler.SchedulingClass   : Submitted batch from index 545000 to 545500
2025-04-21 15:15:18.875  INFO 11356 --- [scheduling-1] com.indusind.scheduler.SchedulingClass   : Submitted batch from index 545500 to 546000
2025-04-21 15:15:18.875  INFO 11356 --- [scheduling-1] com.indusind.scheduler.SchedulingClass   : Submitted batch from index 546000 to 546500
2025-04-21 15:15:18.875  INFO 11356 --- [scheduling-1] com.indusind.scheduler.SchedulingClass   : Submitted batch from index 546500 to 547000
2025-04-21 15:15:18.875  INFO 11356 --- [scheduling-1] com.indusind.scheduler.SchedulingClass   : Submitted batch from index 547000 to 547500
2025-04-21 15:15:18.875  INFO 11356 --- [scheduling-1] com.indusind.scheduler.SchedulingClass   : Submitted batch from index 547500 to 548000
2025-04-21 15:15:18.875  INFO 11356 --- [scheduling-1] com.indusind.scheduler.SchedulingClass   : Submitted batch from index 548000 to 548500
2025-04-21 15:15:18.875  INFO 11356 --- [scheduling-1] com.indusind.scheduler.SchedulingClass   : Submitted batch from index 548500 to 549000
2025-04-21 15:15:18.875  INFO 11356 --- [scheduling-1] com.indusind.scheduler.SchedulingClass   : Submitted batch from index 549000 to 549500
2025-04-21 15:15:18.875  INFO 11356 --- [scheduling-1] com.indusind.scheduler.SchedulingClass   : Submitted batch from index 549500 to 550000
2025-04-21 15:15:18.875  INFO 11356 --- [scheduling-1] com.indusind.scheduler.SchedulingClass   : Submitted batch from index 550000 to 550500
2025-04-21 15:15:18.875  INFO 11356 --- [scheduling-1] com.indusind.scheduler.SchedulingClass   : Submitted batch from index 550500 to 551000
2025-04-21 15:15:18.875  INFO 11356 --- [scheduling-1] com.indusind.scheduler.SchedulingClass   : Submitted batch from index 551000 to 551500
2025-04-21 15:15:18.875  INFO 11356 --- [scheduling-1] com.indusind.scheduler.SchedulingClass   : Submitted batch from index 551500 to 552000
2025-04-21 15:15:18.875  INFO 11356 --- [scheduling-1] com.indusind.scheduler.SchedulingClass   : Submitted batch from index 552000 to 552500
2025-04-21 15:15:18.875  INFO 11356 --- [scheduling-1] com.indusind.scheduler.SchedulingClass   : Submitted batch from index 552500 to 553000
2025-04-21 15:15:18.875  INFO 11356 --- [scheduling-1] com.indusind.scheduler.SchedulingClass   : Submitted batch from index 553000 to 553500
2025-04-21 15:15:18.875  INFO 11356 --- [scheduling-1] com.indusind.scheduler.SchedulingClass   : Submitted batch from index 553500 to 554000
2025-04-21 15:15:18.875  INFO 11356 --- [scheduling-1] com.indusind.scheduler.SchedulingClass   : Submitted batch from index 554000 to 554500
2025-04-21 15:15:18.875  INFO 11356 --- [scheduling-1] com.indusind.scheduler.SchedulingClass   : Submitted batch from index 554500 to 555000
2025-04-21 15:15:18.875  INFO 11356 --- [scheduling-1] com.indusind.scheduler.SchedulingClass   : Submitted batch from index 555000 to 555500
2025-04-21 15:15:18.875  INFO 11356 --- [scheduling-1] com.indusind.scheduler.SchedulingClass   : Submitted batch from index 555500 to 556000
2025-04-21 15:15:18.876  INFO 11356 --- [scheduling-1] com.indusind.scheduler.SchedulingClass   : Submitted batch from index 556000 to 556500
2025-04-21 15:15:18.876  INFO 11356 --- [scheduling-1] com.indusind.scheduler.SchedulingClass   : Submitted batch from index 556500 to 557000
2025-04-21 15:15:18.876  INFO 11356 --- [scheduling-1] com.indusind.scheduler.SchedulingClass   : Submitted batch from index 557000 to 557500
2025-04-21 15:15:18.876  INFO 11356 --- [scheduling-1] com.indusind.scheduler.SchedulingClass   : Submitted batch from index 557500 to 558000
2025-04-21 15:15:18.876  INFO 11356 --- [scheduling-1] com.indusind.scheduler.SchedulingClass   : Submitted batch from index 558000 to 558500
2025-04-21 15:15:18.876  INFO 11356 --- [scheduling-1] com.indusind.scheduler.SchedulingClass   : Submitted batch from index 558500 to 559000
2025-04-21 15:15:18.876  INFO 11356 --- [scheduling-1] com.indusind.scheduler.SchedulingClass   : Submitted batch from index 559000 to 559500
2025-04-21 15:15:18.876  INFO 11356 --- [scheduling-1] com.indusind.scheduler.SchedulingClass   : Submitted batch from index 559500 to 560000
2025-04-21 15:15:18.876  INFO 11356 --- [scheduling-1] com.indusind.scheduler.SchedulingClass   : Submitted batch from index 560000 to 560500
2025-04-21 15:15:18.876  INFO 11356 --- [scheduling-1] com.indusind.scheduler.SchedulingClass   : Submitted batch from index 560500 to 561000
2025-04-21 15:15:18.876  INFO 11356 --- [scheduling-1] com.indusind.scheduler.SchedulingClass   : Submitted batch from index 561000 to 561500
2025-04-21 15:15:18.876  INFO 11356 --- [scheduling-1] com.indusind.scheduler.SchedulingClass   : Submitted batch from index 561500 to 562000
2025-04-21 15:15:18.876  INFO 11356 --- [scheduling-1] com.indusind.scheduler.SchedulingClass   : Submitted batch from index 562000 to 562500
2025-04-21 15:15:18.876  INFO 11356 --- [scheduling-1] com.indusind.scheduler.SchedulingClass   : Submitted batch from index 562500 to 563000
2025-04-21 15:15:18.876  INFO 11356 --- [scheduling-1] com.indusind.scheduler.SchedulingClass   : Submitted batch from index 563000 to 563500
2025-04-21 15:15:18.876  INFO 11356 --- [scheduling-1] com.indusind.scheduler.SchedulingClass   : Submitted batch from index 563500 to 564000
2025-04-21 15:15:18.876  INFO 11356 --- [scheduling-1] com.indusind.scheduler.SchedulingClass   : Submitted batch from index 564000 to 564500
2025-04-21 15:15:18.876  INFO 11356 --- [scheduling-1] com.indusind.scheduler.SchedulingClass   : Submitted batch from index 564500 to 565000
2025-04-21 15:15:18.876  INFO 11356 --- [scheduling-1] com.indusind.scheduler.SchedulingClass   : Submitted batch from index 565000 to 565500
2025-04-21 15:15:18.876  INFO 11356 --- [scheduling-1] com.indusind.scheduler.SchedulingClass   : Submitted batch from index 565500 to 566000
2025-04-21 15:15:18.876  INFO 11356 --- [scheduling-1] com.indusind.scheduler.SchedulingClass   : Submitted batch from index 566000 to 566500
2025-04-21 15:15:18.876  INFO 11356 --- [scheduling-1] com.indusind.scheduler.SchedulingClass   : Submitted batch from index 566500 to 567000
2025-04-21 15:15:18.876  INFO 11356 --- [scheduling-1] com.indusind.scheduler.SchedulingClass   : Submitted batch from index 567000 to 567500
2025-04-21 15:15:18.876  INFO 11356 --- [scheduling-1] com.indusind.scheduler.SchedulingClass   : Submitted batch from index 567500 to 568000
2025-04-21 15:15:18.876  INFO 11356 --- [scheduling-1] com.indusind.scheduler.SchedulingClass   : Submitted batch from index 568000 to 568500
2025-04-21 15:15:18.876  INFO 11356 --- [scheduling-1] com.indusind.scheduler.SchedulingClass   : Submitted batch from index 568500 to 569000
2025-04-21 15:15:18.877  INFO 11356 --- [scheduling-1] com.indusind.scheduler.SchedulingClass   : Submitted batch from index 569000 to 569500
2025-04-21 15:15:18.877  INFO 11356 --- [scheduling-1] com.indusind.scheduler.SchedulingClass   : Submitted batch from index 569500 to 570000
2025-04-21 15:15:18.877  INFO 11356 --- [scheduling-1] com.indusind.scheduler.SchedulingClass   : Submitted batch from index 570000 to 570500
2025-04-21 15:15:18.877  INFO 11356 --- [scheduling-1] com.indusind.scheduler.SchedulingClass   : Submitted batch from index 570500 to 571000
2025-04-21 15:15:18.877  INFO 11356 --- [scheduling-1] com.indusind.scheduler.SchedulingClass   : Submitted batch from index 571000 to 571500
2025-04-21 15:15:18.877  INFO 11356 --- [scheduling-1] com.indusind.scheduler.SchedulingClass   : Submitted batch from index 571500 to 572000
2025-04-21 15:15:18.877  INFO 11356 --- [scheduling-1] com.indusind.scheduler.SchedulingClass   : Submitted batch from index 572000 to 572500
2025-04-21 15:15:18.877  INFO 11356 --- [scheduling-1] com.indusind.scheduler.SchedulingClass   : Submitted batch from index 572500 to 573000
2025-04-21 15:15:18.877  INFO 11356 --- [scheduling-1] com.indusind.scheduler.SchedulingClass   : Submitted batch from index 573000 to 573500
2025-04-21 15:15:18.878  INFO 11356 --- [scheduling-1] com.indusind.scheduler.SchedulingClass   : Submitted batch from index 573500 to 574000
2025-04-21 15:15:18.878  INFO 11356 --- [scheduling-1] com.indusind.scheduler.SchedulingClass   : Submitted batch from index 574000 to 574500
2025-04-21 15:15:18.878  INFO 11356 --- [scheduling-1] com.indusind.scheduler.SchedulingClass   : Submitted batch from index 574500 to 575000
2025-04-21 15:15:18.878  INFO 11356 --- [scheduling-1] com.indusind.scheduler.SchedulingClass   : Submitted batch from index 575000 to 575500
2025-04-21 15:15:18.878  INFO 11356 --- [scheduling-1] com.indusind.scheduler.SchedulingClass   : Submitted batch from index 575500 to 576000
2025-04-21 15:15:18.878  INFO 11356 --- [scheduling-1] com.indusind.scheduler.SchedulingClass   : Submitted batch from index 576000 to 576500
2025-04-21 15:15:18.879  INFO 11356 --- [scheduling-1] com.indusind.scheduler.SchedulingClass   : Submitted batch from index 576500 to 577000
2025-04-21 15:15:18.879  INFO 11356 --- [scheduling-1] com.indusind.scheduler.SchedulingClass   : Submitted batch from index 577000 to 577500
2025-04-21 15:15:18.879  INFO 11356 --- [scheduling-1] com.indusind.scheduler.SchedulingClass   : Submitted batch from index 577500 to 578000
2025-04-21 15:15:18.879  INFO 11356 --- [scheduling-1] com.indusind.scheduler.SchedulingClass   : Submitted batch from index 578000 to 578500
2025-04-21 15:15:18.879  INFO 11356 --- [scheduling-1] com.indusind.scheduler.SchedulingClass   : Submitted batch from index 578500 to 579000
2025-04-21 15:15:18.879  INFO 11356 --- [scheduling-1] com.indusind.scheduler.SchedulingClass   : Submitted batch from index 579000 to 579500
2025-04-21 15:15:18.879  INFO 11356 --- [scheduling-1] com.indusind.scheduler.SchedulingClass   : Submitted batch from index 579500 to 580000
2025-04-21 15:15:18.879  INFO 11356 --- [scheduling-1] com.indusind.scheduler.SchedulingClass   : Submitted batch from index 580000 to 580500
2025-04-21 15:15:18.879  INFO 11356 --- [scheduling-1] com.indusind.scheduler.SchedulingClass   : Submitted batch from index 580500 to 581000
2025-04-21 15:15:18.879  INFO 11356 --- [scheduling-1] com.indusind.scheduler.SchedulingClass   : Submitted batch from index 581000 to 581500
2025-04-21 15:15:18.879  INFO 11356 --- [scheduling-1] com.indusind.scheduler.SchedulingClass   : Submitted batch from index 581500 to 582000
2025-04-21 15:15:18.879  INFO 11356 --- [scheduling-1] com.indusind.scheduler.SchedulingClass   : Submitted batch from index 582000 to 582500
2025-04-21 15:15:18.879  INFO 11356 --- [scheduling-1] com.indusind.scheduler.SchedulingClass   : Submitted batch from index 582500 to 583000
2025-04-21 15:15:18.879  INFO 11356 --- [scheduling-1] com.indusind.scheduler.SchedulingClass   : Submitted batch from index 583000 to 583500
2025-04-21 15:15:18.880  INFO 11356 --- [scheduling-1] com.indusind.scheduler.SchedulingClass   : Submitted batch from index 583500 to 584000
2025-04-21 15:15:18.880  INFO 11356 --- [scheduling-1] com.indusind.scheduler.SchedulingClass   : Submitted batch from index 584000 to 584500
2025-04-21 15:15:18.880  INFO 11356 --- [scheduling-1] com.indusind.scheduler.SchedulingClass   : Submitted batch from index 584500 to 585000
2025-04-21 15:15:18.880  INFO 11356 --- [scheduling-1] com.indusind.scheduler.SchedulingClass   : Submitted batch from index 585000 to 585500
2025-04-21 15:15:18.880  INFO 11356 --- [scheduling-1] com.indusind.scheduler.SchedulingClass   : Submitted batch from index 585500 to 586000
2025-04-21 15:15:18.880  INFO 11356 --- [scheduling-1] com.indusind.scheduler.SchedulingClass   : Submitted batch from index 586000 to 586500
2025-04-21 15:15:18.880  INFO 11356 --- [scheduling-1] com.indusind.scheduler.SchedulingClass   : Submitted batch from index 586500 to 587000
2025-04-21 15:15:18.880  INFO 11356 --- [scheduling-1] com.indusind.scheduler.SchedulingClass   : Submitted batch from index 587000 to 587500
2025-04-21 15:15:18.880  INFO 11356 --- [scheduling-1] com.indusind.scheduler.SchedulingClass   : Submitted batch from index 587500 to 588000
2025-04-21 15:15:18.880  INFO 11356 --- [scheduling-1] com.indusind.scheduler.SchedulingClass   : Submitted batch from index 588000 to 588500
2025-04-21 15:15:18.880  INFO 11356 --- [scheduling-1] com.indusind.scheduler.SchedulingClass   : Submitted batch from index 588500 to 589000
2025-04-21 15:15:18.880  INFO 11356 --- [scheduling-1] com.indusind.scheduler.SchedulingClass   : Submitted batch from index 589000 to 589500
2025-04-21 15:15:18.880  INFO 11356 --- [scheduling-1] com.indusind.scheduler.SchedulingClass   : Submitted batch from index 589500 to 590000
2025-04-21 15:15:18.880  INFO 11356 --- [scheduling-1] com.indusind.scheduler.SchedulingClass   : Submitted batch from index 590000 to 590500
2025-04-21 15:15:18.880  INFO 11356 --- [scheduling-1] com.indusind.scheduler.SchedulingClass   : Submitted batch from index 590500 to 591000
2025-04-21 15:15:18.880  INFO 11356 --- [scheduling-1] com.indusind.scheduler.SchedulingClass   : Submitted batch from index 591000 to 591500
2025-04-21 15:15:18.880  INFO 11356 --- [scheduling-1] com.indusind.scheduler.SchedulingClass   : Submitted batch from index 591500 to 592000
2025-04-21 15:15:18.880  INFO 11356 --- [scheduling-1] com.indusind.scheduler.SchedulingClass   : Submitted batch from index 592000 to 592500
2025-04-21 15:15:18.880  INFO 11356 --- [scheduling-1] com.indusind.scheduler.SchedulingClass   : Submitted batch from index 592500 to 593000
2025-04-21 15:15:18.880  INFO 11356 --- [scheduling-1] com.indusind.scheduler.SchedulingClass   : Submitted batch from index 593000 to 593500
2025-04-21 15:15:18.880  INFO 11356 --- [scheduling-1] com.indusind.scheduler.SchedulingClass   : Submitted batch from index 593500 to 594000
2025-04-21 15:15:18.880  INFO 11356 --- [scheduling-1] com.indusind.scheduler.SchedulingClass   : Submitted batch from index 594000 to 594500
2025-04-21 15:15:18.880  INFO 11356 --- [scheduling-1] com.indusind.scheduler.SchedulingClass   : Submitted batch from index 594500 to 595000
2025-04-21 15:15:18.880  INFO 11356 --- [scheduling-1] com.indusind.scheduler.SchedulingClass   : Submitted batch from index 595000 to 595500
2025-04-21 15:15:18.881  INFO 11356 --- [scheduling-1] com.indusind.scheduler.SchedulingClass   : Submitted batch from index 595500 to 596000
2025-04-21 15:15:18.881  INFO 11356 --- [scheduling-1] com.indusind.scheduler.SchedulingClass   : Submitted batch from index 596000 to 596500
2025-04-21 15:15:18.881  INFO 11356 --- [scheduling-1] com.indusind.scheduler.SchedulingClass   : Submitted batch from index 596500 to 597000
2025-04-21 15:15:18.881  INFO 11356 --- [scheduling-1] com.indusind.scheduler.SchedulingClass   : Submitted batch from index 597000 to 597500
2025-04-21 15:15:18.881  INFO 11356 --- [scheduling-1] com.indusind.scheduler.SchedulingClass   : Submitted batch from index 597500 to 598000
2025-04-21 15:15:18.881  INFO 11356 --- [scheduling-1] com.indusind.scheduler.SchedulingClass   : Submitted batch from index 598000 to 598500
2025-04-21 15:15:18.882  INFO 11356 --- [scheduling-1] com.indusind.scheduler.SchedulingClass   : Submitted batch from index 598500 to 599000
2025-04-21 15:15:18.882  INFO 11356 --- [scheduling-1] com.indusind.scheduler.SchedulingClass   : Submitted batch from index 599000 to 599500
2025-04-21 15:15:18.882  INFO 11356 --- [scheduling-1] com.indusind.scheduler.SchedulingClass   : Submitted batch from index 599500 to 600000
2025-04-21 15:15:18.882  INFO 11356 --- [scheduling-1] com.indusind.scheduler.SchedulingClass   : Submitted batch from index 600000 to 600500
2025-04-21 15:15:18.883  INFO 11356 --- [scheduling-1] com.indusind.scheduler.SchedulingClass   : Submitted batch from index 600500 to 601000
2025-04-21 15:15:18.883  INFO 11356 --- [scheduling-1] com.indusind.scheduler.SchedulingClass   : Submitted batch from index 601000 to 601500
2025-04-21 15:15:18.883  INFO 11356 --- [scheduling-1] com.indusind.scheduler.SchedulingClass   : Submitted batch from index 601500 to 602000
2025-04-21 15:15:18.883  INFO 11356 --- [scheduling-1] com.indusind.scheduler.SchedulingClass   : Submitted batch from index 602000 to 602500
2025-04-21 15:15:18.883  INFO 11356 --- [scheduling-1] com.indusind.scheduler.SchedulingClass   : Submitted batch from index 602500 to 603000
2025-04-21 15:15:18.883  INFO 11356 --- [scheduling-1] com.indusind.scheduler.SchedulingClass   : Submitted batch from index 603000 to 603500
2025-04-21 15:15:18.883  INFO 11356 --- [scheduling-1] com.indusind.scheduler.SchedulingClass   : Submitted batch from index 603500 to 604000
2025-04-21 15:15:18.883  INFO 11356 --- [scheduling-1] com.indusind.scheduler.SchedulingClass   : Submitted batch from index 604000 to 604500
2025-04-21 15:15:18.883  INFO 11356 --- [scheduling-1] com.indusind.scheduler.SchedulingClass   : Submitted batch from index 604500 to 605000
2025-04-21 15:15:18.883  INFO 11356 --- [scheduling-1] com.indusind.scheduler.SchedulingClass   : Submitted batch from index 605000 to 605500
2025-04-21 15:15:18.883  INFO 11356 --- [scheduling-1] com.indusind.scheduler.SchedulingClass   : Submitted batch from index 605500 to 606000
2025-04-21 15:15:18.883  INFO 11356 --- [scheduling-1] com.indusind.scheduler.SchedulingClass   : Submitted batch from index 606000 to 606500
2025-04-21 15:15:18.883  INFO 11356 --- [scheduling-1] com.indusind.scheduler.SchedulingClass   : Submitted batch from index 606500 to 607000
2025-04-21 15:15:18.883  INFO 11356 --- [scheduling-1] com.indusind.scheduler.SchedulingClass   : Submitted batch from index 607000 to 607500
2025-04-21 15:15:18.883  INFO 11356 --- [scheduling-1] com.indusind.scheduler.SchedulingClass   : Submitted batch from index 607500 to 608000
2025-04-21 15:15:18.883  INFO 11356 --- [scheduling-1] com.indusind.scheduler.SchedulingClass   : Submitted batch from index 608000 to 608500
2025-04-21 15:15:18.883  INFO 11356 --- [scheduling-1] com.indusind.scheduler.SchedulingClass   : Submitted batch from index 608500 to 609000
2025-04-21 15:15:18.883  INFO 11356 --- [scheduling-1] com.indusind.scheduler.SchedulingClass   : Submitted batch from index 609000 to 609500
2025-04-21 15:15:18.883  INFO 11356 --- [scheduling-1] com.indusind.scheduler.SchedulingClass   : Submitted batch from index 609500 to 610000
2025-04-21 15:15:18.883  INFO 11356 --- [scheduling-1] com.indusind.scheduler.SchedulingClass   : Submitted batch from index 610000 to 610500
2025-04-21 15:15:18.883  INFO 11356 --- [scheduling-1] com.indusind.scheduler.SchedulingClass   : Submitted batch from index 610500 to 611000
2025-04-21 15:15:18.883  INFO 11356 --- [scheduling-1] com.indusind.scheduler.SchedulingClass   : Submitted batch from index 611000 to 611500
2025-04-21 15:15:18.883  INFO 11356 --- [scheduling-1] com.indusind.scheduler.SchedulingClass   : Submitted batch from index 611500 to 612000
2025-04-21 15:15:18.884  INFO 11356 --- [scheduling-1] com.indusind.scheduler.SchedulingClass   : Submitted batch from index 612000 to 612500
2025-04-21 15:15:18.884  INFO 11356 --- [scheduling-1] com.indusind.scheduler.SchedulingClass   : Submitted batch from index 612500 to 613000
2025-04-21 15:15:18.884  INFO 11356 --- [scheduling-1] com.indusind.scheduler.SchedulingClass   : Submitted batch from index 613000 to 613500
2025-04-21 15:15:18.884  INFO 11356 --- [scheduling-1] com.indusind.scheduler.SchedulingClass   : Submitted batch from index 613500 to 614000
2025-04-21 15:15:18.884  INFO 11356 --- [scheduling-1] com.indusind.scheduler.SchedulingClass   : Submitted batch from index 614000 to 614500
2025-04-21 15:15:18.884  INFO 11356 --- [scheduling-1] com.indusind.scheduler.SchedulingClass   : Submitted batch from index 614500 to 615000
2025-04-21 15:15:18.884  INFO 11356 --- [scheduling-1] com.indusind.scheduler.SchedulingClass   : Submitted batch from index 615000 to 615500
2025-04-21 15:15:18.884  INFO 11356 --- [scheduling-1] com.indusind.scheduler.SchedulingClass   : Submitted batch from index 615500 to 616000
2025-04-21 15:15:18.884  INFO 11356 --- [scheduling-1] com.indusind.scheduler.SchedulingClass   : Submitted batch from index 616000 to 616500
2025-04-21 15:15:18.884  INFO 11356 --- [scheduling-1] com.indusind.scheduler.SchedulingClass   : Submitted batch from index 616500 to 617000
2025-04-21 15:15:18.884  INFO 11356 --- [scheduling-1] com.indusind.scheduler.SchedulingClass   : Submitted batch from index 617000 to 617500
2025-04-21 15:15:18.884  INFO 11356 --- [scheduling-1] com.indusind.scheduler.SchedulingClass   : Submitted batch from index 617500 to 618000
2025-04-21 15:15:18.884  INFO 11356 --- [scheduling-1] com.indusind.scheduler.SchedulingClass   : Submitted batch from index 618000 to 618500
2025-04-21 15:15:18.884  INFO 11356 --- [scheduling-1] com.indusind.scheduler.SchedulingClass   : Submitted batch from index 618500 to 619000
2025-04-21 15:15:18.884  INFO 11356 --- [scheduling-1] com.indusind.scheduler.SchedulingClass   : Submitted batch from index 619000 to 619500
2025-04-21 15:15:18.884  INFO 11356 --- [scheduling-1] com.indusind.scheduler.SchedulingClass   : Submitted batch from index 619500 to 620000
2025-04-21 15:15:18.884  INFO 11356 --- [scheduling-1] com.indusind.scheduler.SchedulingClass   : Submitted batch from index 620000 to 620500
2025-04-21 15:15:18.884  INFO 11356 --- [scheduling-1] com.indusind.scheduler.SchedulingClass   : Submitted batch from index 620500 to 621000
2025-04-21 15:15:18.885  INFO 11356 --- [scheduling-1] com.indusind.scheduler.SchedulingClass   : Submitted batch from index 621000 to 621500
2025-04-21 15:15:18.885  INFO 11356 --- [scheduling-1] com.indusind.scheduler.SchedulingClass   : Submitted batch from index 621500 to 622000
2025-04-21 15:15:18.885  INFO 11356 --- [scheduling-1] com.indusind.scheduler.SchedulingClass   : Submitted batch from index 622000 to 622500
2025-04-21 15:15:18.885  INFO 11356 --- [scheduling-1] com.indusind.scheduler.SchedulingClass   : Submitted batch from index 622500 to 623000
2025-04-21 15:15:18.885  INFO 11356 --- [scheduling-1] com.indusind.scheduler.SchedulingClass   : Submitted batch from index 623000 to 623500
2025-04-21 15:15:18.885  INFO 11356 --- [scheduling-1] com.indusind.scheduler.SchedulingClass   : Submitted batch from index 623500 to 624000
2025-04-21 15:15:18.885  INFO 11356 --- [scheduling-1] com.indusind.scheduler.SchedulingClass   : Submitted batch from index 624000 to 624500
2025-04-21 15:15:18.885  INFO 11356 --- [scheduling-1] com.indusind.scheduler.SchedulingClass   : Submitted batch from index 624500 to 625000
2025-04-21 15:15:18.885  INFO 11356 --- [scheduling-1] com.indusind.scheduler.SchedulingClass   : Submitted batch from index 625000 to 625500
2025-04-21 15:15:18.885  INFO 11356 --- [scheduling-1] com.indusind.scheduler.SchedulingClass   : Submitted batch from index 625500 to 626000
2025-04-21 15:15:18.885  INFO 11356 --- [scheduling-1] com.indusind.scheduler.SchedulingClass   : Submitted batch from index 626000 to 626500
2025-04-21 15:15:18.885  INFO 11356 --- [scheduling-1] com.indusind.scheduler.SchedulingClass   : Submitted batch from index 626500 to 627000
2025-04-21 15:15:18.885  INFO 11356 --- [scheduling-1] com.indusind.scheduler.SchedulingClass   : Submitted batch from index 627000 to 627500
2025-04-21 15:15:18.885  INFO 11356 --- [scheduling-1] com.indusind.scheduler.SchedulingClass   : Submitted batch from index 627500 to 628000
2025-04-21 15:15:18.885  INFO 11356 --- [scheduling-1] com.indusind.scheduler.SchedulingClass   : Submitted batch from index 628000 to 628500
2025-04-21 15:15:18.886  INFO 11356 --- [scheduling-1] com.indusind.scheduler.SchedulingClass   : Submitted batch from index 628500 to 629000
2025-04-21 15:15:18.886  INFO 11356 --- [scheduling-1] com.indusind.scheduler.SchedulingClass   : Submitted batch from index 629000 to 629500
2025-04-21 15:15:18.886  INFO 11356 --- [scheduling-1] com.indusind.scheduler.SchedulingClass   : Submitted batch from index 629500 to 630000
2025-04-21 15:15:18.886  INFO 11356 --- [scheduling-1] com.indusind.scheduler.SchedulingClass   : Submitted batch from index 630000 to 630500
2025-04-21 15:15:18.886  INFO 11356 --- [scheduling-1] com.indusind.scheduler.SchedulingClass   : Submitted batch from index 630500 to 631000
2025-04-21 15:15:18.886  INFO 11356 --- [scheduling-1] com.indusind.scheduler.SchedulingClass   : Submitted batch from index 631000 to 631500
2025-04-21 15:15:18.886  INFO 11356 --- [scheduling-1] com.indusind.scheduler.SchedulingClass   : Submitted batch from index 631500 to 632000
2025-04-21 15:15:18.886  INFO 11356 --- [scheduling-1] com.indusind.scheduler.SchedulingClass   : Submitted batch from index 632000 to 632500
2025-04-21 15:15:18.887  INFO 11356 --- [scheduling-1] com.indusind.scheduler.SchedulingClass   : Submitted batch from index 632500 to 633000
2025-04-21 15:15:18.887  INFO 11356 --- [scheduling-1] com.indusind.scheduler.SchedulingClass   : Submitted batch from index 633000 to 633500
2025-04-21 15:15:18.887  INFO 11356 --- [scheduling-1] com.indusind.scheduler.SchedulingClass   : Submitted batch from index 633500 to 634000
2025-04-21 15:15:18.887  INFO 11356 --- [scheduling-1] com.indusind.scheduler.SchedulingClass   : Submitted batch from index 634000 to 634500
2025-04-21 15:15:18.887  INFO 11356 --- [scheduling-1] com.indusind.scheduler.SchedulingClass   : Submitted batch from index 634500 to 635000
2025-04-21 15:15:18.887  INFO 11356 --- [scheduling-1] com.indusind.scheduler.SchedulingClass   : Submitted batch from index 635000 to 635500
2025-04-21 15:15:18.887  INFO 11356 --- [scheduling-1] com.indusind.scheduler.SchedulingClass   : Submitted batch from index 635500 to 636000
2025-04-21 15:15:18.887  INFO 11356 --- [scheduling-1] com.indusind.scheduler.SchedulingClass   : Submitted batch from index 636000 to 636500
2025-04-21 15:15:18.887  INFO 11356 --- [scheduling-1] com.indusind.scheduler.SchedulingClass   : Submitted batch from index 636500 to 637000
2025-04-21 15:15:18.887  INFO 11356 --- [scheduling-1] com.indusind.scheduler.SchedulingClass   : Submitted batch from index 637000 to 637500
2025-04-21 15:15:18.887  INFO 11356 --- [scheduling-1] com.indusind.scheduler.SchedulingClass   : Submitted batch from index 637500 to 638000
2025-04-21 15:15:18.887  INFO 11356 --- [scheduling-1] com.indusind.scheduler.SchedulingClass   : Submitted batch from index 638000 to 638500
2025-04-21 15:15:18.887  INFO 11356 --- [scheduling-1] com.indusind.scheduler.SchedulingClass   : Submitted batch from index 638500 to 639000
2025-04-21 15:15:18.887  INFO 11356 --- [scheduling-1] com.indusind.scheduler.SchedulingClass   : Submitted batch from index 639000 to 639500
2025-04-21 15:15:18.887  INFO 11356 --- [scheduling-1] com.indusind.scheduler.SchedulingClass   : Submitted batch from index 639500 to 640000
2025-04-21 15:15:18.887  INFO 11356 --- [scheduling-1] com.indusind.scheduler.SchedulingClass   : Submitted batch from index 640000 to 640500
2025-04-21 15:15:18.887  INFO 11356 --- [scheduling-1] com.indusind.scheduler.SchedulingClass   : Submitted batch from index 640500 to 641000
2025-04-21 15:15:18.887  INFO 11356 --- [scheduling-1] com.indusind.scheduler.SchedulingClass   : Submitted batch from index 641000 to 641500
2025-04-21 15:15:18.887  INFO 11356 --- [scheduling-1] com.indusind.scheduler.SchedulingClass   : Submitted batch from index 641500 to 642000
2025-04-21 15:15:18.887  INFO 11356 --- [scheduling-1] com.indusind.scheduler.SchedulingClass   : Submitted batch from index 642000 to 642500
2025-04-21 15:15:18.887  INFO 11356 --- [scheduling-1] com.indusind.scheduler.SchedulingClass   : Submitted batch from index 642500 to 643000
2025-04-21 15:15:18.887  INFO 11356 --- [scheduling-1] com.indusind.scheduler.SchedulingClass   : Submitted batch from index 643000 to 643500
2025-04-21 15:15:18.887  INFO 11356 --- [scheduling-1] com.indusind.scheduler.SchedulingClass   : Submitted batch from index 643500 to 644000
2025-04-21 15:15:18.887  INFO 11356 --- [scheduling-1] com.indusind.scheduler.SchedulingClass   : Submitted batch from index 644000 to 644500
2025-04-21 15:15:18.887  INFO 11356 --- [scheduling-1] com.indusind.scheduler.SchedulingClass   : Submitted batch from index 644500 to 645000
2025-04-21 15:15:18.887  INFO 11356 --- [scheduling-1] com.indusind.scheduler.SchedulingClass   : Submitted batch from index 645000 to 645500
2025-04-21 15:15:18.887  INFO 11356 --- [scheduling-1] com.indusind.scheduler.SchedulingClass   : Submitted batch from index 645500 to 646000
2025-04-21 15:15:18.887  INFO 11356 --- [scheduling-1] com.indusind.scheduler.SchedulingClass   : Submitted batch from index 646000 to 646500
2025-04-21 15:15:18.887  INFO 11356 --- [scheduling-1] com.indusind.scheduler.SchedulingClass   : Submitted batch from index 646500 to 647000
2025-04-21 15:15:18.887  INFO 11356 --- [scheduling-1] com.indusind.scheduler.SchedulingClass   : Submitted batch from index 647000 to 647500
2025-04-21 15:15:18.887  INFO 11356 --- [scheduling-1] com.indusind.scheduler.SchedulingClass   : Submitted batch from index 647500 to 648000
2025-04-21 15:15:18.887  INFO 11356 --- [scheduling-1] com.indusind.scheduler.SchedulingClass   : Submitted batch from index 648000 to 648500
2025-04-21 15:15:18.888  INFO 11356 --- [scheduling-1] com.indusind.scheduler.SchedulingClass   : Submitted batch from index 648500 to 649000
2025-04-21 15:15:18.888  INFO 11356 --- [scheduling-1] com.indusind.scheduler.SchedulingClass   : Submitted batch from index 649000 to 649500
2025-04-21 15:15:18.888  INFO 11356 --- [scheduling-1] com.indusind.scheduler.SchedulingClass   : Submitted batch from index 649500 to 650000
2025-04-21 15:15:18.888  INFO 11356 --- [scheduling-1] com.indusind.scheduler.SchedulingClass   : Submitted batch from index 650000 to 650500
2025-04-21 15:15:18.888  INFO 11356 --- [scheduling-1] com.indusind.scheduler.SchedulingClass   : Submitted batch from index 650500 to 651000
2025-04-21 15:15:18.888  INFO 11356 --- [scheduling-1] com.indusind.scheduler.SchedulingClass   : Submitted batch from index 651000 to 651500
2025-04-21 15:15:18.888  INFO 11356 --- [scheduling-1] com.indusind.scheduler.SchedulingClass   : Submitted batch from index 651500 to 652000
2025-04-21 15:15:18.888  INFO 11356 --- [scheduling-1] com.indusind.scheduler.SchedulingClass   : Submitted batch from index 652000 to 652500
2025-04-21 15:15:18.888  INFO 11356 --- [scheduling-1] com.indusind.scheduler.SchedulingClass   : Submitted batch from index 652500 to 653000
2025-04-21 15:15:18.888  INFO 11356 --- [scheduling-1] com.indusind.scheduler.SchedulingClass   : Submitted batch from index 653000 to 653500
2025-04-21 15:15:18.888  INFO 11356 --- [scheduling-1] com.indusind.scheduler.SchedulingClass   : Submitted batch from index 653500 to 654000
2025-04-21 15:15:18.888  INFO 11356 --- [scheduling-1] com.indusind.scheduler.SchedulingClass   : Submitted batch from index 654000 to 654500
2025-04-21 15:15:18.888  INFO 11356 --- [scheduling-1] com.indusind.scheduler.SchedulingClass   : Submitted batch from index 654500 to 655000
2025-04-21 15:15:18.888  INFO 11356 --- [scheduling-1] com.indusind.scheduler.SchedulingClass   : Submitted batch from index 655000 to 655500
2025-04-21 15:15:18.888  INFO 11356 --- [scheduling-1] com.indusind.scheduler.SchedulingClass   : Submitted batch from index 655500 to 656000
2025-04-21 15:15:18.888  INFO 11356 --- [scheduling-1] com.indusind.scheduler.SchedulingClass   : Submitted batch from index 656000 to 656500
2025-04-21 15:15:18.888  INFO 11356 --- [scheduling-1] com.indusind.scheduler.SchedulingClass   : Submitted batch from index 656500 to 657000
2025-04-21 15:15:18.888  INFO 11356 --- [scheduling-1] com.indusind.scheduler.SchedulingClass   : Submitted batch from index 657000 to 657500
2025-04-21 15:15:18.888  INFO 11356 --- [scheduling-1] com.indusind.scheduler.SchedulingClass   : Submitted batch from index 657500 to 658000
2025-04-21 15:15:18.888  INFO 11356 --- [scheduling-1] com.indusind.scheduler.SchedulingClass   : Submitted batch from index 658000 to 658500
2025-04-21 15:15:18.888  INFO 11356 --- [scheduling-1] com.indusind.scheduler.SchedulingClass   : Submitted batch from index 658500 to 659000
2025-04-21 15:15:18.888  INFO 11356 --- [scheduling-1] com.indusind.scheduler.SchedulingClass   : Submitted batch from index 659000 to 659500
2025-04-21 15:15:18.889  INFO 11356 --- [scheduling-1] com.indusind.scheduler.SchedulingClass   : Submitted batch from index 659500 to 660000
2025-04-21 15:15:18.889  INFO 11356 --- [scheduling-1] com.indusind.scheduler.SchedulingClass   : Submitted batch from index 660000 to 660500
2025-04-21 15:15:18.889  INFO 11356 --- [scheduling-1] com.indusind.scheduler.SchedulingClass   : Submitted batch from index 660500 to 661000
2025-04-21 15:15:18.889  INFO 11356 --- [scheduling-1] com.indusind.scheduler.SchedulingClass   : Submitted batch from index 661000 to 661500
2025-04-21 15:15:18.889  INFO 11356 --- [scheduling-1] com.indusind.scheduler.SchedulingClass   : Submitted batch from index 661500 to 662000
2025-04-21 15:15:18.889  INFO 11356 --- [scheduling-1] com.indusind.scheduler.SchedulingClass   : Submitted batch from index 662000 to 662500
2025-04-21 15:15:18.889  INFO 11356 --- [scheduling-1] com.indusind.scheduler.SchedulingClass   : Submitted batch from index 662500 to 663000
2025-04-21 15:15:18.889  INFO 11356 --- [scheduling-1] com.indusind.scheduler.SchedulingClass   : Submitted batch from index 663000 to 663500
2025-04-21 15:15:18.889  INFO 11356 --- [scheduling-1] com.indusind.scheduler.SchedulingClass   : Submitted batch from index 663500 to 664000
2025-04-21 15:15:18.889  INFO 11356 --- [scheduling-1] com.indusind.scheduler.SchedulingClass   : Submitted batch from index 664000 to 664500
2025-04-21 15:15:18.889  INFO 11356 --- [scheduling-1] com.indusind.scheduler.SchedulingClass   : Submitted batch from index 664500 to 665000
2025-04-21 15:15:18.889  INFO 11356 --- [scheduling-1] com.indusind.scheduler.SchedulingClass   : Submitted batch from index 665000 to 665500
2025-04-21 15:15:18.889  INFO 11356 --- [scheduling-1] com.indusind.scheduler.SchedulingClass   : Submitted batch from index 665500 to 666000
2025-04-21 15:15:18.889  INFO 11356 --- [scheduling-1] com.indusind.scheduler.SchedulingClass   : Submitted batch from index 666000 to 666500
2025-04-21 15:15:18.889  INFO 11356 --- [scheduling-1] com.indusind.scheduler.SchedulingClass   : Submitted batch from index 666500 to 667000
2025-04-21 15:15:18.889  INFO 11356 --- [scheduling-1] com.indusind.scheduler.SchedulingClass   : Submitted batch from index 667000 to 667500
2025-04-21 15:15:18.889  INFO 11356 --- [scheduling-1] com.indusind.scheduler.SchedulingClass   : Submitted batch from index 667500 to 668000
2025-04-21 15:15:18.889  INFO 11356 --- [scheduling-1] com.indusind.scheduler.SchedulingClass   : Submitted batch from index 668000 to 668500
2025-04-21 15:15:18.889  INFO 11356 --- [scheduling-1] com.indusind.scheduler.SchedulingClass   : Submitted batch from index 668500 to 669000
2025-04-21 15:15:18.889  INFO 11356 --- [scheduling-1] com.indusind.scheduler.SchedulingClass   : Submitted batch from index 669000 to 669500
2025-04-21 15:15:18.889  INFO 11356 --- [scheduling-1] com.indusind.scheduler.SchedulingClass   : Submitted batch from index 669500 to 670000
2025-04-21 15:15:18.889  INFO 11356 --- [scheduling-1] com.indusind.scheduler.SchedulingClass   : Submitted batch from index 670000 to 670500
2025-04-21 15:15:18.889  INFO 11356 --- [scheduling-1] com.indusind.scheduler.SchedulingClass   : Submitted batch from index 670500 to 671000
2025-04-21 15:15:18.889  INFO 11356 --- [scheduling-1] com.indusind.scheduler.SchedulingClass   : Submitted batch from index 671000 to 671500
2025-04-21 15:15:18.889  INFO 11356 --- [scheduling-1] com.indusind.scheduler.SchedulingClass   : Submitted batch from index 671500 to 672000
2025-04-21 15:15:18.890  INFO 11356 --- [scheduling-1] com.indusind.scheduler.SchedulingClass   : Submitted batch from index 672000 to 672500
2025-04-21 15:15:18.890  INFO 11356 --- [scheduling-1] com.indusind.scheduler.SchedulingClass   : Submitted batch from index 672500 to 673000
2025-04-21 15:15:18.890  INFO 11356 --- [scheduling-1] com.indusind.scheduler.SchedulingClass   : Submitted batch from index 673000 to 673500
2025-04-21 15:15:18.890  INFO 11356 --- [scheduling-1] com.indusind.scheduler.SchedulingClass   : Submitted batch from index 673500 to 674000
2025-04-21 15:15:18.890  INFO 11356 --- [scheduling-1] com.indusind.scheduler.SchedulingClass   : Submitted batch from index 674000 to 674500
2025-04-21 15:15:18.890  INFO 11356 --- [scheduling-1] com.indusind.scheduler.SchedulingClass   : Submitted batch from index 674500 to 675000
2025-04-21 15:15:18.890  INFO 11356 --- [scheduling-1] com.indusind.scheduler.SchedulingClass   : Submitted batch from index 675000 to 675500
2025-04-21 15:15:18.890  INFO 11356 --- [scheduling-1] com.indusind.scheduler.SchedulingClass   : Submitted batch from index 675500 to 676000
2025-04-21 15:15:18.890  INFO 11356 --- [scheduling-1] com.indusind.scheduler.SchedulingClass   : Submitted batch from index 676000 to 676500
2025-04-21 15:15:18.890  INFO 11356 --- [scheduling-1] com.indusind.scheduler.SchedulingClass   : Submitted batch from index 676500 to 677000
2025-04-21 15:15:18.890  INFO 11356 --- [scheduling-1] com.indusind.scheduler.SchedulingClass   : Submitted batch from index 677000 to 677500
2025-04-21 15:15:18.890  INFO 11356 --- [scheduling-1] com.indusind.scheduler.SchedulingClass   : Submitted batch from index 677500 to 678000
2025-04-21 15:15:18.890  INFO 11356 --- [scheduling-1] com.indusind.scheduler.SchedulingClass   : Submitted batch from index 678000 to 678500
2025-04-21 15:15:18.890  INFO 11356 --- [scheduling-1] com.indusind.scheduler.SchedulingClass   : Submitted batch from index 678500 to 679000
2025-04-21 15:15:18.890  INFO 11356 --- [scheduling-1] com.indusind.scheduler.SchedulingClass   : Submitted batch from index 679000 to 679500
2025-04-21 15:15:18.890  INFO 11356 --- [scheduling-1] com.indusind.scheduler.SchedulingClass   : Submitted batch from index 679500 to 680000
2025-04-21 15:15:18.890  INFO 11356 --- [scheduling-1] com.indusind.scheduler.SchedulingClass   : Submitted batch from index 680000 to 680500
2025-04-21 15:15:18.890  INFO 11356 --- [scheduling-1] com.indusind.scheduler.SchedulingClass   : Submitted batch from index 680500 to 681000
2025-04-21 15:15:18.890  INFO 11356 --- [scheduling-1] com.indusind.scheduler.SchedulingClass   : Submitted batch from index 681000 to 681500
2025-04-21 15:15:18.890  INFO 11356 --- [scheduling-1] com.indusind.scheduler.SchedulingClass   : Submitted batch from index 681500 to 682000
2025-04-21 15:15:18.890  INFO 11356 --- [scheduling-1] com.indusind.scheduler.SchedulingClass   : Submitted batch from index 682000 to 682500
2025-04-21 15:15:18.890  INFO 11356 --- [scheduling-1] com.indusind.scheduler.SchedulingClass   : Submitted batch from index 682500 to 683000
2025-04-21 15:15:18.890  INFO 11356 --- [scheduling-1] com.indusind.scheduler.SchedulingClass   : Submitted batch from index 683000 to 683500
2025-04-21 15:15:18.890  INFO 11356 --- [scheduling-1] com.indusind.scheduler.SchedulingClass   : Submitted batch from index 683500 to 684000
2025-04-21 15:15:18.891  INFO 11356 --- [scheduling-1] com.indusind.scheduler.SchedulingClass   : Submitted batch from index 684000 to 684500
2025-04-21 15:15:18.891  INFO 11356 --- [scheduling-1] com.indusind.scheduler.SchedulingClass   : Submitted batch from index 684500 to 685000
2025-04-21 15:15:18.891  INFO 11356 --- [scheduling-1] com.indusind.scheduler.SchedulingClass   : Submitted batch from index 685000 to 685500
2025-04-21 15:15:18.891  INFO 11356 --- [scheduling-1] com.indusind.scheduler.SchedulingClass   : Submitted batch from index 685500 to 686000
2025-04-21 15:15:18.891  INFO 11356 --- [scheduling-1] com.indusind.scheduler.SchedulingClass   : Submitted batch from index 686000 to 686500
2025-04-21 15:15:18.891  INFO 11356 --- [scheduling-1] com.indusind.scheduler.SchedulingClass   : Submitted batch from index 686500 to 687000
2025-04-21 15:15:18.891  INFO 11356 --- [scheduling-1] com.indusind.scheduler.SchedulingClass   : Submitted batch from index 687000 to 687500
2025-04-21 15:15:18.891  INFO 11356 --- [scheduling-1] com.indusind.scheduler.SchedulingClass   : Submitted batch from index 687500 to 688000
2025-04-21 15:15:18.891  INFO 11356 --- [scheduling-1] com.indusind.scheduler.SchedulingClass   : Submitted batch from index 688000 to 688500
2025-04-21 15:15:18.891  INFO 11356 --- [scheduling-1] com.indusind.scheduler.SchedulingClass   : Submitted batch from index 688500 to 689000
2025-04-21 15:15:18.891  INFO 11356 --- [scheduling-1] com.indusind.scheduler.SchedulingClass   : Submitted batch from index 689000 to 689500
2025-04-21 15:15:18.891  INFO 11356 --- [scheduling-1] com.indusind.scheduler.SchedulingClass   : Submitted batch from index 689500 to 690000
2025-04-21 15:15:18.891  INFO 11356 --- [scheduling-1] com.indusind.scheduler.SchedulingClass   : Submitted batch from index 690000 to 690500
2025-04-21 15:15:18.891  INFO 11356 --- [scheduling-1] com.indusind.scheduler.SchedulingClass   : Submitted batch from index 690500 to 691000
2025-04-21 15:15:18.891  INFO 11356 --- [scheduling-1] com.indusind.scheduler.SchedulingClass   : Submitted batch from index 691000 to 691500
2025-04-21 15:15:18.891  INFO 11356 --- [scheduling-1] com.indusind.scheduler.SchedulingClass   : Submitted batch from index 691500 to 692000
2025-04-21 15:15:18.891  INFO 11356 --- [scheduling-1] com.indusind.scheduler.SchedulingClass   : Submitted batch from index 692000 to 692500
2025-04-21 15:15:18.891  INFO 11356 --- [scheduling-1] com.indusind.scheduler.SchedulingClass   : Submitted batch from index 692500 to 693000
2025-04-21 15:15:18.891  INFO 11356 --- [scheduling-1] com.indusind.scheduler.SchedulingClass   : Submitted batch from index 693000 to 693500
2025-04-21 15:15:18.891  INFO 11356 --- [scheduling-1] com.indusind.scheduler.SchedulingClass   : Submitted batch from index 693500 to 694000
2025-04-21 15:15:18.891  INFO 11356 --- [scheduling-1] com.indusind.scheduler.SchedulingClass   : Submitted batch from index 694000 to 694500
2025-04-21 15:15:18.891  INFO 11356 --- [scheduling-1] com.indusind.scheduler.SchedulingClass   : Submitted batch from index 694500 to 695000
2025-04-21 15:15:18.891  INFO 11356 --- [scheduling-1] com.indusind.scheduler.SchedulingClass   : Submitted batch from index 695000 to 695500
2025-04-21 15:15:18.891  INFO 11356 --- [scheduling-1] com.indusind.scheduler.SchedulingClass   : Submitted batch from index 695500 to 696000
2025-04-21 15:15:18.891  INFO 11356 --- [scheduling-1] com.indusind.scheduler.SchedulingClass   : Submitted batch from index 696000 to 696500
2025-04-21 15:15:18.891  INFO 11356 --- [scheduling-1] com.indusind.scheduler.SchedulingClass   : Submitted batch from index 696500 to 697000
2025-04-21 15:15:18.891  INFO 11356 --- [scheduling-1] com.indusind.scheduler.SchedulingClass   : Submitted batch from index 697000 to 697500
2025-04-21 15:15:18.891  INFO 11356 --- [scheduling-1] com.indusind.scheduler.SchedulingClass   : Submitted batch from index 697500 to 698000
2025-04-21 15:15:18.891  INFO 11356 --- [scheduling-1] com.indusind.scheduler.SchedulingClass   : Submitted batch from index 698000 to 698500
2025-04-21 15:15:18.891  INFO 11356 --- [scheduling-1] com.indusind.scheduler.SchedulingClass   : Submitted batch from index 698500 to 699000
2025-04-21 15:15:18.891  INFO 11356 --- [scheduling-1] com.indusind.scheduler.SchedulingClass   : Submitted batch from index 699000 to 699500
2025-04-21 15:15:18.891  INFO 11356 --- [scheduling-1] com.indusind.scheduler.SchedulingClass   : Submitted batch from index 699500 to 700000
2025-04-21 15:15:18.891  INFO 11356 --- [scheduling-1] com.indusind.scheduler.SchedulingClass   : Submitted batch from index 700000 to 700500
2025-04-21 15:15:18.891  INFO 11356 --- [scheduling-1] com.indusind.scheduler.SchedulingClass   : Submitted batch from index 700500 to 701000
2025-04-21 15:15:18.891  INFO 11356 --- [scheduling-1] com.indusind.scheduler.SchedulingClass   : Submitted batch from index 701000 to 701500
2025-04-21 15:15:18.891  INFO 11356 --- [scheduling-1] com.indusind.scheduler.SchedulingClass   : Submitted batch from index 701500 to 702000
2025-04-21 15:15:18.891  INFO 11356 --- [scheduling-1] com.indusind.scheduler.SchedulingClass   : Submitted batch from index 702000 to 702500
2025-04-21 15:15:18.891  INFO 11356 --- [scheduling-1] com.indusind.scheduler.SchedulingClass   : Submitted batch from index 702500 to 703000
2025-04-21 15:15:18.891  INFO 11356 --- [scheduling-1] com.indusind.scheduler.SchedulingClass   : Submitted batch from index 703000 to 703500
2025-04-21 15:15:18.892  INFO 11356 --- [scheduling-1] com.indusind.scheduler.SchedulingClass   : Submitted batch from index 703500 to 704000
2025-04-21 15:15:18.892  INFO 11356 --- [scheduling-1] com.indusind.scheduler.SchedulingClass   : Submitted batch from index 704000 to 704500
2025-04-21 15:15:18.892  INFO 11356 --- [scheduling-1] com.indusind.scheduler.SchedulingClass   : Submitted batch from index 704500 to 705000
2025-04-21 15:15:18.892  INFO 11356 --- [scheduling-1] com.indusind.scheduler.SchedulingClass   : Submitted batch from index 705000 to 705500
2025-04-21 15:15:18.892  INFO 11356 --- [scheduling-1] com.indusind.scheduler.SchedulingClass   : Submitted batch from index 705500 to 706000
2025-04-21 15:15:18.892  INFO 11356 --- [scheduling-1] com.indusind.scheduler.SchedulingClass   : Submitted batch from index 706000 to 706500
2025-04-21 15:15:18.892  INFO 11356 --- [scheduling-1] com.indusind.scheduler.SchedulingClass   : Submitted batch from index 706500 to 707000
2025-04-21 15:15:18.892  INFO 11356 --- [scheduling-1] com.indusind.scheduler.SchedulingClass   : Submitted batch from index 707000 to 707500
2025-04-21 15:15:18.892  INFO 11356 --- [scheduling-1] com.indusind.scheduler.SchedulingClass   : Submitted batch from index 707500 to 708000
2025-04-21 15:15:18.892  INFO 11356 --- [scheduling-1] com.indusind.scheduler.SchedulingClass   : Submitted batch from index 708000 to 708500
2025-04-21 15:15:18.892  INFO 11356 --- [scheduling-1] com.indusind.scheduler.SchedulingClass   : Submitted batch from index 708500 to 709000
2025-04-21 15:15:18.892  INFO 11356 --- [scheduling-1] com.indusind.scheduler.SchedulingClass   : Submitted batch from index 709000 to 709500
2025-04-21 15:15:18.892  INFO 11356 --- [scheduling-1] com.indusind.scheduler.SchedulingClass   : Submitted batch from index 709500 to 710000
2025-04-21 15:15:18.892  INFO 11356 --- [scheduling-1] com.indusind.scheduler.SchedulingClass   : Submitted batch from index 710000 to 710500
2025-04-21 15:15:18.892  INFO 11356 --- [scheduling-1] com.indusind.scheduler.SchedulingClass   : Submitted batch from index 710500 to 711000
2025-04-21 15:15:18.892  INFO 11356 --- [scheduling-1] com.indusind.scheduler.SchedulingClass   : Submitted batch from index 711000 to 711500
2025-04-21 15:15:18.892  INFO 11356 --- [scheduling-1] com.indusind.scheduler.SchedulingClass   : Submitted batch from index 711500 to 712000
2025-04-21 15:15:18.892  INFO 11356 --- [scheduling-1] com.indusind.scheduler.SchedulingClass   : Submitted batch from index 712000 to 712500
2025-04-21 15:15:18.892  INFO 11356 --- [scheduling-1] com.indusind.scheduler.SchedulingClass   : Submitted batch from index 712500 to 713000
2025-04-21 15:15:18.892  INFO 11356 --- [scheduling-1] com.indusind.scheduler.SchedulingClass   : Submitted batch from index 713000 to 713500
2025-04-21 15:15:18.892  INFO 11356 --- [scheduling-1] com.indusind.scheduler.SchedulingClass   : Submitted batch from index 713500 to 714000
2025-04-21 15:15:18.892  INFO 11356 --- [scheduling-1] com.indusind.scheduler.SchedulingClass   : Submitted batch from index 714000 to 714500
2025-04-21 15:15:18.892  INFO 11356 --- [scheduling-1] com.indusind.scheduler.SchedulingClass   : Submitted batch from index 714500 to 715000
2025-04-21 15:15:18.892  INFO 11356 --- [scheduling-1] com.indusind.scheduler.SchedulingClass   : Submitted batch from index 715000 to 715500
2025-04-21 15:15:18.892  INFO 11356 --- [scheduling-1] com.indusind.scheduler.SchedulingClass   : Submitted batch from index 715500 to 716000
2025-04-21 15:15:18.892  INFO 11356 --- [scheduling-1] com.indusind.scheduler.SchedulingClass   : Submitted batch from index 716000 to 716500
2025-04-21 15:15:18.892  INFO 11356 --- [scheduling-1] com.indusind.scheduler.SchedulingClass   : Submitted batch from index 716500 to 717000
2025-04-21 15:15:18.892  INFO 11356 --- [scheduling-1] com.indusind.scheduler.SchedulingClass   : Submitted batch from index 717000 to 717500
2025-04-21 15:15:18.892  INFO 11356 --- [scheduling-1] com.indusind.scheduler.SchedulingClass   : Submitted batch from index 717500 to 718000
2025-04-21 15:15:18.893  INFO 11356 --- [scheduling-1] com.indusind.scheduler.SchedulingClass   : Submitted batch from index 718000 to 718500
2025-04-21 15:15:18.893  INFO 11356 --- [scheduling-1] com.indusind.scheduler.SchedulingClass   : Submitted batch from index 718500 to 719000
2025-04-21 15:15:18.893  INFO 11356 --- [scheduling-1] com.indusind.scheduler.SchedulingClass   : Submitted batch from index 719000 to 719500
2025-04-21 15:15:18.893  INFO 11356 --- [scheduling-1] com.indusind.scheduler.SchedulingClass   : Submitted batch from index 719500 to 720000
2025-04-21 15:15:18.893  INFO 11356 --- [scheduling-1] com.indusind.scheduler.SchedulingClass   : Submitted batch from index 720000 to 720500
2025-04-21 15:15:18.893  INFO 11356 --- [scheduling-1] com.indusind.scheduler.SchedulingClass   : Submitted batch from index 720500 to 721000
2025-04-21 15:15:18.893  INFO 11356 --- [scheduling-1] com.indusind.scheduler.SchedulingClass   : Submitted batch from index 721000 to 721500
2025-04-21 15:15:18.893  INFO 11356 --- [scheduling-1] com.indusind.scheduler.SchedulingClass   : Submitted batch from index 721500 to 722000
2025-04-21 15:15:18.893  INFO 11356 --- [scheduling-1] com.indusind.scheduler.SchedulingClass   : Submitted batch from index 722000 to 722500
2025-04-21 15:15:18.893  INFO 11356 --- [scheduling-1] com.indusind.scheduler.SchedulingClass   : Submitted batch from index 722500 to 723000
2025-04-21 15:15:18.893  INFO 11356 --- [scheduling-1] com.indusind.scheduler.SchedulingClass   : Submitted batch from index 723000 to 723500
2025-04-21 15:15:18.893  INFO 11356 --- [scheduling-1] com.indusind.scheduler.SchedulingClass   : Submitted batch from index 723500 to 724000
2025-04-21 15:15:18.893  INFO 11356 --- [scheduling-1] com.indusind.scheduler.SchedulingClass   : Submitted batch from index 724000 to 724500
2025-04-21 15:15:18.893  INFO 11356 --- [scheduling-1] com.indusind.scheduler.SchedulingClass   : Submitted batch from index 724500 to 725000
2025-04-21 15:15:18.893  INFO 11356 --- [scheduling-1] com.indusind.scheduler.SchedulingClass   : Submitted batch from index 725000 to 725500
2025-04-21 15:15:18.893  INFO 11356 --- [scheduling-1] com.indusind.scheduler.SchedulingClass   : Submitted batch from index 725500 to 726000
2025-04-21 15:15:18.893  INFO 11356 --- [scheduling-1] com.indusind.scheduler.SchedulingClass   : Submitted batch from index 726000 to 726500
2025-04-21 15:15:18.893  INFO 11356 --- [scheduling-1] com.indusind.scheduler.SchedulingClass   : Submitted batch from index 726500 to 727000
2025-04-21 15:15:18.900  INFO 11356 --- [scheduling-1] com.indusind.scheduler.SchedulingClass   : Submitted batch from index 727000 to 727500
2025-04-21 15:15:18.900  INFO 11356 --- [scheduling-1] com.indusind.scheduler.SchedulingClass   : Submitted batch from index 727500 to 728000
2025-04-21 15:15:18.900  INFO 11356 --- [scheduling-1] com.indusind.scheduler.SchedulingClass   : Submitted batch from index 728000 to 728500
2025-04-21 15:15:18.900  INFO 11356 --- [scheduling-1] com.indusind.scheduler.SchedulingClass   : Submitted batch from index 728500 to 729000
2025-04-21 15:15:18.900  INFO 11356 --- [scheduling-1] com.indusind.scheduler.SchedulingClass   : Submitted batch from index 729000 to 729500
2025-04-21 15:15:18.900  INFO 11356 --- [scheduling-1] com.indusind.scheduler.SchedulingClass   : Submitted batch from index 729500 to 730000
2025-04-21 15:15:18.901  INFO 11356 --- [scheduling-1] com.indusind.scheduler.SchedulingClass   : Submitted batch from index 730000 to 730500
2025-04-21 15:15:18.901  INFO 11356 --- [scheduling-1] com.indusind.scheduler.SchedulingClass   : Submitted batch from index 730500 to 731000
2025-04-21 15:15:18.901  INFO 11356 --- [scheduling-1] com.indusind.scheduler.SchedulingClass   : Submitted batch from index 731000 to 731500
2025-04-21 15:15:18.901  INFO 11356 --- [scheduling-1] com.indusind.scheduler.SchedulingClass   : Submitted batch from index 731500 to 732000
2025-04-21 15:15:18.901  INFO 11356 --- [scheduling-1] com.indusind.scheduler.SchedulingClass   : Submitted batch from index 732000 to 732500
2025-04-21 15:15:18.901  INFO 11356 --- [scheduling-1] com.indusind.scheduler.SchedulingClass   : Submitted batch from index 732500 to 733000
2025-04-21 15:15:18.901  INFO 11356 --- [scheduling-1] com.indusind.scheduler.SchedulingClass   : Submitted batch from index 733000 to 733500
2025-04-21 15:15:18.901  INFO 11356 --- [scheduling-1] com.indusind.scheduler.SchedulingClass   : Submitted batch from index 733500 to 734000
2025-04-21 15:15:18.901  INFO 11356 --- [scheduling-1] com.indusind.scheduler.SchedulingClass   : Submitted batch from index 734000 to 734500
2025-04-21 15:15:18.901  INFO 11356 --- [scheduling-1] com.indusind.scheduler.SchedulingClass   : Submitted batch from index 734500 to 735000
2025-04-21 15:15:18.901  INFO 11356 --- [scheduling-1] com.indusind.scheduler.SchedulingClass   : Submitted batch from index 735000 to 735500
2025-04-21 15:15:18.901  INFO 11356 --- [scheduling-1] com.indusind.scheduler.SchedulingClass   : Submitted batch from index 735500 to 736000
2025-04-21 15:15:18.901  INFO 11356 --- [scheduling-1] com.indusind.scheduler.SchedulingClass   : Submitted batch from index 736000 to 736500
2025-04-21 15:15:18.901  INFO 11356 --- [scheduling-1] com.indusind.scheduler.SchedulingClass   : Submitted batch from index 736500 to 737000
2025-04-21 15:15:18.901  INFO 11356 --- [scheduling-1] com.indusind.scheduler.SchedulingClass   : Submitted batch from index 737000 to 737500
2025-04-21 15:15:18.901  INFO 11356 --- [scheduling-1] com.indusind.scheduler.SchedulingClass   : Submitted batch from index 737500 to 738000
2025-04-21 15:15:18.901  INFO 11356 --- [scheduling-1] com.indusind.scheduler.SchedulingClass   : Submitted batch from index 738000 to 738500
2025-04-21 15:15:18.901  INFO 11356 --- [scheduling-1] com.indusind.scheduler.SchedulingClass   : Submitted batch from index 738500 to 739000
2025-04-21 15:15:18.901  INFO 11356 --- [scheduling-1] com.indusind.scheduler.SchedulingClass   : Submitted batch from index 739000 to 739500
2025-04-21 15:15:18.901  INFO 11356 --- [scheduling-1] com.indusind.scheduler.SchedulingClass   : Submitted batch from index 739500 to 740000
2025-04-21 15:15:18.903  INFO 11356 --- [scheduling-1] com.indusind.scheduler.SchedulingClass   : Submitted batch from index 740000 to 740500
2025-04-21 15:15:18.903  INFO 11356 --- [scheduling-1] com.indusind.scheduler.SchedulingClass   : Submitted batch from index 740500 to 741000
2025-04-21 15:15:18.903  INFO 11356 --- [scheduling-1] com.indusind.scheduler.SchedulingClass   : Submitted batch from index 741000 to 741500
2025-04-21 15:15:18.903  INFO 11356 --- [scheduling-1] com.indusind.scheduler.SchedulingClass   : Submitted batch from index 741500 to 742000
2025-04-21 15:15:18.903  INFO 11356 --- [scheduling-1] com.indusind.scheduler.SchedulingClass   : Submitted batch from index 742000 to 742500
2025-04-21 15:15:18.903  INFO 11356 --- [scheduling-1] com.indusind.scheduler.SchedulingClass   : Submitted batch from index 742500 to 743000
2025-04-21 15:15:18.903  INFO 11356 --- [scheduling-1] com.indusind.scheduler.SchedulingClass   : Submitted batch from index 743000 to 743500
2025-04-21 15:15:18.903  INFO 11356 --- [scheduling-1] com.indusind.scheduler.SchedulingClass   : Submitted batch from index 743500 to 744000
2025-04-21 15:15:18.903  INFO 11356 --- [scheduling-1] com.indusind.scheduler.SchedulingClass   : Submitted batch from index 744000 to 744500
2025-04-21 15:15:18.903  INFO 11356 --- [scheduling-1] com.indusind.scheduler.SchedulingClass   : Submitted batch from index 744500 to 745000
2025-04-21 15:15:18.903  INFO 11356 --- [scheduling-1] com.indusind.scheduler.SchedulingClass   : Submitted batch from index 745000 to 745500
2025-04-21 15:15:18.903  INFO 11356 --- [scheduling-1] com.indusind.scheduler.SchedulingClass   : Submitted batch from index 745500 to 746000
2025-04-21 15:15:18.903  INFO 11356 --- [scheduling-1] com.indusind.scheduler.SchedulingClass   : Submitted batch from index 746000 to 746500
2025-04-21 15:15:18.903  INFO 11356 --- [scheduling-1] com.indusind.scheduler.SchedulingClass   : Submitted batch from index 746500 to 747000
2025-04-21 15:15:18.903  INFO 11356 --- [scheduling-1] com.indusind.scheduler.SchedulingClass   : Submitted batch from index 747000 to 747500
2025-04-21 15:15:18.903  INFO 11356 --- [scheduling-1] com.indusind.scheduler.SchedulingClass   : Submitted batch from index 747500 to 748000
2025-04-21 15:15:18.903  INFO 11356 --- [scheduling-1] com.indusind.scheduler.SchedulingClass   : Submitted batch from index 748000 to 748500
2025-04-21 15:15:18.903  INFO 11356 --- [scheduling-1] com.indusind.scheduler.SchedulingClass   : Submitted batch from index 748500 to 749000
2025-04-21 15:15:18.903  INFO 11356 --- [scheduling-1] com.indusind.scheduler.SchedulingClass   : Submitted batch from index 749000 to 749500
2025-04-21 15:15:18.903  INFO 11356 --- [scheduling-1] com.indusind.scheduler.SchedulingClass   : Submitted batch from index 749500 to 750000
2025-04-21 15:15:18.903  INFO 11356 --- [scheduling-1] com.indusind.scheduler.SchedulingClass   : Submitted batch from index 750000 to 750500
2025-04-21 15:15:18.903  INFO 11356 --- [scheduling-1] com.indusind.scheduler.SchedulingClass   : Submitted batch from index 750500 to 751000
2025-04-21 15:15:18.903  INFO 11356 --- [scheduling-1] com.indusind.scheduler.SchedulingClass   : Submitted batch from index 751000 to 751500
2025-04-21 15:15:18.903  INFO 11356 --- [scheduling-1] com.indusind.scheduler.SchedulingClass   : Submitted batch from index 751500 to 752000
2025-04-21 15:15:18.903  INFO 11356 --- [scheduling-1] com.indusind.scheduler.SchedulingClass   : Submitted batch from index 752000 to 752500
2025-04-21 15:15:18.903  INFO 11356 --- [scheduling-1] com.indusind.scheduler.SchedulingClass   : Submitted batch from index 752500 to 753000
2025-04-21 15:15:18.903  INFO 11356 --- [scheduling-1] com.indusind.scheduler.SchedulingClass   : Submitted batch from index 753000 to 753500
2025-04-21 15:15:18.903  INFO 11356 --- [scheduling-1] com.indusind.scheduler.SchedulingClass   : Submitted batch from index 753500 to 754000
2025-04-21 15:15:18.903  INFO 11356 --- [scheduling-1] com.indusind.scheduler.SchedulingClass   : Submitted batch from index 754000 to 754500
2025-04-21 15:15:18.903  INFO 11356 --- [scheduling-1] com.indusind.scheduler.SchedulingClass   : Submitted batch from index 754500 to 755000
2025-04-21 15:15:18.903  INFO 11356 --- [scheduling-1] com.indusind.scheduler.SchedulingClass   : Submitted batch from index 755000 to 755500
2025-04-21 15:15:18.903  INFO 11356 --- [scheduling-1] com.indusind.scheduler.SchedulingClass   : Submitted batch from index 755500 to 756000
2025-04-21 15:15:18.903  INFO 11356 --- [scheduling-1] com.indusind.scheduler.SchedulingClass   : Submitted batch from index 756000 to 756500
2025-04-21 15:15:18.903  INFO 11356 --- [scheduling-1] com.indusind.scheduler.SchedulingClass   : Submitted batch from index 756500 to 757000
2025-04-21 15:15:18.903  INFO 11356 --- [scheduling-1] com.indusind.scheduler.SchedulingClass   : Submitted batch from index 757000 to 757500
2025-04-21 15:15:18.903  INFO 11356 --- [scheduling-1] com.indusind.scheduler.SchedulingClass   : Submitted batch from index 757500 to 758000
2025-04-21 15:15:18.903  INFO 11356 --- [scheduling-1] com.indusind.scheduler.SchedulingClass   : Submitted batch from index 758000 to 758500
2025-04-21 15:15:18.903  INFO 11356 --- [scheduling-1] com.indusind.scheduler.SchedulingClass   : Submitted batch from index 758500 to 759000
2025-04-21 15:15:18.903  INFO 11356 --- [scheduling-1] com.indusind.scheduler.SchedulingClass   : Submitted batch from index 759000 to 759500
2025-04-21 15:15:18.903  INFO 11356 --- [scheduling-1] com.indusind.scheduler.SchedulingClass   : Submitted batch from index 759500 to 760000
2025-04-21 15:15:18.903  INFO 11356 --- [scheduling-1] com.indusind.scheduler.SchedulingClass   : Submitted batch from index 760000 to 760500
2025-04-21 15:15:18.903  INFO 11356 --- [scheduling-1] com.indusind.scheduler.SchedulingClass   : Submitted batch from index 760500 to 761000
2025-04-21 15:15:18.903  INFO 11356 --- [scheduling-1] com.indusind.scheduler.SchedulingClass   : Submitted batch from index 761000 to 761500
2025-04-21 15:15:18.903  INFO 11356 --- [scheduling-1] com.indusind.scheduler.SchedulingClass   : Submitted batch from index 761500 to 762000
2025-04-21 15:15:18.903  INFO 11356 --- [scheduling-1] com.indusind.scheduler.SchedulingClass   : Submitted batch from index 762000 to 762500
2025-04-21 15:15:18.903  INFO 11356 --- [scheduling-1] com.indusind.scheduler.SchedulingClass   : Submitted batch from index 762500 to 763000
2025-04-21 15:15:18.903  INFO 11356 --- [scheduling-1] com.indusind.scheduler.SchedulingClass   : Submitted batch from index 763000 to 763500
2025-04-21 15:15:18.903  INFO 11356 --- [scheduling-1] com.indusind.scheduler.SchedulingClass   : Submitted batch from index 763500 to 764000
2025-04-21 15:15:18.903  INFO 11356 --- [scheduling-1] com.indusind.scheduler.SchedulingClass   : Submitted batch from index 764000 to 764500
2025-04-21 15:15:18.904  INFO 11356 --- [scheduling-1] com.indusind.scheduler.SchedulingClass   : Submitted batch from index 764500 to 765000
2025-04-21 15:15:18.905  INFO 11356 --- [scheduling-1] com.indusind.scheduler.SchedulingClass   : Submitted batch from index 765000 to 765500
2025-04-21 15:15:18.905  INFO 11356 --- [scheduling-1] com.indusind.scheduler.SchedulingClass   : Submitted batch from index 765500 to 766000
2025-04-21 15:15:18.905  INFO 11356 --- [scheduling-1] com.indusind.scheduler.SchedulingClass   : Submitted batch from index 766000 to 766500
2025-04-21 15:15:18.905  INFO 11356 --- [scheduling-1] com.indusind.scheduler.SchedulingClass   : Submitted batch from index 766500 to 767000
2025-04-21 15:15:18.905  INFO 11356 --- [scheduling-1] com.indusind.scheduler.SchedulingClass   : Submitted batch from index 767000 to 767500
2025-04-21 15:15:18.905  INFO 11356 --- [scheduling-1] com.indusind.scheduler.SchedulingClass   : Submitted batch from index 767500 to 768000
2025-04-21 15:15:18.905  INFO 11356 --- [scheduling-1] com.indusind.scheduler.SchedulingClass   : Submitted batch from index 768000 to 768500
2025-04-21 15:15:18.905  INFO 11356 --- [scheduling-1] com.indusind.scheduler.SchedulingClass   : Submitted batch from index 768500 to 769000
2025-04-21 15:15:18.905  INFO 11356 --- [scheduling-1] com.indusind.scheduler.SchedulingClass   : Submitted batch from index 769000 to 769500
2025-04-21 15:15:18.905  INFO 11356 --- [scheduling-1] com.indusind.scheduler.SchedulingClass   : Submitted batch from index 769500 to 770000
2025-04-21 15:15:18.905  INFO 11356 --- [scheduling-1] com.indusind.scheduler.SchedulingClass   : Submitted batch from index 770000 to 770500
2025-04-21 15:15:18.905  INFO 11356 --- [scheduling-1] com.indusind.scheduler.SchedulingClass   : Submitted batch from index 770500 to 771000
2025-04-21 15:15:18.905  INFO 11356 --- [scheduling-1] com.indusind.scheduler.SchedulingClass   : Submitted batch from index 771000 to 771500
2025-04-21 15:15:18.905  INFO 11356 --- [scheduling-1] com.indusind.scheduler.SchedulingClass   : Submitted batch from index 771500 to 772000
2025-04-21 15:15:18.905  INFO 11356 --- [scheduling-1] com.indusind.scheduler.SchedulingClass   : Submitted batch from index 772000 to 772500
2025-04-21 15:15:18.905  INFO 11356 --- [scheduling-1] com.indusind.scheduler.SchedulingClass   : Submitted batch from index 772500 to 773000
2025-04-21 15:15:18.905  INFO 11356 --- [scheduling-1] com.indusind.scheduler.SchedulingClass   : Submitted batch from index 773000 to 773500
2025-04-21 15:15:18.905  INFO 11356 --- [scheduling-1] com.indusind.scheduler.SchedulingClass   : Submitted batch from index 773500 to 774000
2025-04-21 15:15:18.905  INFO 11356 --- [scheduling-1] com.indusind.scheduler.SchedulingClass   : Submitted batch from index 774000 to 774500
2025-04-21 15:15:18.905  INFO 11356 --- [scheduling-1] com.indusind.scheduler.SchedulingClass   : Submitted batch from index 774500 to 775000
2025-04-21 15:15:18.905  INFO 11356 --- [scheduling-1] com.indusind.scheduler.SchedulingClass   : Submitted batch from index 775000 to 775500
2025-04-21 15:15:18.905  INFO 11356 --- [scheduling-1] com.indusind.scheduler.SchedulingClass   : Submitted batch from index 775500 to 776000
2025-04-21 15:15:18.905  INFO 11356 --- [scheduling-1] com.indusind.scheduler.SchedulingClass   : Submitted batch from index 776000 to 776500
2025-04-21 15:15:18.905  INFO 11356 --- [scheduling-1] com.indusind.scheduler.SchedulingClass   : Submitted batch from index 776500 to 777000
2025-04-21 15:15:18.905  INFO 11356 --- [scheduling-1] com.indusind.scheduler.SchedulingClass   : Submitted batch from index 777000 to 777500
2025-04-21 15:15:18.905  INFO 11356 --- [scheduling-1] com.indusind.scheduler.SchedulingClass   : Submitted batch from index 777500 to 778000
2025-04-21 15:15:18.905  INFO 11356 --- [scheduling-1] com.indusind.scheduler.SchedulingClass   : Submitted batch from index 778000 to 778500
2025-04-21 15:15:18.905  INFO 11356 --- [scheduling-1] com.indusind.scheduler.SchedulingClass   : Submitted batch from index 778500 to 779000
2025-04-21 15:15:18.905  INFO 11356 --- [scheduling-1] com.indusind.scheduler.SchedulingClass   : Submitted batch from index 779000 to 779500
2025-04-21 15:15:18.905  INFO 11356 --- [scheduling-1] com.indusind.scheduler.SchedulingClass   : Submitted batch from index 779500 to 780000
2025-04-21 15:15:18.905  INFO 11356 --- [scheduling-1] com.indusind.scheduler.SchedulingClass   : Submitted batch from index 780000 to 780500
2025-04-21 15:15:18.905  INFO 11356 --- [scheduling-1] com.indusind.scheduler.SchedulingClass   : Submitted batch from index 780500 to 781000
2025-04-21 15:15:18.905  INFO 11356 --- [scheduling-1] com.indusind.scheduler.SchedulingClass   : Submitted batch from index 781000 to 781500
2025-04-21 15:15:18.905  INFO 11356 --- [scheduling-1] com.indusind.scheduler.SchedulingClass   : Submitted batch from index 781500 to 782000
2025-04-21 15:15:18.905  INFO 11356 --- [scheduling-1] com.indusind.scheduler.SchedulingClass   : Submitted batch from index 782000 to 782500
2025-04-21 15:15:18.905  INFO 11356 --- [scheduling-1] com.indusind.scheduler.SchedulingClass   : Submitted batch from index 782500 to 783000
2025-04-21 15:15:18.905  INFO 11356 --- [scheduling-1] com.indusind.scheduler.SchedulingClass   : Submitted batch from index 783000 to 783500
2025-04-21 15:15:18.905  INFO 11356 --- [scheduling-1] com.indusind.scheduler.SchedulingClass   : Submitted batch from index 783500 to 784000
2025-04-21 15:15:18.905  INFO 11356 --- [scheduling-1] com.indusind.scheduler.SchedulingClass   : Submitted batch from index 784000 to 784500
2025-04-21 15:15:18.905  INFO 11356 --- [scheduling-1] com.indusind.scheduler.SchedulingClass   : Submitted batch from index 784500 to 785000
2025-04-21 15:15:18.905  INFO 11356 --- [scheduling-1] com.indusind.scheduler.SchedulingClass   : Submitted batch from index 785000 to 785500
2025-04-21 15:15:18.905  INFO 11356 --- [scheduling-1] com.indusind.scheduler.SchedulingClass   : Submitted batch from index 785500 to 786000
2025-04-21 15:15:18.905  INFO 11356 --- [scheduling-1] com.indusind.scheduler.SchedulingClass   : Submitted batch from index 786000 to 786500
2025-04-21 15:15:18.905  INFO 11356 --- [scheduling-1] com.indusind.scheduler.SchedulingClass   : Submitted batch from index 786500 to 787000
2025-04-21 15:15:18.905  INFO 11356 --- [scheduling-1] com.indusind.scheduler.SchedulingClass   : Submitted batch from index 787000 to 787500
2025-04-21 15:15:18.905  INFO 11356 --- [scheduling-1] com.indusind.scheduler.SchedulingClass   : Submitted batch from index 787500 to 788000
2025-04-21 15:15:18.905  INFO 11356 --- [scheduling-1] com.indusind.scheduler.SchedulingClass   : Submitted batch from index 788000 to 788500
2025-04-21 15:15:18.905  INFO 11356 --- [scheduling-1] com.indusind.scheduler.SchedulingClass   : Submitted batch from index 788500 to 789000
2025-04-21 15:15:18.905  INFO 11356 --- [scheduling-1] com.indusind.scheduler.SchedulingClass   : Submitted batch from index 789000 to 789500
2025-04-21 15:15:18.906  INFO 11356 --- [scheduling-1] com.indusind.scheduler.SchedulingClass   : Submitted batch from index 789500 to 790000
2025-04-21 15:15:18.906  INFO 11356 --- [scheduling-1] com.indusind.scheduler.SchedulingClass   : Submitted batch from index 790000 to 790500
2025-04-21 15:15:18.906  INFO 11356 --- [scheduling-1] com.indusind.scheduler.SchedulingClass   : Submitted batch from index 790500 to 791000
2025-04-21 15:15:18.906  INFO 11356 --- [scheduling-1] com.indusind.scheduler.SchedulingClass   : Submitted batch from index 791000 to 791500
2025-04-21 15:15:18.906  INFO 11356 --- [scheduling-1] com.indusind.scheduler.SchedulingClass   : Submitted batch from index 791500 to 792000
2025-04-21 15:15:18.906  INFO 11356 --- [scheduling-1] com.indusind.scheduler.SchedulingClass   : Submitted batch from index 792000 to 792500
2025-04-21 15:15:18.906  INFO 11356 --- [scheduling-1] com.indusind.scheduler.SchedulingClass   : Submitted batch from index 792500 to 793000
2025-04-21 15:15:18.906  INFO 11356 --- [scheduling-1] com.indusind.scheduler.SchedulingClass   : Submitted batch from index 793000 to 793500
2025-04-21 15:15:18.906  INFO 11356 --- [scheduling-1] com.indusind.scheduler.SchedulingClass   : Submitted batch from index 793500 to 794000
2025-04-21 15:15:18.906  INFO 11356 --- [scheduling-1] com.indusind.scheduler.SchedulingClass   : Submitted batch from index 794000 to 794500
2025-04-21 15:15:18.906  INFO 11356 --- [scheduling-1] com.indusind.scheduler.SchedulingClass   : Submitted batch from index 794500 to 795000
2025-04-21 15:15:18.906  INFO 11356 --- [scheduling-1] com.indusind.scheduler.SchedulingClass   : Submitted batch from index 795000 to 795500
2025-04-21 15:15:18.906  INFO 11356 --- [scheduling-1] com.indusind.scheduler.SchedulingClass   : Submitted batch from index 795500 to 796000
2025-04-21 15:15:18.906  INFO 11356 --- [scheduling-1] com.indusind.scheduler.SchedulingClass   : Submitted batch from index 796000 to 796500
2025-04-21 15:15:18.906  INFO 11356 --- [scheduling-1] com.indusind.scheduler.SchedulingClass   : Submitted batch from index 796500 to 797000
2025-04-21 15:15:18.906  INFO 11356 --- [scheduling-1] com.indusind.scheduler.SchedulingClass   : Submitted batch from index 797000 to 797500
2025-04-21 15:15:18.906  INFO 11356 --- [scheduling-1] com.indusind.scheduler.SchedulingClass   : Submitted batch from index 797500 to 798000
2025-04-21 15:15:18.906  INFO 11356 --- [scheduling-1] com.indusind.scheduler.SchedulingClass   : Submitted batch from index 798000 to 798500
2025-04-21 15:15:18.906  INFO 11356 --- [scheduling-1] com.indusind.scheduler.SchedulingClass   : Submitted batch from index 798500 to 799000
2025-04-21 15:15:18.906  INFO 11356 --- [scheduling-1] com.indusind.scheduler.SchedulingClass   : Submitted batch from index 799000 to 799500
2025-04-21 15:15:18.906  INFO 11356 --- [scheduling-1] com.indusind.scheduler.SchedulingClass   : Submitted batch from index 799500 to 800000
2025-04-21 15:15:18.906  INFO 11356 --- [scheduling-1] com.indusind.scheduler.SchedulingClass   : Submitted batch from index 800000 to 800500
2025-04-21 15:15:18.906  INFO 11356 --- [scheduling-1] com.indusind.scheduler.SchedulingClass   : Submitted batch from index 800500 to 801000
2025-04-21 15:15:18.906  INFO 11356 --- [scheduling-1] com.indusind.scheduler.SchedulingClass   : Submitted batch from index 801000 to 801500
2025-04-21 15:15:18.906  INFO 11356 --- [scheduling-1] com.indusind.scheduler.SchedulingClass   : Submitted batch from index 801500 to 802000
2025-04-21 15:15:18.906  INFO 11356 --- [scheduling-1] com.indusind.scheduler.SchedulingClass   : Submitted batch from index 802000 to 802500
2025-04-21 15:15:18.906  INFO 11356 --- [scheduling-1] com.indusind.scheduler.SchedulingClass   : Submitted batch from index 802500 to 803000
2025-04-21 15:15:18.906  INFO 11356 --- [scheduling-1] com.indusind.scheduler.SchedulingClass   : Submitted batch from index 803000 to 803500
2025-04-21 15:15:18.907  INFO 11356 --- [scheduling-1] com.indusind.scheduler.SchedulingClass   : Submitted batch from index 803500 to 804000
2025-04-21 15:15:18.907  INFO 11356 --- [scheduling-1] com.indusind.scheduler.SchedulingClass   : Submitted batch from index 804000 to 804500
2025-04-21 15:15:18.907  INFO 11356 --- [scheduling-1] com.indusind.scheduler.SchedulingClass   : Submitted batch from index 804500 to 805000
2025-04-21 15:15:18.907  INFO 11356 --- [scheduling-1] com.indusind.scheduler.SchedulingClass   : Submitted batch from index 805000 to 805500
2025-04-21 15:15:18.907  INFO 11356 --- [scheduling-1] com.indusind.scheduler.SchedulingClass   : Submitted batch from index 805500 to 806000
2025-04-21 15:15:18.907  INFO 11356 --- [scheduling-1] com.indusind.scheduler.SchedulingClass   : Submitted batch from index 806000 to 806500
2025-04-21 15:15:18.907  INFO 11356 --- [scheduling-1] com.indusind.scheduler.SchedulingClass   : Submitted batch from index 806500 to 807000
2025-04-21 15:15:18.907  INFO 11356 --- [scheduling-1] com.indusind.scheduler.SchedulingClass   : Submitted batch from index 807000 to 807500
2025-04-21 15:15:18.907  INFO 11356 --- [scheduling-1] com.indusind.scheduler.SchedulingClass   : Submitted batch from index 807500 to 808000
2025-04-21 15:15:18.907  INFO 11356 --- [scheduling-1] com.indusind.scheduler.SchedulingClass   : Submitted batch from index 808000 to 808500
2025-04-21 15:15:18.907  INFO 11356 --- [scheduling-1] com.indusind.scheduler.SchedulingClass   : Submitted batch from index 808500 to 809000
2025-04-21 15:15:18.907  INFO 11356 --- [scheduling-1] com.indusind.scheduler.SchedulingClass   : Submitted batch from index 809000 to 809500
2025-04-21 15:15:18.907  INFO 11356 --- [scheduling-1] com.indusind.scheduler.SchedulingClass   : Submitted batch from index 809500 to 810000
2025-04-21 15:15:18.907  INFO 11356 --- [scheduling-1] com.indusind.scheduler.SchedulingClass   : Submitted batch from index 810000 to 810500
2025-04-21 15:15:18.907  INFO 11356 --- [scheduling-1] com.indusind.scheduler.SchedulingClass   : Submitted batch from index 810500 to 811000
2025-04-21 15:15:18.907  INFO 11356 --- [scheduling-1] com.indusind.scheduler.SchedulingClass   : Submitted batch from index 811000 to 811500
2025-04-21 15:15:18.907  INFO 11356 --- [scheduling-1] com.indusind.scheduler.SchedulingClass   : Submitted batch from index 811500 to 812000
2025-04-21 15:15:18.908  INFO 11356 --- [scheduling-1] com.indusind.scheduler.SchedulingClass   : Submitted batch from index 812000 to 812500
2025-04-21 15:15:18.908  INFO 11356 --- [scheduling-1] com.indusind.scheduler.SchedulingClass   : Submitted batch from index 812500 to 813000
2025-04-21 15:15:18.908  INFO 11356 --- [scheduling-1] com.indusind.scheduler.SchedulingClass   : Submitted batch from index 813000 to 813500
2025-04-21 15:15:18.908  INFO 11356 --- [scheduling-1] com.indusind.scheduler.SchedulingClass   : Submitted batch from index 813500 to 814000
2025-04-21 15:15:18.908  INFO 11356 --- [scheduling-1] com.indusind.scheduler.SchedulingClass   : Submitted batch from index 814000 to 814500
2025-04-21 15:15:18.908  INFO 11356 --- [scheduling-1] com.indusind.scheduler.SchedulingClass   : Submitted batch from index 814500 to 815000
2025-04-21 15:15:18.908  INFO 11356 --- [scheduling-1] com.indusind.scheduler.SchedulingClass   : Submitted batch from index 815000 to 815500
2025-04-21 15:15:18.908  INFO 11356 --- [scheduling-1] com.indusind.scheduler.SchedulingClass   : Submitted batch from index 815500 to 816000
2025-04-21 15:15:18.908  INFO 11356 --- [scheduling-1] com.indusind.scheduler.SchedulingClass   : Submitted batch from index 816000 to 816500
2025-04-21 15:15:18.908  INFO 11356 --- [scheduling-1] com.indusind.scheduler.SchedulingClass   : Submitted batch from index 816500 to 817000
2025-04-21 15:15:18.908  INFO 11356 --- [scheduling-1] com.indusind.scheduler.SchedulingClass   : Submitted batch from index 817000 to 817500
2025-04-21 15:15:18.908  INFO 11356 --- [scheduling-1] com.indusind.scheduler.SchedulingClass   : Submitted batch from index 817500 to 818000
2025-04-21 15:15:18.908  INFO 11356 --- [scheduling-1] com.indusind.scheduler.SchedulingClass   : Submitted batch from index 818000 to 818500
2025-04-21 15:15:18.908  INFO 11356 --- [scheduling-1] com.indusind.scheduler.SchedulingClass   : Submitted batch from index 818500 to 819000
2025-04-21 15:15:18.908  INFO 11356 --- [scheduling-1] com.indusind.scheduler.SchedulingClass   : Submitted batch from index 819000 to 819500
2025-04-21 15:15:18.908  INFO 11356 --- [scheduling-1] com.indusind.scheduler.SchedulingClass   : Submitted batch from index 819500 to 820000
2025-04-21 15:15:18.909  INFO 11356 --- [scheduling-1] com.indusind.scheduler.SchedulingClass   : Submitted batch from index 820000 to 820500
2025-04-21 15:15:18.909  INFO 11356 --- [scheduling-1] com.indusind.scheduler.SchedulingClass   : Submitted batch from index 820500 to 821000
2025-04-21 15:15:18.909  INFO 11356 --- [scheduling-1] com.indusind.scheduler.SchedulingClass   : Submitted batch from index 821000 to 821500
2025-04-21 15:15:18.909  INFO 11356 --- [scheduling-1] com.indusind.scheduler.SchedulingClass   : Submitted batch from index 821500 to 822000
2025-04-21 15:15:18.909  INFO 11356 --- [scheduling-1] com.indusind.scheduler.SchedulingClass   : Submitted batch from index 822000 to 822500
2025-04-21 15:15:18.909  INFO 11356 --- [scheduling-1] com.indusind.scheduler.SchedulingClass   : Submitted batch from index 822500 to 823000
2025-04-21 15:15:18.909  INFO 11356 --- [scheduling-1] com.indusind.scheduler.SchedulingClass   : Submitted batch from index 823000 to 823500
2025-04-21 15:15:18.909  INFO 11356 --- [scheduling-1] com.indusind.scheduler.SchedulingClass   : Submitted batch from index 823500 to 824000
2025-04-21 15:15:18.909  INFO 11356 --- [scheduling-1] com.indusind.scheduler.SchedulingClass   : Submitted batch from index 824000 to 824500
2025-04-21 15:15:18.909  INFO 11356 --- [scheduling-1] com.indusind.scheduler.SchedulingClass   : Submitted batch from index 824500 to 825000
2025-04-21 15:15:18.909  INFO 11356 --- [scheduling-1] com.indusind.scheduler.SchedulingClass   : Submitted batch from index 825000 to 825500
2025-04-21 15:15:18.909  INFO 11356 --- [scheduling-1] com.indusind.scheduler.SchedulingClass   : Submitted batch from index 825500 to 826000
2025-04-21 15:15:18.909  INFO 11356 --- [scheduling-1] com.indusind.scheduler.SchedulingClass   : Submitted batch from index 826000 to 826500
2025-04-21 15:15:18.909  INFO 11356 --- [scheduling-1] com.indusind.scheduler.SchedulingClass   : Submitted batch from index 826500 to 827000
2025-04-21 15:15:18.909  INFO 11356 --- [scheduling-1] com.indusind.scheduler.SchedulingClass   : Submitted batch from index 827000 to 827500
2025-04-21 15:15:18.909  INFO 11356 --- [scheduling-1] com.indusind.scheduler.SchedulingClass   : Submitted batch from index 827500 to 828000
2025-04-21 15:15:18.910  INFO 11356 --- [scheduling-1] com.indusind.scheduler.SchedulingClass   : Submitted batch from index 828000 to 828500
2025-04-21 15:15:18.910  INFO 11356 --- [scheduling-1] com.indusind.scheduler.SchedulingClass   : Submitted batch from index 828500 to 829000
2025-04-21 15:15:18.910  INFO 11356 --- [scheduling-1] com.indusind.scheduler.SchedulingClass   : Submitted batch from index 829000 to 829500
2025-04-21 15:15:18.910  INFO 11356 --- [scheduling-1] com.indusind.scheduler.SchedulingClass   : Submitted batch from index 829500 to 830000
2025-04-21 15:15:18.910  INFO 11356 --- [scheduling-1] com.indusind.scheduler.SchedulingClass   : Submitted batch from index 830000 to 830500
2025-04-21 15:15:18.910  INFO 11356 --- [scheduling-1] com.indusind.scheduler.SchedulingClass   : Submitted batch from index 830500 to 831000
2025-04-21 15:15:18.910  INFO 11356 --- [scheduling-1] com.indusind.scheduler.SchedulingClass   : Submitted batch from index 831000 to 831500
2025-04-21 15:15:18.910  INFO 11356 --- [scheduling-1] com.indusind.scheduler.SchedulingClass   : Submitted batch from index 831500 to 832000
2025-04-21 15:15:18.910  INFO 11356 --- [scheduling-1] com.indusind.scheduler.SchedulingClass   : Submitted batch from index 832000 to 832500
2025-04-21 15:15:18.910  INFO 11356 --- [scheduling-1] com.indusind.scheduler.SchedulingClass   : Submitted batch from index 832500 to 833000
2025-04-21 15:15:18.910  INFO 11356 --- [scheduling-1] com.indusind.scheduler.SchedulingClass   : Submitted batch from index 833000 to 833500
2025-04-21 15:15:18.910  INFO 11356 --- [scheduling-1] com.indusind.scheduler.SchedulingClass   : Submitted batch from index 833500 to 834000
2025-04-21 15:15:18.910  INFO 11356 --- [scheduling-1] com.indusind.scheduler.SchedulingClass   : Submitted batch from index 834000 to 834500
2025-04-21 15:15:18.910  INFO 11356 --- [scheduling-1] com.indusind.scheduler.SchedulingClass   : Submitted batch from index 834500 to 835000
2025-04-21 15:15:18.910  INFO 11356 --- [scheduling-1] com.indusind.scheduler.SchedulingClass   : Submitted batch from index 835000 to 835500
2025-04-21 15:15:18.910  INFO 11356 --- [scheduling-1] com.indusind.scheduler.SchedulingClass   : Submitted batch from index 835500 to 836000
2025-04-21 15:15:18.910  INFO 11356 --- [scheduling-1] com.indusind.scheduler.SchedulingClass   : Submitted batch from index 836000 to 836500
2025-04-21 15:15:18.910  INFO 11356 --- [scheduling-1] com.indusind.scheduler.SchedulingClass   : Submitted batch from index 836500 to 837000
2025-04-21 15:15:18.910  INFO 11356 --- [scheduling-1] com.indusind.scheduler.SchedulingClass   : Submitted batch from index 837000 to 837500
2025-04-21 15:15:18.910  INFO 11356 --- [scheduling-1] com.indusind.scheduler.SchedulingClass   : Submitted batch from index 837500 to 838000
2025-04-21 15:15:18.910  INFO 11356 --- [scheduling-1] com.indusind.scheduler.SchedulingClass   : Submitted batch from index 838000 to 838500
2025-04-21 15:15:18.910  INFO 11356 --- [scheduling-1] com.indusind.scheduler.SchedulingClass   : Submitted batch from index 838500 to 839000
2025-04-21 15:15:18.910  INFO 11356 --- [scheduling-1] com.indusind.scheduler.SchedulingClass   : Submitted batch from index 839000 to 839500
2025-04-21 15:15:18.910  INFO 11356 --- [scheduling-1] com.indusind.scheduler.SchedulingClass   : Submitted batch from index 839500 to 840000
2025-04-21 15:15:18.910  INFO 11356 --- [scheduling-1] com.indusind.scheduler.SchedulingClass   : Submitted batch from index 840000 to 840500
2025-04-21 15:15:18.910  INFO 11356 --- [scheduling-1] com.indusind.scheduler.SchedulingClass   : Submitted batch from index 840500 to 841000
2025-04-21 15:15:18.910  INFO 11356 --- [scheduling-1] com.indusind.scheduler.SchedulingClass   : Submitted batch from index 841000 to 841500
2025-04-21 15:15:18.910  INFO 11356 --- [scheduling-1] com.indusind.scheduler.SchedulingClass   : Submitted batch from index 841500 to 842000
2025-04-21 15:15:18.910  INFO 11356 --- [scheduling-1] com.indusind.scheduler.SchedulingClass   : Submitted batch from index 842000 to 842500
2025-04-21 15:15:18.910  INFO 11356 --- [scheduling-1] com.indusind.scheduler.SchedulingClass   : Submitted batch from index 842500 to 843000
2025-04-21 15:15:18.910  INFO 11356 --- [scheduling-1] com.indusind.scheduler.SchedulingClass   : Submitted batch from index 843000 to 843500
2025-04-21 15:15:18.910  INFO 11356 --- [scheduling-1] com.indusind.scheduler.SchedulingClass   : Submitted batch from index 843500 to 844000
2025-04-21 15:15:18.910  INFO 11356 --- [scheduling-1] com.indusind.scheduler.SchedulingClass   : Submitted batch from index 844000 to 844500
2025-04-21 15:15:18.910  INFO 11356 --- [scheduling-1] com.indusind.scheduler.SchedulingClass   : Submitted batch from index 844500 to 845000
2025-04-21 15:15:18.910  INFO 11356 --- [scheduling-1] com.indusind.scheduler.SchedulingClass   : Submitted batch from index 845000 to 845500
2025-04-21 15:15:18.910  INFO 11356 --- [scheduling-1] com.indusind.scheduler.SchedulingClass   : Submitted batch from index 845500 to 846000
2025-04-21 15:15:18.910  INFO 11356 --- [scheduling-1] com.indusind.scheduler.SchedulingClass   : Submitted batch from index 846000 to 846500
2025-04-21 15:15:18.910  INFO 11356 --- [scheduling-1] com.indusind.scheduler.SchedulingClass   : Submitted batch from index 846500 to 847000
2025-04-21 15:15:18.910  INFO 11356 --- [scheduling-1] com.indusind.scheduler.SchedulingClass   : Submitted batch from index 847000 to 847500
2025-04-21 15:15:18.910  INFO 11356 --- [scheduling-1] com.indusind.scheduler.SchedulingClass   : Submitted batch from index 847500 to 848000
2025-04-21 15:15:18.910  INFO 11356 --- [scheduling-1] com.indusind.scheduler.SchedulingClass   : Submitted batch from index 848000 to 848500
2025-04-21 15:15:18.910  INFO 11356 --- [scheduling-1] com.indusind.scheduler.SchedulingClass   : Submitted batch from index 848500 to 849000
2025-04-21 15:15:18.910  INFO 11356 --- [scheduling-1] com.indusind.scheduler.SchedulingClass   : Submitted batch from index 849000 to 849500
2025-04-21 15:15:18.910  INFO 11356 --- [scheduling-1] com.indusind.scheduler.SchedulingClass   : Submitted batch from index 849500 to 850000
2025-04-21 15:15:18.911  INFO 11356 --- [scheduling-1] com.indusind.scheduler.SchedulingClass   : Submitted batch from index 850000 to 850500
2025-04-21 15:15:18.911  INFO 11356 --- [scheduling-1] com.indusind.scheduler.SchedulingClass   : Submitted batch from index 850500 to 851000
2025-04-21 15:15:18.911  INFO 11356 --- [scheduling-1] com.indusind.scheduler.SchedulingClass   : Submitted batch from index 851000 to 851500
2025-04-21 15:15:18.911  INFO 11356 --- [scheduling-1] com.indusind.scheduler.SchedulingClass   : Submitted batch from index 851500 to 852000
2025-04-21 15:15:18.911  INFO 11356 --- [scheduling-1] com.indusind.scheduler.SchedulingClass   : Submitted batch from index 852000 to 852500
2025-04-21 15:15:18.911  INFO 11356 --- [scheduling-1] com.indusind.scheduler.SchedulingClass   : Submitted batch from index 852500 to 853000
2025-04-21 15:15:18.911  INFO 11356 --- [scheduling-1] com.indusind.scheduler.SchedulingClass   : Submitted batch from index 853000 to 853500
2025-04-21 15:15:18.911  INFO 11356 --- [scheduling-1] com.indusind.scheduler.SchedulingClass   : Submitted batch from index 853500 to 854000
2025-04-21 15:15:18.911  INFO 11356 --- [scheduling-1] com.indusind.scheduler.SchedulingClass   : Submitted batch from index 854000 to 854500
2025-04-21 15:15:18.911  INFO 11356 --- [scheduling-1] com.indusind.scheduler.SchedulingClass   : Submitted batch from index 854500 to 855000
2025-04-21 15:15:18.911  INFO 11356 --- [scheduling-1] com.indusind.scheduler.SchedulingClass   : Submitted batch from index 855000 to 855500
2025-04-21 15:15:18.911  INFO 11356 --- [scheduling-1] com.indusind.scheduler.SchedulingClass   : Submitted batch from index 855500 to 856000
2025-04-21 15:15:18.911  INFO 11356 --- [scheduling-1] com.indusind.scheduler.SchedulingClass   : Submitted batch from index 856000 to 856500
2025-04-21 15:15:18.911  INFO 11356 --- [scheduling-1] com.indusind.scheduler.SchedulingClass   : Submitted batch from index 856500 to 857000
2025-04-21 15:15:18.911  INFO 11356 --- [scheduling-1] com.indusind.scheduler.SchedulingClass   : Submitted batch from index 857000 to 857500
2025-04-21 15:15:18.911  INFO 11356 --- [scheduling-1] com.indusind.scheduler.SchedulingClass   : Submitted batch from index 857500 to 858000
2025-04-21 15:15:18.911  INFO 11356 --- [scheduling-1] com.indusind.scheduler.SchedulingClass   : Submitted batch from index 858000 to 858500
2025-04-21 15:15:18.911  INFO 11356 --- [scheduling-1] com.indusind.scheduler.SchedulingClass   : Submitted batch from index 858500 to 859000
2025-04-21 15:15:18.911  INFO 11356 --- [scheduling-1] com.indusind.scheduler.SchedulingClass   : Submitted batch from index 859000 to 859500
2025-04-21 15:15:18.911  INFO 11356 --- [scheduling-1] com.indusind.scheduler.SchedulingClass   : Submitted batch from index 859500 to 860000
2025-04-21 15:15:18.911  INFO 11356 --- [scheduling-1] com.indusind.scheduler.SchedulingClass   : Submitted batch from index 860000 to 860500
2025-04-21 15:15:18.911  INFO 11356 --- [scheduling-1] com.indusind.scheduler.SchedulingClass   : Submitted batch from index 860500 to 861000
2025-04-21 15:15:18.911  INFO 11356 --- [scheduling-1] com.indusind.scheduler.SchedulingClass   : Submitted batch from index 861000 to 861500
2025-04-21 15:15:18.911  INFO 11356 --- [scheduling-1] com.indusind.scheduler.SchedulingClass   : Submitted batch from index 861500 to 862000
2025-04-21 15:15:18.911  INFO 11356 --- [scheduling-1] com.indusind.scheduler.SchedulingClass   : Submitted batch from index 862000 to 862500
2025-04-21 15:15:18.911  INFO 11356 --- [scheduling-1] com.indusind.scheduler.SchedulingClass   : Submitted batch from index 862500 to 863000
2025-04-21 15:15:18.911  INFO 11356 --- [scheduling-1] com.indusind.scheduler.SchedulingClass   : Submitted batch from index 863000 to 863500
2025-04-21 15:15:18.911  INFO 11356 --- [scheduling-1] com.indusind.scheduler.SchedulingClass   : Submitted batch from index 863500 to 864000
2025-04-21 15:15:18.911  INFO 11356 --- [scheduling-1] com.indusind.scheduler.SchedulingClass   : Submitted batch from index 864000 to 864500
2025-04-21 15:15:18.911  INFO 11356 --- [scheduling-1] com.indusind.scheduler.SchedulingClass   : Submitted batch from index 864500 to 865000
2025-04-21 15:15:18.911  INFO 11356 --- [scheduling-1] com.indusind.scheduler.SchedulingClass   : Submitted batch from index 865000 to 865500
2025-04-21 15:15:18.911  INFO 11356 --- [scheduling-1] com.indusind.scheduler.SchedulingClass   : Submitted batch from index 865500 to 866000
2025-04-21 15:15:18.911  INFO 11356 --- [scheduling-1] com.indusind.scheduler.SchedulingClass   : Submitted batch from index 866000 to 866500
2025-04-21 15:15:18.911  INFO 11356 --- [scheduling-1] com.indusind.scheduler.SchedulingClass   : Submitted batch from index 866500 to 867000
2025-04-21 15:15:18.911  INFO 11356 --- [scheduling-1] com.indusind.scheduler.SchedulingClass   : Submitted batch from index 867000 to 867500
2025-04-21 15:15:18.911  INFO 11356 --- [scheduling-1] com.indusind.scheduler.SchedulingClass   : Submitted batch from index 867500 to 868000
2025-04-21 15:15:18.911  INFO 11356 --- [scheduling-1] com.indusind.scheduler.SchedulingClass   : Submitted batch from index 868000 to 868500
2025-04-21 15:15:18.911  INFO 11356 --- [scheduling-1] com.indusind.scheduler.SchedulingClass   : Submitted batch from index 868500 to 869000
2025-04-21 15:15:18.911  INFO 11356 --- [scheduling-1] com.indusind.scheduler.SchedulingClass   : Submitted batch from index 869000 to 869500
2025-04-21 15:15:18.911  INFO 11356 --- [scheduling-1] com.indusind.scheduler.SchedulingClass   : Submitted batch from index 869500 to 870000
2025-04-21 15:15:18.911  INFO 11356 --- [scheduling-1] com.indusind.scheduler.SchedulingClass   : Submitted batch from index 870000 to 870500
2025-04-21 15:15:18.911  INFO 11356 --- [scheduling-1] com.indusind.scheduler.SchedulingClass   : Submitted batch from index 870500 to 871000
2025-04-21 15:15:18.911  INFO 11356 --- [scheduling-1] com.indusind.scheduler.SchedulingClass   : Submitted batch from index 871000 to 871500
2025-04-21 15:15:18.912  INFO 11356 --- [scheduling-1] com.indusind.scheduler.SchedulingClass   : Submitted batch from index 871500 to 872000
2025-04-21 15:15:18.912  INFO 11356 --- [scheduling-1] com.indusind.scheduler.SchedulingClass   : Submitted batch from index 872000 to 872500
2025-04-21 15:15:18.912  INFO 11356 --- [scheduling-1] com.indusind.scheduler.SchedulingClass   : Submitted batch from index 872500 to 873000
2025-04-21 15:15:18.912  INFO 11356 --- [scheduling-1] com.indusind.scheduler.SchedulingClass   : Submitted batch from index 873000 to 873500
2025-04-21 15:15:18.912  INFO 11356 --- [scheduling-1] com.indusind.scheduler.SchedulingClass   : Submitted batch from index 873500 to 874000
2025-04-21 15:15:18.912  INFO 11356 --- [scheduling-1] com.indusind.scheduler.SchedulingClass   : Submitted batch from index 874000 to 874500
2025-04-21 15:15:18.912  INFO 11356 --- [scheduling-1] com.indusind.scheduler.SchedulingClass   : Submitted batch from index 874500 to 875000
2025-04-21 15:15:18.912  INFO 11356 --- [scheduling-1] com.indusind.scheduler.SchedulingClass   : Submitted batch from index 875000 to 875500
2025-04-21 15:15:18.912  INFO 11356 --- [scheduling-1] com.indusind.scheduler.SchedulingClass   : Submitted batch from index 875500 to 876000
2025-04-21 15:15:18.912  INFO 11356 --- [scheduling-1] com.indusind.scheduler.SchedulingClass   : Submitted batch from index 876000 to 876500
2025-04-21 15:15:18.912  INFO 11356 --- [scheduling-1] com.indusind.scheduler.SchedulingClass   : Submitted batch from index 876500 to 877000
2025-04-21 15:15:18.912  INFO 11356 --- [scheduling-1] com.indusind.scheduler.SchedulingClass   : Submitted batch from index 877000 to 877500
2025-04-21 15:15:18.912  INFO 11356 --- [scheduling-1] com.indusind.scheduler.SchedulingClass   : Submitted batch from index 877500 to 878000
2025-04-21 15:15:18.912  INFO 11356 --- [scheduling-1] com.indusind.scheduler.SchedulingClass   : Submitted batch from index 878000 to 878500
2025-04-21 15:15:18.912  INFO 11356 --- [scheduling-1] com.indusind.scheduler.SchedulingClass   : Submitted batch from index 878500 to 879000
2025-04-21 15:15:18.912  INFO 11356 --- [scheduling-1] com.indusind.scheduler.SchedulingClass   : Submitted batch from index 879000 to 879500
2025-04-21 15:15:18.912  INFO 11356 --- [scheduling-1] com.indusind.scheduler.SchedulingClass   : Submitted batch from index 879500 to 880000
2025-04-21 15:15:18.912  INFO 11356 --- [scheduling-1] com.indusind.scheduler.SchedulingClass   : Submitted batch from index 880000 to 880500
2025-04-21 15:15:18.912  INFO 11356 --- [scheduling-1] com.indusind.scheduler.SchedulingClass   : Submitted batch from index 880500 to 881000
2025-04-21 15:15:18.912  INFO 11356 --- [scheduling-1] com.indusind.scheduler.SchedulingClass   : Submitted batch from index 881000 to 881500
2025-04-21 15:15:18.912  INFO 11356 --- [scheduling-1] com.indusind.scheduler.SchedulingClass   : Submitted batch from index 881500 to 882000
2025-04-21 15:15:18.912  INFO 11356 --- [scheduling-1] com.indusind.scheduler.SchedulingClass   : Submitted batch from index 882000 to 882500
2025-04-21 15:15:18.912  INFO 11356 --- [scheduling-1] com.indusind.scheduler.SchedulingClass   : Submitted batch from index 882500 to 883000
2025-04-21 15:15:18.912  INFO 11356 --- [scheduling-1] com.indusind.scheduler.SchedulingClass   : Submitted batch from index 883000 to 883500
2025-04-21 15:15:18.912  INFO 11356 --- [scheduling-1] com.indusind.scheduler.SchedulingClass   : Submitted batch from index 883500 to 884000
2025-04-21 15:15:18.912  INFO 11356 --- [scheduling-1] com.indusind.scheduler.SchedulingClass   : Submitted batch from index 884000 to 884500
2025-04-21 15:15:18.912  INFO 11356 --- [scheduling-1] com.indusind.scheduler.SchedulingClass   : Submitted batch from index 884500 to 885000
2025-04-21 15:15:18.912  INFO 11356 --- [scheduling-1] com.indusind.scheduler.SchedulingClass   : Submitted batch from index 885000 to 885500
2025-04-21 15:15:18.912  INFO 11356 --- [scheduling-1] com.indusind.scheduler.SchedulingClass   : Submitted batch from index 885500 to 886000
2025-04-21 15:15:18.912  INFO 11356 --- [scheduling-1] com.indusind.scheduler.SchedulingClass   : Submitted batch from index 886000 to 886500
2025-04-21 15:15:18.913  INFO 11356 --- [scheduling-1] com.indusind.scheduler.SchedulingClass   : Submitted batch from index 886500 to 887000
2025-04-21 15:15:18.913  INFO 11356 --- [scheduling-1] com.indusind.scheduler.SchedulingClass   : Submitted batch from index 887000 to 887500
2025-04-21 15:15:18.913  INFO 11356 --- [scheduling-1] com.indusind.scheduler.SchedulingClass   : Submitted batch from index 887500 to 888000
2025-04-21 15:15:18.913  INFO 11356 --- [scheduling-1] com.indusind.scheduler.SchedulingClass   : Submitted batch from index 888000 to 888500
2025-04-21 15:15:18.913  INFO 11356 --- [scheduling-1] com.indusind.scheduler.SchedulingClass   : Submitted batch from index 888500 to 889000
2025-04-21 15:15:18.913  INFO 11356 --- [scheduling-1] com.indusind.scheduler.SchedulingClass   : Submitted batch from index 889000 to 889500
2025-04-21 15:15:18.913  INFO 11356 --- [scheduling-1] com.indusind.scheduler.SchedulingClass   : Submitted batch from index 889500 to 890000
2025-04-21 15:15:18.913  INFO 11356 --- [scheduling-1] com.indusind.scheduler.SchedulingClass   : Submitted batch from index 890000 to 890500
2025-04-21 15:15:18.913  INFO 11356 --- [scheduling-1] com.indusind.scheduler.SchedulingClass   : Submitted batch from index 890500 to 891000
2025-04-21 15:15:18.913  INFO 11356 --- [scheduling-1] com.indusind.scheduler.SchedulingClass   : Submitted batch from index 891000 to 891500
2025-04-21 15:15:18.913  INFO 11356 --- [scheduling-1] com.indusind.scheduler.SchedulingClass   : Submitted batch from index 891500 to 892000
2025-04-21 15:15:18.913  INFO 11356 --- [scheduling-1] com.indusind.scheduler.SchedulingClass   : Submitted batch from index 892000 to 892500
2025-04-21 15:15:18.913  INFO 11356 --- [scheduling-1] com.indusind.scheduler.SchedulingClass   : Submitted batch from index 892500 to 893000
2025-04-21 15:15:18.913  INFO 11356 --- [scheduling-1] com.indusind.scheduler.SchedulingClass   : Submitted batch from index 893000 to 893500
2025-04-21 15:15:18.913  INFO 11356 --- [scheduling-1] com.indusind.scheduler.SchedulingClass   : Submitted batch from index 893500 to 894000
2025-04-21 15:15:18.913  INFO 11356 --- [scheduling-1] com.indusind.scheduler.SchedulingClass   : Submitted batch from index 894000 to 894500
2025-04-21 15:15:18.913  INFO 11356 --- [scheduling-1] com.indusind.scheduler.SchedulingClass   : Submitted batch from index 894500 to 895000
2025-04-21 15:15:18.913  INFO 11356 --- [scheduling-1] com.indusind.scheduler.SchedulingClass   : Submitted batch from index 895000 to 895500
2025-04-21 15:15:18.913  INFO 11356 --- [scheduling-1] com.indusind.scheduler.SchedulingClass   : Submitted batch from index 895500 to 896000
2025-04-21 15:15:18.913  INFO 11356 --- [scheduling-1] com.indusind.scheduler.SchedulingClass   : Submitted batch from index 896000 to 896500
2025-04-21 15:15:18.913  INFO 11356 --- [scheduling-1] com.indusind.scheduler.SchedulingClass   : Submitted batch from index 896500 to 897000
2025-04-21 15:15:18.913  INFO 11356 --- [scheduling-1] com.indusind.scheduler.SchedulingClass   : Submitted batch from index 897000 to 897500
2025-04-21 15:15:18.913  INFO 11356 --- [scheduling-1] com.indusind.scheduler.SchedulingClass   : Submitted batch from index 897500 to 898000
2025-04-21 15:15:18.913  INFO 11356 --- [scheduling-1] com.indusind.scheduler.SchedulingClass   : Submitted batch from index 898000 to 898500
2025-04-21 15:15:18.913  INFO 11356 --- [scheduling-1] com.indusind.scheduler.SchedulingClass   : Submitted batch from index 898500 to 899000
2025-04-21 15:15:18.913  INFO 11356 --- [scheduling-1] com.indusind.scheduler.SchedulingClass   : Submitted batch from index 899000 to 899500
2025-04-21 15:15:18.913  INFO 11356 --- [scheduling-1] com.indusind.scheduler.SchedulingClass   : Submitted batch from index 899500 to 900000
2025-04-21 15:15:18.913  INFO 11356 --- [scheduling-1] com.indusind.scheduler.SchedulingClass   : Submitted batch from index 900000 to 900500
2025-04-21 15:15:18.913  INFO 11356 --- [scheduling-1] com.indusind.scheduler.SchedulingClass   : Submitted batch from index 900500 to 901000
2025-04-21 15:15:18.913  INFO 11356 --- [scheduling-1] com.indusind.scheduler.SchedulingClass   : Submitted batch from index 901000 to 901500
2025-04-21 15:15:18.913  INFO 11356 --- [scheduling-1] com.indusind.scheduler.SchedulingClass   : Submitted batch from index 901500 to 902000
2025-04-21 15:15:18.913  INFO 11356 --- [scheduling-1] com.indusind.scheduler.SchedulingClass   : Submitted batch from index 902000 to 902500
2025-04-21 15:15:18.913  INFO 11356 --- [scheduling-1] com.indusind.scheduler.SchedulingClass   : Submitted batch from index 902500 to 903000
2025-04-21 15:15:18.913  INFO 11356 --- [scheduling-1] com.indusind.scheduler.SchedulingClass   : Submitted batch from index 903000 to 903500
2025-04-21 15:15:18.913  INFO 11356 --- [scheduling-1] com.indusind.scheduler.SchedulingClass   : Submitted batch from index 903500 to 904000
2025-04-21 15:15:18.914  INFO 11356 --- [scheduling-1] com.indusind.scheduler.SchedulingClass   : Submitted batch from index 904000 to 904500
2025-04-21 15:15:18.914  INFO 11356 --- [scheduling-1] com.indusind.scheduler.SchedulingClass   : Submitted batch from index 904500 to 905000
2025-04-21 15:15:18.914  INFO 11356 --- [scheduling-1] com.indusind.scheduler.SchedulingClass   : Submitted batch from index 905000 to 905500
2025-04-21 15:15:18.914  INFO 11356 --- [scheduling-1] com.indusind.scheduler.SchedulingClass   : Submitted batch from index 905500 to 906000
2025-04-21 15:15:18.914  INFO 11356 --- [scheduling-1] com.indusind.scheduler.SchedulingClass   : Submitted batch from index 906000 to 906500
2025-04-21 15:15:18.914  INFO 11356 --- [scheduling-1] com.indusind.scheduler.SchedulingClass   : Submitted batch from index 906500 to 907000
2025-04-21 15:15:18.914  INFO 11356 --- [scheduling-1] com.indusind.scheduler.SchedulingClass   : Submitted batch from index 907000 to 907500
2025-04-21 15:15:18.914  INFO 11356 --- [scheduling-1] com.indusind.scheduler.SchedulingClass   : Submitted batch from index 907500 to 908000
2025-04-21 15:15:18.914  INFO 11356 --- [scheduling-1] com.indusind.scheduler.SchedulingClass   : Submitted batch from index 908000 to 908500
2025-04-21 15:15:18.914  INFO 11356 --- [scheduling-1] com.indusind.scheduler.SchedulingClass   : Submitted batch from index 908500 to 909000
2025-04-21 15:15:18.914  INFO 11356 --- [scheduling-1] com.indusind.scheduler.SchedulingClass   : Submitted batch from index 909000 to 909500
2025-04-21 15:15:18.914  INFO 11356 --- [scheduling-1] com.indusind.scheduler.SchedulingClass   : Submitted batch from index 909500 to 910000
2025-04-21 15:15:18.914  INFO 11356 --- [scheduling-1] com.indusind.scheduler.SchedulingClass   : Submitted batch from index 910000 to 910500
2025-04-21 15:15:18.914  INFO 11356 --- [scheduling-1] com.indusind.scheduler.SchedulingClass   : Submitted batch from index 910500 to 911000
2025-04-21 15:15:18.914  INFO 11356 --- [scheduling-1] com.indusind.scheduler.SchedulingClass   : Submitted batch from index 911000 to 911500
2025-04-21 15:15:18.914  INFO 11356 --- [scheduling-1] com.indusind.scheduler.SchedulingClass   : Submitted batch from index 911500 to 912000
2025-04-21 15:15:18.914  INFO 11356 --- [scheduling-1] com.indusind.scheduler.SchedulingClass   : Submitted batch from index 912000 to 912500
2025-04-21 15:15:18.914  INFO 11356 --- [scheduling-1] com.indusind.scheduler.SchedulingClass   : Submitted batch from index 912500 to 913000
2025-04-21 15:15:18.914  INFO 11356 --- [scheduling-1] com.indusind.scheduler.SchedulingClass   : Submitted batch from index 913000 to 913500
2025-04-21 15:15:18.914  INFO 11356 --- [scheduling-1] com.indusind.scheduler.SchedulingClass   : Submitted batch from index 913500 to 914000
2025-04-21 15:15:18.914  INFO 11356 --- [scheduling-1] com.indusind.scheduler.SchedulingClass   : Submitted batch from index 914000 to 914500
2025-04-21 15:15:18.914  INFO 11356 --- [scheduling-1] com.indusind.scheduler.SchedulingClass   : Submitted batch from index 914500 to 915000
2025-04-21 15:15:18.914  INFO 11356 --- [scheduling-1] com.indusind.scheduler.SchedulingClass   : Submitted batch from index 915000 to 915500
2025-04-21 15:15:18.914  INFO 11356 --- [scheduling-1] com.indusind.scheduler.SchedulingClass   : Submitted batch from index 915500 to 916000
2025-04-21 15:15:18.914  INFO 11356 --- [scheduling-1] com.indusind.scheduler.SchedulingClass   : Submitted batch from index 916000 to 916500
2025-04-21 15:15:18.914  INFO 11356 --- [scheduling-1] com.indusind.scheduler.SchedulingClass   : Submitted batch from index 916500 to 917000
2025-04-21 15:15:18.914  INFO 11356 --- [scheduling-1] com.indusind.scheduler.SchedulingClass   : Submitted batch from index 917000 to 917500
2025-04-21 15:15:18.914  INFO 11356 --- [scheduling-1] com.indusind.scheduler.SchedulingClass   : Submitted batch from index 917500 to 918000
2025-04-21 15:15:18.914  INFO 11356 --- [scheduling-1] com.indusind.scheduler.SchedulingClass   : Submitted batch from index 918000 to 918500
2025-04-21 15:15:18.914  INFO 11356 --- [scheduling-1] com.indusind.scheduler.SchedulingClass   : Submitted batch from index 918500 to 919000
2025-04-21 15:15:18.914  INFO 11356 --- [scheduling-1] com.indusind.scheduler.SchedulingClass   : Submitted batch from index 919000 to 919500
2025-04-21 15:15:18.914  INFO 11356 --- [scheduling-1] com.indusind.scheduler.SchedulingClass   : Submitted batch from index 919500 to 920000
2025-04-21 15:15:18.914  INFO 11356 --- [scheduling-1] com.indusind.scheduler.SchedulingClass   : Submitted batch from index 920000 to 920500
2025-04-21 15:15:18.914  INFO 11356 --- [scheduling-1] com.indusind.scheduler.SchedulingClass   : Submitted batch from index 920500 to 921000
2025-04-21 15:15:18.914  INFO 11356 --- [scheduling-1] com.indusind.scheduler.SchedulingClass   : Submitted batch from index 921000 to 921500
2025-04-21 15:15:18.914  INFO 11356 --- [scheduling-1] com.indusind.scheduler.SchedulingClass   : Submitted batch from index 921500 to 922000
2025-04-21 15:15:18.914  INFO 11356 --- [scheduling-1] com.indusind.scheduler.SchedulingClass   : Submitted batch from index 922000 to 922500
2025-04-21 15:15:18.914  INFO 11356 --- [scheduling-1] com.indusind.scheduler.SchedulingClass   : Submitted batch from index 922500 to 923000
2025-04-21 15:15:18.914  INFO 11356 --- [scheduling-1] com.indusind.scheduler.SchedulingClass   : Submitted batch from index 923000 to 923500
2025-04-21 15:15:18.914  INFO 11356 --- [scheduling-1] com.indusind.scheduler.SchedulingClass   : Submitted batch from index 923500 to 924000
2025-04-21 15:15:18.914  INFO 11356 --- [scheduling-1] com.indusind.scheduler.SchedulingClass   : Submitted batch from index 924000 to 924500
2025-04-21 15:15:18.914  INFO 11356 --- [scheduling-1] com.indusind.scheduler.SchedulingClass   : Submitted batch from index 924500 to 925000
2025-04-21 15:15:18.914  INFO 11356 --- [scheduling-1] com.indusind.scheduler.SchedulingClass   : Submitted batch from index 925000 to 925500
2025-04-21 15:15:18.914  INFO 11356 --- [scheduling-1] com.indusind.scheduler.SchedulingClass   : Submitted batch from index 925500 to 926000
2025-04-21 15:15:18.914  INFO 11356 --- [scheduling-1] com.indusind.scheduler.SchedulingClass   : Submitted batch from index 926000 to 926500
2025-04-21 15:15:18.914  INFO 11356 --- [scheduling-1] com.indusind.scheduler.SchedulingClass   : Submitted batch from index 926500 to 927000
2025-04-21 15:15:18.914  INFO 11356 --- [scheduling-1] com.indusind.scheduler.SchedulingClass   : Submitted batch from index 927000 to 927500
2025-04-21 15:15:18.914  INFO 11356 --- [scheduling-1] com.indusind.scheduler.SchedulingClass   : Submitted batch from index 927500 to 928000
2025-04-21 15:15:18.914  INFO 11356 --- [scheduling-1] com.indusind.scheduler.SchedulingClass   : Submitted batch from index 928000 to 928500
2025-04-21 15:15:18.915  INFO 11356 --- [scheduling-1] com.indusind.scheduler.SchedulingClass   : Submitted batch from index 928500 to 929000
2025-04-21 15:15:18.915  INFO 11356 --- [scheduling-1] com.indusind.scheduler.SchedulingClass   : Submitted batch from index 929000 to 929500
2025-04-21 15:15:18.915  INFO 11356 --- [scheduling-1] com.indusind.scheduler.SchedulingClass   : Submitted batch from index 929500 to 930000
2025-04-21 15:15:18.915  INFO 11356 --- [scheduling-1] com.indusind.scheduler.SchedulingClass   : Submitted batch from index 930000 to 930500
2025-04-21 15:15:18.915  INFO 11356 --- [scheduling-1] com.indusind.scheduler.SchedulingClass   : Submitted batch from index 930500 to 931000
2025-04-21 15:15:18.915  INFO 11356 --- [scheduling-1] com.indusind.scheduler.SchedulingClass   : Submitted batch from index 931000 to 931500
2025-04-21 15:15:18.915  INFO 11356 --- [scheduling-1] com.indusind.scheduler.SchedulingClass   : Submitted batch from index 931500 to 932000
2025-04-21 15:15:18.915  INFO 11356 --- [scheduling-1] com.indusind.scheduler.SchedulingClass   : Submitted batch from index 932000 to 932500
2025-04-21 15:15:18.915  INFO 11356 --- [scheduling-1] com.indusind.scheduler.SchedulingClass   : Submitted batch from index 932500 to 933000
2025-04-21 15:15:18.915  INFO 11356 --- [scheduling-1] com.indusind.scheduler.SchedulingClass   : Submitted batch from index 933000 to 933500
2025-04-21 15:15:18.915  INFO 11356 --- [scheduling-1] com.indusind.scheduler.SchedulingClass   : Submitted batch from index 933500 to 934000
2025-04-21 15:15:18.915  INFO 11356 --- [scheduling-1] com.indusind.scheduler.SchedulingClass   : Submitted batch from index 934000 to 934500
2025-04-21 15:15:18.915  INFO 11356 --- [scheduling-1] com.indusind.scheduler.SchedulingClass   : Submitted batch from index 934500 to 935000
2025-04-21 15:15:18.915  INFO 11356 --- [scheduling-1] com.indusind.scheduler.SchedulingClass   : Submitted batch from index 935000 to 935500
2025-04-21 15:15:18.915  INFO 11356 --- [scheduling-1] com.indusind.scheduler.SchedulingClass   : Submitted batch from index 935500 to 936000
2025-04-21 15:15:18.915  INFO 11356 --- [scheduling-1] com.indusind.scheduler.SchedulingClass   : Submitted batch from index 936000 to 936500
2025-04-21 15:15:18.915  INFO 11356 --- [scheduling-1] com.indusind.scheduler.SchedulingClass   : Submitted batch from index 936500 to 937000
2025-04-21 15:15:18.915  INFO 11356 --- [scheduling-1] com.indusind.scheduler.SchedulingClass   : Submitted batch from index 937000 to 937500
2025-04-21 15:15:18.916  INFO 11356 --- [scheduling-1] com.indusind.scheduler.SchedulingClass   : Submitted batch from index 937500 to 938000
2025-04-21 15:15:18.916  INFO 11356 --- [scheduling-1] com.indusind.scheduler.SchedulingClass   : Submitted batch from index 938000 to 938500
2025-04-21 15:15:18.916  INFO 11356 --- [scheduling-1] com.indusind.scheduler.SchedulingClass   : Submitted batch from index 938500 to 939000
2025-04-21 15:15:18.916  INFO 11356 --- [scheduling-1] com.indusind.scheduler.SchedulingClass   : Submitted batch from index 939000 to 939500
2025-04-21 15:15:18.916  INFO 11356 --- [scheduling-1] com.indusind.scheduler.SchedulingClass   : Submitted batch from index 939500 to 940000
2025-04-21 15:15:18.916  INFO 11356 --- [scheduling-1] com.indusind.scheduler.SchedulingClass   : Submitted batch from index 940000 to 940500
2025-04-21 15:15:18.916  INFO 11356 --- [scheduling-1] com.indusind.scheduler.SchedulingClass   : Submitted batch from index 940500 to 941000
2025-04-21 15:15:18.916  INFO 11356 --- [scheduling-1] com.indusind.scheduler.SchedulingClass   : Submitted batch from index 941000 to 941500
2025-04-21 15:15:18.916  INFO 11356 --- [scheduling-1] com.indusind.scheduler.SchedulingClass   : Submitted batch from index 941500 to 942000
2025-04-21 15:15:18.916  INFO 11356 --- [scheduling-1] com.indusind.scheduler.SchedulingClass   : Submitted batch from index 942000 to 942500
2025-04-21 15:15:18.916  INFO 11356 --- [scheduling-1] com.indusind.scheduler.SchedulingClass   : Submitted batch from index 942500 to 943000
2025-04-21 15:15:18.916  INFO 11356 --- [scheduling-1] com.indusind.scheduler.SchedulingClass   : Submitted batch from index 943000 to 943500
2025-04-21 15:15:18.916  INFO 11356 --- [scheduling-1] com.indusind.scheduler.SchedulingClass   : Submitted batch from index 943500 to 944000
2025-04-21 15:15:18.916  INFO 11356 --- [scheduling-1] com.indusind.scheduler.SchedulingClass   : Submitted batch from index 944000 to 944500
2025-04-21 15:15:18.916  INFO 11356 --- [scheduling-1] com.indusind.scheduler.SchedulingClass   : Submitted batch from index 944500 to 945000
2025-04-21 15:15:18.916  INFO 11356 --- [scheduling-1] com.indusind.scheduler.SchedulingClass   : Submitted batch from index 945000 to 945500
2025-04-21 15:15:18.916  INFO 11356 --- [scheduling-1] com.indusind.scheduler.SchedulingClass   : Submitted batch from index 945500 to 946000
2025-04-21 15:15:18.916  INFO 11356 --- [scheduling-1] com.indusind.scheduler.SchedulingClass   : Submitted batch from index 946000 to 946500
2025-04-21 15:15:18.916  INFO 11356 --- [scheduling-1] com.indusind.scheduler.SchedulingClass   : Submitted batch from index 946500 to 947000
2025-04-21 15:15:18.916  INFO 11356 --- [scheduling-1] com.indusind.scheduler.SchedulingClass   : Submitted batch from index 947000 to 947500
2025-04-21 15:15:18.916  INFO 11356 --- [scheduling-1] com.indusind.scheduler.SchedulingClass   : Submitted batch from index 947500 to 948000
2025-04-21 15:15:18.916  INFO 11356 --- [scheduling-1] com.indusind.scheduler.SchedulingClass   : Submitted batch from index 948000 to 948500
2025-04-21 15:15:18.916  INFO 11356 --- [scheduling-1] com.indusind.scheduler.SchedulingClass   : Submitted batch from index 948500 to 949000
2025-04-21 15:15:18.916  INFO 11356 --- [scheduling-1] com.indusind.scheduler.SchedulingClass   : Submitted batch from index 949000 to 949500
2025-04-21 15:15:18.916  INFO 11356 --- [scheduling-1] com.indusind.scheduler.SchedulingClass   : Submitted batch from index 949500 to 950000
2025-04-21 15:15:18.916  INFO 11356 --- [scheduling-1] com.indusind.scheduler.SchedulingClass   : Submitted batch from index 950000 to 950500
2025-04-21 15:15:18.916  INFO 11356 --- [scheduling-1] com.indusind.scheduler.SchedulingClass   : Submitted batch from index 950500 to 951000
2025-04-21 15:15:18.916  INFO 11356 --- [scheduling-1] com.indusind.scheduler.SchedulingClass   : Submitted batch from index 951000 to 951500
2025-04-21 15:15:18.916  INFO 11356 --- [scheduling-1] com.indusind.scheduler.SchedulingClass   : Submitted batch from index 951500 to 952000
2025-04-21 15:15:18.916  INFO 11356 --- [scheduling-1] com.indusind.scheduler.SchedulingClass   : Submitted batch from index 952000 to 952500
2025-04-21 15:15:18.916  INFO 11356 --- [scheduling-1] com.indusind.scheduler.SchedulingClass   : Submitted batch from index 952500 to 953000
2025-04-21 15:15:18.916  INFO 11356 --- [scheduling-1] com.indusind.scheduler.SchedulingClass   : Submitted batch from index 953000 to 953500
2025-04-21 15:15:18.916  INFO 11356 --- [scheduling-1] com.indusind.scheduler.SchedulingClass   : Submitted batch from index 953500 to 954000
2025-04-21 15:15:18.916  INFO 11356 --- [scheduling-1] com.indusind.scheduler.SchedulingClass   : Submitted batch from index 954000 to 954500
2025-04-21 15:15:18.916  INFO 11356 --- [scheduling-1] com.indusind.scheduler.SchedulingClass   : Submitted batch from index 954500 to 955000
2025-04-21 15:15:18.916  INFO 11356 --- [scheduling-1] com.indusind.scheduler.SchedulingClass   : Submitted batch from index 955000 to 955500
2025-04-21 15:15:18.916  INFO 11356 --- [scheduling-1] com.indusind.scheduler.SchedulingClass   : Submitted batch from index 955500 to 956000
2025-04-21 15:15:18.916  INFO 11356 --- [scheduling-1] com.indusind.scheduler.SchedulingClass   : Submitted batch from index 956000 to 956500
2025-04-21 15:15:18.916  INFO 11356 --- [scheduling-1] com.indusind.scheduler.SchedulingClass   : Submitted batch from index 956500 to 957000
2025-04-21 15:15:18.916  INFO 11356 --- [scheduling-1] com.indusind.scheduler.SchedulingClass   : Submitted batch from index 957000 to 957500
2025-04-21 15:15:18.916  INFO 11356 --- [scheduling-1] com.indusind.scheduler.SchedulingClass   : Submitted batch from index 957500 to 958000
2025-04-21 15:15:18.916  INFO 11356 --- [scheduling-1] com.indusind.scheduler.SchedulingClass   : Submitted batch from index 958000 to 958500
2025-04-21 15:15:18.916  INFO 11356 --- [scheduling-1] com.indusind.scheduler.SchedulingClass   : Submitted batch from index 958500 to 959000
2025-04-21 15:15:18.916  INFO 11356 --- [scheduling-1] com.indusind.scheduler.SchedulingClass   : Submitted batch from index 959000 to 959500
2025-04-21 15:15:18.916  INFO 11356 --- [scheduling-1] com.indusind.scheduler.SchedulingClass   : Submitted batch from index 959500 to 960000
2025-04-21 15:15:18.916  INFO 11356 --- [scheduling-1] com.indusind.scheduler.SchedulingClass   : Submitted batch from index 960000 to 960500
2025-04-21 15:15:18.916  INFO 11356 --- [scheduling-1] com.indusind.scheduler.SchedulingClass   : Submitted batch from index 960500 to 961000
2025-04-21 15:15:18.916  INFO 11356 --- [scheduling-1] com.indusind.scheduler.SchedulingClass   : Submitted batch from index 961000 to 961500
2025-04-21 15:15:18.917  INFO 11356 --- [scheduling-1] com.indusind.scheduler.SchedulingClass   : Submitted batch from index 961500 to 962000
2025-04-21 15:15:18.917  INFO 11356 --- [scheduling-1] com.indusind.scheduler.SchedulingClass   : Submitted batch from index 962000 to 962500
2025-04-21 15:15:18.917  INFO 11356 --- [scheduling-1] com.indusind.scheduler.SchedulingClass   : Submitted batch from index 962500 to 963000
2025-04-21 15:15:18.917  INFO 11356 --- [scheduling-1] com.indusind.scheduler.SchedulingClass   : Submitted batch from index 963000 to 963500
2025-04-21 15:15:18.917  INFO 11356 --- [scheduling-1] com.indusind.scheduler.SchedulingClass   : Submitted batch from index 963500 to 964000
2025-04-21 15:15:18.917  INFO 11356 --- [scheduling-1] com.indusind.scheduler.SchedulingClass   : Submitted batch from index 964000 to 964500
2025-04-21 15:15:18.917  INFO 11356 --- [scheduling-1] com.indusind.scheduler.SchedulingClass   : Submitted batch from index 964500 to 965000
2025-04-21 15:15:18.917  INFO 11356 --- [scheduling-1] com.indusind.scheduler.SchedulingClass   : Submitted batch from index 965000 to 965500
2025-04-21 15:15:18.917  INFO 11356 --- [scheduling-1] com.indusind.scheduler.SchedulingClass   : Submitted batch from index 965500 to 966000
2025-04-21 15:15:18.917  INFO 11356 --- [scheduling-1] com.indusind.scheduler.SchedulingClass   : Submitted batch from index 966000 to 966500
2025-04-21 15:15:18.917  INFO 11356 --- [scheduling-1] com.indusind.scheduler.SchedulingClass   : Submitted batch from index 966500 to 967000
2025-04-21 15:15:18.917  INFO 11356 --- [scheduling-1] com.indusind.scheduler.SchedulingClass   : Submitted batch from index 967000 to 967500
2025-04-21 15:15:18.917  INFO 11356 --- [scheduling-1] com.indusind.scheduler.SchedulingClass   : Submitted batch from index 967500 to 968000
2025-04-21 15:15:18.917  INFO 11356 --- [scheduling-1] com.indusind.scheduler.SchedulingClass   : Submitted batch from index 968000 to 968500
2025-04-21 15:15:18.917  INFO 11356 --- [scheduling-1] com.indusind.scheduler.SchedulingClass   : Submitted batch from index 968500 to 969000
2025-04-21 15:15:18.917  INFO 11356 --- [scheduling-1] com.indusind.scheduler.SchedulingClass   : Submitted batch from index 969000 to 969500
2025-04-21 15:15:18.917  INFO 11356 --- [scheduling-1] com.indusind.scheduler.SchedulingClass   : Submitted batch from index 969500 to 970000
2025-04-21 15:15:18.917  INFO 11356 --- [scheduling-1] com.indusind.scheduler.SchedulingClass   : Submitted batch from index 970000 to 970500
2025-04-21 15:15:18.917  INFO 11356 --- [scheduling-1] com.indusind.scheduler.SchedulingClass   : Submitted batch from index 970500 to 971000
2025-04-21 15:15:18.917  INFO 11356 --- [scheduling-1] com.indusind.scheduler.SchedulingClass   : Submitted batch from index 971000 to 971500
2025-04-21 15:15:18.917  INFO 11356 --- [scheduling-1] com.indusind.scheduler.SchedulingClass   : Submitted batch from index 971500 to 972000
2025-04-21 15:15:18.917  INFO 11356 --- [scheduling-1] com.indusind.scheduler.SchedulingClass   : Submitted batch from index 972000 to 972500
2025-04-21 15:15:18.917  INFO 11356 --- [scheduling-1] com.indusind.scheduler.SchedulingClass   : Submitted batch from index 972500 to 973000
2025-04-21 15:15:18.917  INFO 11356 --- [scheduling-1] com.indusind.scheduler.SchedulingClass   : Submitted batch from index 973000 to 973500
2025-04-21 15:15:18.917  INFO 11356 --- [scheduling-1] com.indusind.scheduler.SchedulingClass   : Submitted batch from index 973500 to 974000
2025-04-21 15:15:18.917  INFO 11356 --- [scheduling-1] com.indusind.scheduler.SchedulingClass   : Submitted batch from index 974000 to 974500
2025-04-21 15:15:18.917  INFO 11356 --- [scheduling-1] com.indusind.scheduler.SchedulingClass   : Submitted batch from index 974500 to 975000
2025-04-21 15:15:18.917  INFO 11356 --- [scheduling-1] com.indusind.scheduler.SchedulingClass   : Submitted batch from index 975000 to 975500
2025-04-21 15:15:18.917  INFO 11356 --- [scheduling-1] com.indusind.scheduler.SchedulingClass   : Submitted batch from index 975500 to 976000
2025-04-21 15:15:18.917  INFO 11356 --- [scheduling-1] com.indusind.scheduler.SchedulingClass   : Submitted batch from index 976000 to 976500
2025-04-21 15:15:18.917  INFO 11356 --- [scheduling-1] com.indusind.scheduler.SchedulingClass   : Submitted batch from index 976500 to 977000
2025-04-21 15:15:18.917  INFO 11356 --- [scheduling-1] com.indusind.scheduler.SchedulingClass   : Submitted batch from index 977000 to 977500
2025-04-21 15:15:18.917  INFO 11356 --- [scheduling-1] com.indusind.scheduler.SchedulingClass   : Submitted batch from index 977500 to 978000
2025-04-21 15:15:18.917  INFO 11356 --- [scheduling-1] com.indusind.scheduler.SchedulingClass   : Submitted batch from index 978000 to 978500
2025-04-21 15:15:18.917  INFO 11356 --- [scheduling-1] com.indusind.scheduler.SchedulingClass   : Submitted batch from index 978500 to 979000
2025-04-21 15:15:18.917  INFO 11356 --- [scheduling-1] com.indusind.scheduler.SchedulingClass   : Submitted batch from index 979000 to 979500
2025-04-21 15:15:18.917  INFO 11356 --- [scheduling-1] com.indusind.scheduler.SchedulingClass   : Submitted batch from index 979500 to 980000
2025-04-21 15:15:18.917  INFO 11356 --- [scheduling-1] com.indusind.scheduler.SchedulingClass   : Submitted batch from index 980000 to 980500
2025-04-21 15:15:18.917  INFO 11356 --- [scheduling-1] com.indusind.scheduler.SchedulingClass   : Submitted batch from index 980500 to 981000
2025-04-21 15:15:18.917  INFO 11356 --- [scheduling-1] com.indusind.scheduler.SchedulingClass   : Submitted batch from index 981000 to 981500
2025-04-21 15:15:18.917  INFO 11356 --- [scheduling-1] com.indusind.scheduler.SchedulingClass   : Submitted batch from index 981500 to 982000
2025-04-21 15:15:18.917  INFO 11356 --- [scheduling-1] com.indusind.scheduler.SchedulingClass   : Submitted batch from index 982000 to 982500
2025-04-21 15:15:18.917  INFO 11356 --- [scheduling-1] com.indusind.scheduler.SchedulingClass   : Submitted batch from index 982500 to 983000
2025-04-21 15:15:18.917  INFO 11356 --- [scheduling-1] com.indusind.scheduler.SchedulingClass   : Submitted batch from index 983000 to 983500
2025-04-21 15:15:18.917  INFO 11356 --- [scheduling-1] com.indusind.scheduler.SchedulingClass   : Submitted batch from index 983500 to 984000
2025-04-21 15:15:18.917  INFO 11356 --- [scheduling-1] com.indusind.scheduler.SchedulingClass   : Submitted batch from index 984000 to 984500
2025-04-21 15:15:18.917  INFO 11356 --- [scheduling-1] com.indusind.scheduler.SchedulingClass   : Submitted batch from index 984500 to 985000
2025-04-21 15:15:18.917  INFO 11356 --- [scheduling-1] com.indusind.scheduler.SchedulingClass   : Submitted batch from index 985000 to 985500
2025-04-21 15:15:18.917  INFO 11356 --- [scheduling-1] com.indusind.scheduler.SchedulingClass   : Submitted batch from index 985500 to 986000
2025-04-21 15:15:18.917  INFO 11356 --- [scheduling-1] com.indusind.scheduler.SchedulingClass   : Submitted batch from index 986000 to 986500
2025-04-21 15:15:18.917  INFO 11356 --- [scheduling-1] com.indusind.scheduler.SchedulingClass   : Submitted batch from index 986500 to 987000
2025-04-21 15:15:18.917  INFO 11356 --- [scheduling-1] com.indusind.scheduler.SchedulingClass   : Submitted batch from index 987000 to 987500
2025-04-21 15:15:18.917  INFO 11356 --- [scheduling-1] com.indusind.scheduler.SchedulingClass   : Submitted batch from index 987500 to 988000
2025-04-21 15:15:18.917  INFO 11356 --- [scheduling-1] com.indusind.scheduler.SchedulingClass   : Submitted batch from index 988000 to 988500
2025-04-21 15:15:18.917  INFO 11356 --- [scheduling-1] com.indusind.scheduler.SchedulingClass   : Submitted batch from index 988500 to 989000
2025-04-21 15:15:18.917  INFO 11356 --- [scheduling-1] com.indusind.scheduler.SchedulingClass   : Submitted batch from index 989000 to 989500
2025-04-21 15:15:18.918  INFO 11356 --- [scheduling-1] com.indusind.scheduler.SchedulingClass   : Submitted batch from index 989500 to 990000
2025-04-21 15:15:18.918  INFO 11356 --- [scheduling-1] com.indusind.scheduler.SchedulingClass   : Submitted batch from index 990000 to 990500
2025-04-21 15:15:18.918  INFO 11356 --- [scheduling-1] com.indusind.scheduler.SchedulingClass   : Submitted batch from index 990500 to 991000
2025-04-21 15:15:18.918  INFO 11356 --- [scheduling-1] com.indusind.scheduler.SchedulingClass   : Submitted batch from index 991000 to 991500
2025-04-21 15:15:18.918  INFO 11356 --- [scheduling-1] com.indusind.scheduler.SchedulingClass   : Submitted batch from index 991500 to 992000
2025-04-21 15:15:18.918  INFO 11356 --- [scheduling-1] com.indusind.scheduler.SchedulingClass   : Submitted batch from index 992000 to 992500
2025-04-21 15:15:18.918  INFO 11356 --- [scheduling-1] com.indusind.scheduler.SchedulingClass   : Submitted batch from index 992500 to 993000
2025-04-21 15:15:18.918  INFO 11356 --- [scheduling-1] com.indusind.scheduler.SchedulingClass   : Submitted batch from index 993000 to 993500
2025-04-21 15:15:18.918  INFO 11356 --- [scheduling-1] com.indusind.scheduler.SchedulingClass   : Submitted batch from index 993500 to 994000
2025-04-21 15:15:18.918  INFO 11356 --- [scheduling-1] com.indusind.scheduler.SchedulingClass   : Submitted batch from index 994000 to 994500
2025-04-21 15:15:18.918  INFO 11356 --- [scheduling-1] com.indusind.scheduler.SchedulingClass   : Submitted batch from index 994500 to 995000
2025-04-21 15:15:18.918  INFO 11356 --- [scheduling-1] com.indusind.scheduler.SchedulingClass   : Submitted batch from index 995000 to 995500
2025-04-21 15:15:18.918  INFO 11356 --- [scheduling-1] com.indusind.scheduler.SchedulingClass   : Submitted batch from index 995500 to 996000
2025-04-21 15:15:18.918  INFO 11356 --- [scheduling-1] com.indusind.scheduler.SchedulingClass   : Submitted batch from index 996000 to 996500
2025-04-21 15:15:18.918  INFO 11356 --- [scheduling-1] com.indusind.scheduler.SchedulingClass   : Submitted batch from index 996500 to 997000
2025-04-21 15:15:18.918  INFO 11356 --- [scheduling-1] com.indusind.scheduler.SchedulingClass   : Submitted batch from index 997000 to 997500
2025-04-21 15:15:18.918  INFO 11356 --- [scheduling-1] com.indusind.scheduler.SchedulingClass   : Submitted batch from index 997500 to 998000
2025-04-21 15:15:18.918  INFO 11356 --- [scheduling-1] com.indusind.scheduler.SchedulingClass   : Submitted batch from index 998000 to 998500
2025-04-21 15:15:18.918  INFO 11356 --- [scheduling-1] com.indusind.scheduler.SchedulingClass   : Submitted batch from index 998500 to 999000
2025-04-21 15:15:18.918  INFO 11356 --- [scheduling-1] com.indusind.scheduler.SchedulingClass   : Submitted batch from index 999000 to 999500
2025-04-21 15:15:18.918  INFO 11356 --- [scheduling-1] com.indusind.scheduler.SchedulingClass   : Submitted batch from index 999500 to 1000000
2025-04-21 15:15:18.918  INFO 11356 --- [scheduling-1] com.indusind.scheduler.SchedulingClass   : Submitted batch from index 1000000 to 1000005
2025-04-21 15:15:19.688  INFO 11356 --- [pool-7-thread-1] com.indusind.service.DataUpdateService   : Data Not Found With This ACID : 321654984
2025-04-21 15:15:45.579  INFO 11356 --- [RMI TCP Connection(2)-127.0.0.1] inMXBeanRegistrar$SpringApplicationAdmin : Application shutdown requested.
2025-04-21 15:15:45.643  INFO 11356 --- [RMI TCP Connection(2)-127.0.0.1] o.apache.catalina.core.StandardService   : Stopping service [Tomcat]
2025-04-21 15:15:55.654  WARN 11356 --- [cb-events] com.couchbase.tracing                    : [com.couchbase.tracing][OverThresholdRequestsRecordedEvent][10s] Requests over Threshold found: {"query":{"top_requests":[{"operation_name":"query","last_dispatch_duration_us":1031037,"last_remote_socket":"127.0.0.1:8093","last_local_socket":"127.0.0.1:63535","total_dispatch_duration_us":1031037,"operation_id":"39d907c1-39ec-46f2-ba0b-5fbdd06e52e7","timeout_ms":75000,"total_duration_us":1031235}],"total_count":1}}
2025-04-21 15:17:23.277  INFO 2132 --- [main] c.i.CsvToJsonExtractorApplication        : Starting CsvToJsonExtractorApplication using Java 17.0.14 on DESKTOP-NIQ60O7 with PID 2132 (C:\Users\Yamini Garudachalam\Documents\workspace-spring-tool-suite-4-4.28.0.RELEASE\AKS_FILD\CsvToJsonExtractor\target\classes started by Yamini Garudachalam in C:\Users\Yamini Garudachalam\Documents\workspace-spring-tool-suite-4-4.28.0.RELEASE\AKS_FILD\CsvToJsonExtractor)
2025-04-21 15:17:23.281  INFO 2132 --- [main] c.i.CsvToJsonExtractorApplication        : The following 1 profile is active: "uat"
2025-04-21 15:17:24.223  INFO 2132 --- [main] o.s.b.w.embedded.tomcat.TomcatWebServer  : Tomcat initialized with port(s): 8080 (http)
2025-04-21 15:17:24.235  INFO 2132 --- [main] o.apache.catalina.core.StandardService   : Starting service [Tomcat]
2025-04-21 15:17:24.235  INFO 2132 --- [main] org.apache.catalina.core.StandardEngine  : Starting Servlet engine: [Apache Tomcat/9.0.73]
2025-04-21 15:17:24.329  INFO 2132 --- [main] o.a.c.c.C.[Tomcat].[localhost].[/]       : Initializing Spring embedded WebApplicationContext
2025-04-21 15:17:24.330  INFO 2132 --- [main] w.s.c.ServletWebServerApplicationContext : Root WebApplicationContext: initialization completed in 999 ms
2025-04-21 15:17:24.381  INFO 2132 --- [main] com.indusind.config.CouchbaseConfig      : init method invoked : 127.0.0.1
2025-04-21 15:17:25.036  INFO 2132 --- [cb-events] com.couchbase.core                       : [com.couchbase.core][CoreCreatedEvent] {"clientVersion":"3.3.4","clientGitHash":"${buildNumber}","coreVersion":"2.3.4","coreGitHash":"${buildNumber}","userAgent":"couchbase-java/3.3.4 (Windows 10 10.0 amd64; Java HotSpot(TM) 64-Bit Server VM 17.0.14+8-LTS-191)","maxNumRequestsInRetry":32768,"ioEnvironment":{"nativeIoEnabled":true,"eventLoopThreadCount":4,"eventLoopGroups":["NioEventLoopGroup"]},"ioConfig":{"captureTraffic":[],"mutationTokensEnabled":true,"networkResolution":"auto","dnsSrvEnabled":true,"tcpKeepAlivesEnabled":true,"tcpKeepAliveTimeMs":60000,"configPollIntervalMs":2500,"kvCircuitBreakerConfig":"disabled","queryCircuitBreakerConfig":"disabled","viewCircuitBreakerConfig":"disabled","searchCircuitBreakerConfig":"disabled","analyticsCircuitBreakerConfig":"disabled","managerCircuitBreakerConfig":"disabled","eventingCircuitBreakerConfig":"disabled","backupCircuitBreakerConfig":"disabled","numKvConnections":1,"maxHttpConnections":12,"idleHttpConnectionTimeoutMs":4500,"configIdleRedialTimeoutMs":300000,"memcachedHashingStrategy":"StandardMemcachedHashingStrategy"},"compressionConfig":{"enabled":true,"minRatio":0.83,"minSize":32},"securityConfig":{"tlsEnabled":false,"nativeTlsEnabled":true,"hostnameVerificationEnabled":true,"trustCertificates":null,"trustManagerFactory":null,"ciphers":[]},"timeoutConfig":{"kvMs":2500,"kvDurableMs":10000,"managementMs":75000,"queryMs":75000,"viewMs":75000,"searchMs":75000,"analyticsMs":75000,"connectMs":10000,"disconnectMs":10000,"eventingMs":75000,"backupMs":75000},"loggerConfig":{"customLogger":null,"fallbackToConsole":false,"consoleLogLevel":{"name":"INFO","resourceBundleName":"sun.util.logging.resources.logging","localizedName":"INFO"},"consoleLoggerFormatter":"DefaultLoggerFormatter","disableSlf4j":false,"loggerName":"CouchbaseLogger","diagnosticContextEnabled":false},"orphanReporterConfig":{"emitIntervalMs":10000,"sampleSize":10,"queueLength":1024,"enabled":true},"thresholdLoggingTracerConfig":{"enabled":true,"emitIntervalMs":10000,"sampleSize":10,"queueLength":1024,"kvThresholdMs":500,"queryThresholdMs":1000,"searchThresholdMs":1000,"analyticsThresholdMs":1000,"viewThresholdMs":1000},"loggingMeterConfig":{"enabled":true,"emitIntervalMs":600000},"retryStrategy":"BestEffortRetryStrategy","requestTracer":"ThresholdLoggingTracer","meter":"LoggingMeter","numRequestCallbacks":0,"scheduler":"ParallelScheduler","schedulerThreadCount":8,"transactionsConfig":{"durabilityLevel":"MAJORITY","timeoutMs":15000,"cleanupConfig":{"runLostAttemptsCleanupThread":true,"runRegularAttemptsCleanupThread":true,"cleanupWindowMs":60000,"cleanupSet":""},"numAtrs":1024,"metadataCollection":"none","scanConsistency":"none"}} {"connectionString":"127.0.0.1","coreId":"0x72e0203100000001","numCoreInstances":1,"seedNodes":[{"address":"127.0.0.1"}]}
2025-04-21 15:17:25.036  INFO 2132 --- [cb-events] com.couchbase.transactions               : [com.couchbase.transactions][TransactionsStartedEvent] Transactions successfully initialised, regular cleanup enabled=true, lost cleanup enabled=true
2025-04-21 15:17:25.040  INFO 2132 --- [cb-events] com.couchbase.node                       : [com.couchbase.node][NodeConnectedEvent] Node connected {"coreId":"0x72e0203100000001","managerPort":"8091","remote":"127.0.0.1"}
2025-04-21 15:17:25.717  INFO 2132 --- [main] com.indusind.config.CouchbaseConfig      : Couchbase connection established successfully.
2025-04-21 15:17:25.747  INFO 2132 --- [cb-events] com.couchbase.core                       : [com.couchbase.core][BucketOpenedEvent][144ms] Opened bucket "uat_iCache" {"coreId":"0x72e0203100000001"}
2025-04-21 15:17:26.126  INFO 2132 --- [main] o.s.b.w.embedded.tomcat.TomcatWebServer  : Tomcat started on port(s): 8080 (http) with context path ''
2025-04-21 15:17:26.135  INFO 2132 --- [scheduling-1] com.indusind.scheduler.SchedulingClass   : Scheduled
2025-04-21 15:17:26.137  INFO 2132 --- [main] c.i.CsvToJsonExtractorApplication        : Started CsvToJsonExtractorApplication in 3.247 seconds (JVM running for 3.848)
2025-04-21 15:17:28.178  INFO 2132 --- [scheduling-1] com.indusind.scheduler.SchedulingClass   : listOfCSVFileData extraction is done
2025-04-21 15:17:28.180  INFO 2132 --- [scheduling-1] com.indusind.scheduler.SchedulingClass   : Submitted batch from index 0 to 500
2025-04-21 15:17:28.181  INFO 2132 --- [scheduling-1] com.indusind.scheduler.SchedulingClass   : Submitted batch from index 500 to 1000
2025-04-21 15:17:28.181  INFO 2132 --- [scheduling-1] com.indusind.scheduler.SchedulingClass   : Submitted batch from index 1000 to 1500
2025-04-21 15:17:28.182  INFO 2132 --- [scheduling-1] com.indusind.scheduler.SchedulingClass   : Submitted batch from index 1500 to 2000
2025-04-21 15:17:28.182  INFO 2132 --- [scheduling-1] com.indusind.scheduler.SchedulingClass   : Submitted batch from index 2000 to 2500
2025-04-21 15:17:28.183  INFO 2132 --- [scheduling-1] com.indusind.scheduler.SchedulingClass   : Submitted batch from index 2500 to 3000
2025-04-21 15:17:28.183  INFO 2132 --- [scheduling-1] com.indusind.scheduler.SchedulingClass   : Submitted batch from index 3000 to 3500
2025-04-21 15:17:28.183  INFO 2132 --- [scheduling-1] com.indusind.scheduler.SchedulingClass   : Submitted batch from index 3500 to 4000
2025-04-21 15:17:28.184  INFO 2132 --- [scheduling-1] com.indusind.scheduler.SchedulingClass   : Submitted batch from index 4000 to 4500
2025-04-21 15:17:28.184  INFO 2132 --- [scheduling-1] com.indusind.scheduler.SchedulingClass   : Submitted batch from index 4500 to 5000
2025-04-21 15:17:28.184  INFO 2132 --- [scheduling-1] com.indusind.scheduler.SchedulingClass   : Submitted batch from index 5000 to 5500
2025-04-21 15:17:28.184  INFO 2132 --- [scheduling-1] com.indusind.scheduler.SchedulingClass   : Submitted batch from index 5500 to 6000
2025-04-21 15:17:28.185  INFO 2132 --- [scheduling-1] com.indusind.scheduler.SchedulingClass   : Submitted batch from index 6000 to 6500
2025-04-21 15:17:28.185  INFO 2132 --- [scheduling-1] com.indusind.scheduler.SchedulingClass   : Submitted batch from index 6500 to 7000
2025-04-21 15:17:28.185  INFO 2132 --- [scheduling-1] com.indusind.scheduler.SchedulingClass   : Submitted batch from index 7000 to 7500
2025-04-21 15:17:28.186  INFO 2132 --- [scheduling-1] com.indusind.scheduler.SchedulingClass   : Submitted batch from index 7500 to 8000
2025-04-21 15:17:28.186  INFO 2132 --- [scheduling-1] com.indusind.scheduler.SchedulingClass   : Submitted batch from index 8000 to 8500
2025-04-21 15:17:28.186  INFO 2132 --- [scheduling-1] com.indusind.scheduler.SchedulingClass   : Submitted batch from index 8500 to 9000
2025-04-21 15:17:28.187  INFO 2132 --- [scheduling-1] com.indusind.scheduler.SchedulingClass   : Submitted batch from index 9000 to 9500
2025-04-21 15:17:28.188  INFO 2132 --- [scheduling-1] com.indusind.scheduler.SchedulingClass   : Submitted batch from index 9500 to 10000
2025-04-21 15:17:28.188  INFO 2132 --- [scheduling-1] com.indusind.scheduler.SchedulingClass   : Submitted batch from index 10000 to 10500
2025-04-21 15:17:28.188  INFO 2132 --- [scheduling-1] com.indusind.scheduler.SchedulingClass   : Submitted batch from index 10500 to 11000
2025-04-21 15:17:28.188  INFO 2132 --- [scheduling-1] com.indusind.scheduler.SchedulingClass   : Submitted batch from index 11000 to 11500
2025-04-21 15:17:28.188  INFO 2132 --- [scheduling-1] com.indusind.scheduler.SchedulingClass   : Submitted batch from index 11500 to 12000
2025-04-21 15:17:28.188  INFO 2132 --- [scheduling-1] com.indusind.scheduler.SchedulingClass   : Submitted batch from index 12000 to 12500
2025-04-21 15:17:28.188  INFO 2132 --- [scheduling-1] com.indusind.scheduler.SchedulingClass   : Submitted batch from index 12500 to 13000
2025-04-21 15:17:28.189  INFO 2132 --- [scheduling-1] com.indusind.scheduler.SchedulingClass   : Submitted batch from index 13000 to 13500
2025-04-21 15:17:28.189  INFO 2132 --- [scheduling-1] com.indusind.scheduler.SchedulingClass   : Submitted batch from index 13500 to 14000
2025-04-21 15:17:28.189  INFO 2132 --- [scheduling-1] com.indusind.scheduler.SchedulingClass   : Submitted batch from index 14000 to 14500
2025-04-21 15:17:28.189  INFO 2132 --- [scheduling-1] com.indusind.scheduler.SchedulingClass   : Submitted batch from index 14500 to 15000
2025-04-21 15:17:28.189  INFO 2132 --- [scheduling-1] com.indusind.scheduler.SchedulingClass   : Submitted batch from index 15000 to 15500
2025-04-21 15:17:28.189  INFO 2132 --- [scheduling-1] com.indusind.scheduler.SchedulingClass   : Submitted batch from index 15500 to 16000
2025-04-21 15:17:28.189  INFO 2132 --- [scheduling-1] com.indusind.scheduler.SchedulingClass   : Submitted batch from index 16000 to 16500
2025-04-21 15:17:28.189  INFO 2132 --- [scheduling-1] com.indusind.scheduler.SchedulingClass   : Submitted batch from index 16500 to 17000
2025-04-21 15:17:28.190  INFO 2132 --- [scheduling-1] com.indusind.scheduler.SchedulingClass   : Submitted batch from index 17000 to 17500
2025-04-21 15:17:28.190  INFO 2132 --- [scheduling-1] com.indusind.scheduler.SchedulingClass   : Submitted batch from index 17500 to 18000
2025-04-21 15:17:28.190  INFO 2132 --- [scheduling-1] com.indusind.scheduler.SchedulingClass   : Submitted batch from index 18000 to 18500
2025-04-21 15:17:28.190  INFO 2132 --- [scheduling-1] com.indusind.scheduler.SchedulingClass   : Submitted batch from index 18500 to 19000
2025-04-21 15:17:28.190  INFO 2132 --- [scheduling-1] com.indusind.scheduler.SchedulingClass   : Submitted batch from index 19000 to 19500
2025-04-21 15:17:28.190  INFO 2132 --- [scheduling-1] com.indusind.scheduler.SchedulingClass   : Submitted batch from index 19500 to 20000
2025-04-21 15:17:28.190  INFO 2132 --- [scheduling-1] com.indusind.scheduler.SchedulingClass   : Submitted batch from index 20000 to 20500
2025-04-21 15:17:28.190  INFO 2132 --- [scheduling-1] com.indusind.scheduler.SchedulingClass   : Submitted batch from index 20500 to 21000
2025-04-21 15:17:28.190  INFO 2132 --- [scheduling-1] com.indusind.scheduler.SchedulingClass   : Submitted batch from index 21000 to 21500
2025-04-21 15:17:28.190  INFO 2132 --- [scheduling-1] com.indusind.scheduler.SchedulingClass   : Submitted batch from index 21500 to 22000
2025-04-21 15:17:28.191  INFO 2132 --- [scheduling-1] com.indusind.scheduler.SchedulingClass   : Submitted batch from index 22000 to 22500
2025-04-21 15:17:28.191  INFO 2132 --- [scheduling-1] com.indusind.scheduler.SchedulingClass   : Submitted batch from index 22500 to 23000
2025-04-21 15:17:28.191  INFO 2132 --- [scheduling-1] com.indusind.scheduler.SchedulingClass   : Submitted batch from index 23000 to 23500
2025-04-21 15:17:28.192  INFO 2132 --- [scheduling-1] com.indusind.scheduler.SchedulingClass   : Submitted batch from index 23500 to 24000
2025-04-21 15:17:28.192  INFO 2132 --- [scheduling-1] com.indusind.scheduler.SchedulingClass   : Submitted batch from index 24000 to 24500
2025-04-21 15:17:28.192  INFO 2132 --- [scheduling-1] com.indusind.scheduler.SchedulingClass   : Submitted batch from index 24500 to 25000
2025-04-21 15:17:28.192  INFO 2132 --- [scheduling-1] com.indusind.scheduler.SchedulingClass   : Submitted batch from index 25000 to 25500
2025-04-21 15:17:28.192  INFO 2132 --- [scheduling-1] com.indusind.scheduler.SchedulingClass   : Submitted batch from index 25500 to 26000
2025-04-21 15:17:28.192  INFO 2132 --- [scheduling-1] com.indusind.scheduler.SchedulingClass   : Submitted batch from index 26000 to 26500
2025-04-21 15:17:28.192  INFO 2132 --- [scheduling-1] com.indusind.scheduler.SchedulingClass   : Submitted batch from index 26500 to 27000
2025-04-21 15:17:28.192  INFO 2132 --- [scheduling-1] com.indusind.scheduler.SchedulingClass   : Submitted batch from index 27000 to 27500
2025-04-21 15:17:28.192  INFO 2132 --- [scheduling-1] com.indusind.scheduler.SchedulingClass   : Submitted batch from index 27500 to 28000
2025-04-21 15:17:28.192  INFO 2132 --- [scheduling-1] com.indusind.scheduler.SchedulingClass   : Submitted batch from index 28000 to 28500
2025-04-21 15:17:28.193  INFO 2132 --- [scheduling-1] com.indusind.scheduler.SchedulingClass   : Submitted batch from index 28500 to 29000
2025-04-21 15:17:28.193  INFO 2132 --- [scheduling-1] com.indusind.scheduler.SchedulingClass   : Submitted batch from index 29000 to 29500
2025-04-21 15:17:28.193  INFO 2132 --- [scheduling-1] com.indusind.scheduler.SchedulingClass   : Submitted batch from index 29500 to 30000
2025-04-21 15:17:28.193  INFO 2132 --- [scheduling-1] com.indusind.scheduler.SchedulingClass   : Submitted batch from index 30000 to 30500
2025-04-21 15:17:28.193  INFO 2132 --- [scheduling-1] com.indusind.scheduler.SchedulingClass   : Submitted batch from index 30500 to 31000
2025-04-21 15:17:28.193  INFO 2132 --- [scheduling-1] com.indusind.scheduler.SchedulingClass   : Submitted batch from index 31000 to 31500
2025-04-21 15:17:28.193  INFO 2132 --- [scheduling-1] com.indusind.scheduler.SchedulingClass   : Submitted batch from index 31500 to 32000
2025-04-21 15:17:28.193  INFO 2132 --- [scheduling-1] com.indusind.scheduler.SchedulingClass   : Submitted batch from index 32000 to 32500
2025-04-21 15:17:28.193  INFO 2132 --- [scheduling-1] com.indusind.scheduler.SchedulingClass   : Submitted batch from index 32500 to 33000
2025-04-21 15:17:28.193  INFO 2132 --- [scheduling-1] com.indusind.scheduler.SchedulingClass   : Submitted batch from index 33000 to 33500
2025-04-21 15:17:28.193  INFO 2132 --- [scheduling-1] com.indusind.scheduler.SchedulingClass   : Submitted batch from index 33500 to 34000
2025-04-21 15:17:28.193  INFO 2132 --- [scheduling-1] com.indusind.scheduler.SchedulingClass   : Submitted batch from index 34000 to 34500
2025-04-21 15:17:28.193  INFO 2132 --- [scheduling-1] com.indusind.scheduler.SchedulingClass   : Submitted batch from index 34500 to 35000
2025-04-21 15:17:28.193  INFO 2132 --- [scheduling-1] com.indusind.scheduler.SchedulingClass   : Submitted batch from index 35000 to 35500
2025-04-21 15:17:28.194  INFO 2132 --- [scheduling-1] com.indusind.scheduler.SchedulingClass   : Submitted batch from index 35500 to 36000
2025-04-21 15:17:28.194  INFO 2132 --- [scheduling-1] com.indusind.scheduler.SchedulingClass   : Submitted batch from index 36000 to 36500
2025-04-21 15:17:28.194  INFO 2132 --- [scheduling-1] com.indusind.scheduler.SchedulingClass   : Submitted batch from index 36500 to 37000
2025-04-21 15:17:28.194  INFO 2132 --- [scheduling-1] com.indusind.scheduler.SchedulingClass   : Submitted batch from index 37000 to 37500
2025-04-21 15:17:28.194  INFO 2132 --- [scheduling-1] com.indusind.scheduler.SchedulingClass   : Submitted batch from index 37500 to 38000
2025-04-21 15:17:28.194  INFO 2132 --- [scheduling-1] com.indusind.scheduler.SchedulingClass   : Submitted batch from index 38000 to 38500
2025-04-21 15:17:28.194  INFO 2132 --- [scheduling-1] com.indusind.scheduler.SchedulingClass   : Submitted batch from index 38500 to 39000
2025-04-21 15:17:28.194  INFO 2132 --- [scheduling-1] com.indusind.scheduler.SchedulingClass   : Submitted batch from index 39000 to 39500
2025-04-21 15:17:28.194  INFO 2132 --- [scheduling-1] com.indusind.scheduler.SchedulingClass   : Submitted batch from index 39500 to 40000
2025-04-21 15:17:28.194  INFO 2132 --- [scheduling-1] com.indusind.scheduler.SchedulingClass   : Submitted batch from index 40000 to 40500
2025-04-21 15:17:28.194  INFO 2132 --- [scheduling-1] com.indusind.scheduler.SchedulingClass   : Submitted batch from index 40500 to 41000
2025-04-21 15:17:28.195  INFO 2132 --- [scheduling-1] com.indusind.scheduler.SchedulingClass   : Submitted batch from index 41000 to 41500
2025-04-21 15:17:28.195  INFO 2132 --- [scheduling-1] com.indusind.scheduler.SchedulingClass   : Submitted batch from index 41500 to 42000
2025-04-21 15:17:28.195  INFO 2132 --- [scheduling-1] com.indusind.scheduler.SchedulingClass   : Submitted batch from index 42000 to 42500
2025-04-21 15:17:28.195  INFO 2132 --- [scheduling-1] com.indusind.scheduler.SchedulingClass   : Submitted batch from index 42500 to 43000
2025-04-21 15:17:28.195  INFO 2132 --- [scheduling-1] com.indusind.scheduler.SchedulingClass   : Submitted batch from index 43000 to 43500
2025-04-21 15:17:28.195  INFO 2132 --- [scheduling-1] com.indusind.scheduler.SchedulingClass   : Submitted batch from index 43500 to 44000
2025-04-21 15:17:28.195  INFO 2132 --- [scheduling-1] com.indusind.scheduler.SchedulingClass   : Submitted batch from index 44000 to 44500
2025-04-21 15:17:28.195  INFO 2132 --- [scheduling-1] com.indusind.scheduler.SchedulingClass   : Submitted batch from index 44500 to 45000
2025-04-21 15:17:28.195  INFO 2132 --- [scheduling-1] com.indusind.scheduler.SchedulingClass   : Submitted batch from index 45000 to 45500
2025-04-21 15:17:28.195  INFO 2132 --- [scheduling-1] com.indusind.scheduler.SchedulingClass   : Submitted batch from index 45500 to 46000
2025-04-21 15:17:28.195  INFO 2132 --- [scheduling-1] com.indusind.scheduler.SchedulingClass   : Submitted batch from index 46000 to 46500
2025-04-21 15:17:28.195  INFO 2132 --- [scheduling-1] com.indusind.scheduler.SchedulingClass   : Submitted batch from index 46500 to 47000
2025-04-21 15:17:28.195  INFO 2132 --- [scheduling-1] com.indusind.scheduler.SchedulingClass   : Submitted batch from index 47000 to 47500
2025-04-21 15:17:28.195  INFO 2132 --- [scheduling-1] com.indusind.scheduler.SchedulingClass   : Submitted batch from index 47500 to 48000
2025-04-21 15:17:28.195  INFO 2132 --- [scheduling-1] com.indusind.scheduler.SchedulingClass   : Submitted batch from index 48000 to 48500
2025-04-21 15:17:28.196  INFO 2132 --- [scheduling-1] com.indusind.scheduler.SchedulingClass   : Submitted batch from index 48500 to 49000
2025-04-21 15:17:28.196  INFO 2132 --- [scheduling-1] com.indusind.scheduler.SchedulingClass   : Submitted batch from index 49000 to 49500
2025-04-21 15:17:28.196  INFO 2132 --- [scheduling-1] com.indusind.scheduler.SchedulingClass   : Submitted batch from index 49500 to 50000
2025-04-21 15:17:28.196  INFO 2132 --- [scheduling-1] com.indusind.scheduler.SchedulingClass   : Submitted batch from index 50000 to 50500
2025-04-21 15:17:28.196  INFO 2132 --- [scheduling-1] com.indusind.scheduler.SchedulingClass   : Submitted batch from index 50500 to 51000
2025-04-21 15:17:28.196  INFO 2132 --- [scheduling-1] com.indusind.scheduler.SchedulingClass   : Submitted batch from index 51000 to 51500
2025-04-21 15:17:28.196  INFO 2132 --- [scheduling-1] com.indusind.scheduler.SchedulingClass   : Submitted batch from index 51500 to 52000
2025-04-21 15:17:28.197  INFO 2132 --- [scheduling-1] com.indusind.scheduler.SchedulingClass   : Submitted batch from index 52000 to 52500
2025-04-21 15:17:28.197  INFO 2132 --- [scheduling-1] com.indusind.scheduler.SchedulingClass   : Submitted batch from index 52500 to 53000
2025-04-21 15:17:28.197  INFO 2132 --- [scheduling-1] com.indusind.scheduler.SchedulingClass   : Submitted batch from index 53000 to 53500
2025-04-21 15:17:28.197  INFO 2132 --- [scheduling-1] com.indusind.scheduler.SchedulingClass   : Submitted batch from index 53500 to 54000
2025-04-21 15:17:28.197  INFO 2132 --- [scheduling-1] com.indusind.scheduler.SchedulingClass   : Submitted batch from index 54000 to 54500
2025-04-21 15:17:28.197  INFO 2132 --- [scheduling-1] com.indusind.scheduler.SchedulingClass   : Submitted batch from index 54500 to 55000
2025-04-21 15:17:28.197  INFO 2132 --- [scheduling-1] com.indusind.scheduler.SchedulingClass   : Submitted batch from index 55000 to 55500
2025-04-21 15:17:28.197  INFO 2132 --- [scheduling-1] com.indusind.scheduler.SchedulingClass   : Submitted batch from index 55500 to 56000
2025-04-21 15:17:28.197  INFO 2132 --- [scheduling-1] com.indusind.scheduler.SchedulingClass   : Submitted batch from index 56000 to 56500
2025-04-21 15:17:28.197  INFO 2132 --- [scheduling-1] com.indusind.scheduler.SchedulingClass   : Submitted batch from index 56500 to 57000
2025-04-21 15:17:28.197  INFO 2132 --- [scheduling-1] com.indusind.scheduler.SchedulingClass   : Submitted batch from index 57000 to 57500
2025-04-21 15:17:28.197  INFO 2132 --- [scheduling-1] com.indusind.scheduler.SchedulingClass   : Submitted batch from index 57500 to 58000
2025-04-21 15:17:28.197  INFO 2132 --- [scheduling-1] com.indusind.scheduler.SchedulingClass   : Submitted batch from index 58000 to 58500
2025-04-21 15:17:28.198  INFO 2132 --- [scheduling-1] com.indusind.scheduler.SchedulingClass   : Submitted batch from index 58500 to 59000
2025-04-21 15:17:28.198  INFO 2132 --- [scheduling-1] com.indusind.scheduler.SchedulingClass   : Submitted batch from index 59000 to 59500
2025-04-21 15:17:28.198  INFO 2132 --- [scheduling-1] com.indusind.scheduler.SchedulingClass   : Submitted batch from index 59500 to 60000
2025-04-21 15:17:28.198  INFO 2132 --- [scheduling-1] com.indusind.scheduler.SchedulingClass   : Submitted batch from index 60000 to 60500
2025-04-21 15:17:28.198  INFO 2132 --- [scheduling-1] com.indusind.scheduler.SchedulingClass   : Submitted batch from index 60500 to 61000
2025-04-21 15:17:28.198  INFO 2132 --- [scheduling-1] com.indusind.scheduler.SchedulingClass   : Submitted batch from index 61000 to 61500
2025-04-21 15:17:28.198  INFO 2132 --- [scheduling-1] com.indusind.scheduler.SchedulingClass   : Submitted batch from index 61500 to 62000
2025-04-21 15:17:28.198  INFO 2132 --- [scheduling-1] com.indusind.scheduler.SchedulingClass   : Submitted batch from index 62000 to 62500
2025-04-21 15:17:28.198  INFO 2132 --- [scheduling-1] com.indusind.scheduler.SchedulingClass   : Submitted batch from index 62500 to 63000
2025-04-21 15:17:28.198  INFO 2132 --- [scheduling-1] com.indusind.scheduler.SchedulingClass   : Submitted batch from index 63000 to 63500
2025-04-21 15:17:28.198  INFO 2132 --- [scheduling-1] com.indusind.scheduler.SchedulingClass   : Submitted batch from index 63500 to 64000
2025-04-21 15:17:28.198  INFO 2132 --- [scheduling-1] com.indusind.scheduler.SchedulingClass   : Submitted batch from index 64000 to 64500
2025-04-21 15:17:28.198  INFO 2132 --- [scheduling-1] com.indusind.scheduler.SchedulingClass   : Submitted batch from index 64500 to 65000
2025-04-21 15:17:28.198  INFO 2132 --- [scheduling-1] com.indusind.scheduler.SchedulingClass   : Submitted batch from index 65000 to 65500
2025-04-21 15:17:28.198  INFO 2132 --- [scheduling-1] com.indusind.scheduler.SchedulingClass   : Submitted batch from index 65500 to 66000
2025-04-21 15:17:28.199  INFO 2132 --- [scheduling-1] com.indusind.scheduler.SchedulingClass   : Submitted batch from index 66000 to 66500
2025-04-21 15:17:28.199  INFO 2132 --- [scheduling-1] com.indusind.scheduler.SchedulingClass   : Submitted batch from index 66500 to 67000
2025-04-21 15:17:28.199  INFO 2132 --- [scheduling-1] com.indusind.scheduler.SchedulingClass   : Submitted batch from index 67000 to 67500
2025-04-21 15:17:28.199  INFO 2132 --- [scheduling-1] com.indusind.scheduler.SchedulingClass   : Submitted batch from index 67500 to 68000
2025-04-21 15:17:28.199  INFO 2132 --- [scheduling-1] com.indusind.scheduler.SchedulingClass   : Submitted batch from index 68000 to 68500
2025-04-21 15:17:28.199  INFO 2132 --- [scheduling-1] com.indusind.scheduler.SchedulingClass   : Submitted batch from index 68500 to 69000
2025-04-21 15:17:28.199  INFO 2132 --- [scheduling-1] com.indusind.scheduler.SchedulingClass   : Submitted batch from index 69000 to 69500
2025-04-21 15:17:28.199  INFO 2132 --- [scheduling-1] com.indusind.scheduler.SchedulingClass   : Submitted batch from index 69500 to 70000
2025-04-21 15:17:28.199  INFO 2132 --- [scheduling-1] com.indusind.scheduler.SchedulingClass   : Submitted batch from index 70000 to 70500
2025-04-21 15:17:28.199  INFO 2132 --- [scheduling-1] com.indusind.scheduler.SchedulingClass   : Submitted batch from index 70500 to 71000
2025-04-21 15:17:28.199  INFO 2132 --- [scheduling-1] com.indusind.scheduler.SchedulingClass   : Submitted batch from index 71000 to 71500
2025-04-21 15:17:28.199  INFO 2132 --- [scheduling-1] com.indusind.scheduler.SchedulingClass   : Submitted batch from index 71500 to 72000
2025-04-21 15:17:28.199  INFO 2132 --- [scheduling-1] com.indusind.scheduler.SchedulingClass   : Submitted batch from index 72000 to 72500
2025-04-21 15:17:28.200  INFO 2132 --- [scheduling-1] com.indusind.scheduler.SchedulingClass   : Submitted batch from index 72500 to 73000
2025-04-21 15:17:28.200  INFO 2132 --- [scheduling-1] com.indusind.scheduler.SchedulingClass   : Submitted batch from index 73000 to 73500
2025-04-21 15:17:28.200  INFO 2132 --- [scheduling-1] com.indusind.scheduler.SchedulingClass   : Submitted batch from index 73500 to 74000
2025-04-21 15:17:28.200  INFO 2132 --- [scheduling-1] com.indusind.scheduler.SchedulingClass   : Submitted batch from index 74000 to 74500
2025-04-21 15:17:28.200  INFO 2132 --- [scheduling-1] com.indusind.scheduler.SchedulingClass   : Submitted batch from index 74500 to 75000
2025-04-21 15:17:28.200  INFO 2132 --- [scheduling-1] com.indusind.scheduler.SchedulingClass   : Submitted batch from index 75000 to 75500
2025-04-21 15:17:28.200  INFO 2132 --- [scheduling-1] com.indusind.scheduler.SchedulingClass   : Submitted batch from index 75500 to 76000
2025-04-21 15:17:28.201  INFO 2132 --- [scheduling-1] com.indusind.scheduler.SchedulingClass   : Submitted batch from index 76000 to 76500
2025-04-21 15:17:28.201  INFO 2132 --- [scheduling-1] com.indusind.scheduler.SchedulingClass   : Submitted batch from index 76500 to 77000
2025-04-21 15:17:28.201  INFO 2132 --- [scheduling-1] com.indusind.scheduler.SchedulingClass   : Submitted batch from index 77000 to 77500
2025-04-21 15:17:28.201  INFO 2132 --- [scheduling-1] com.indusind.scheduler.SchedulingClass   : Submitted batch from index 77500 to 78000
2025-04-21 15:17:28.201  INFO 2132 --- [scheduling-1] com.indusind.scheduler.SchedulingClass   : Submitted batch from index 78000 to 78500
2025-04-21 15:17:28.201  INFO 2132 --- [scheduling-1] com.indusind.scheduler.SchedulingClass   : Submitted batch from index 78500 to 79000
2025-04-21 15:17:28.201  INFO 2132 --- [scheduling-1] com.indusind.scheduler.SchedulingClass   : Submitted batch from index 79000 to 79500
2025-04-21 15:17:28.201  INFO 2132 --- [scheduling-1] com.indusind.scheduler.SchedulingClass   : Submitted batch from index 79500 to 80000
2025-04-21 15:17:28.201  INFO 2132 --- [scheduling-1] com.indusind.scheduler.SchedulingClass   : Submitted batch from index 80000 to 80500
2025-04-21 15:17:28.201  INFO 2132 --- [scheduling-1] com.indusind.scheduler.SchedulingClass   : Submitted batch from index 80500 to 81000
2025-04-21 15:17:28.201  INFO 2132 --- [scheduling-1] com.indusind.scheduler.SchedulingClass   : Submitted batch from index 81000 to 81500
2025-04-21 15:17:28.201  INFO 2132 --- [scheduling-1] com.indusind.scheduler.SchedulingClass   : Submitted batch from index 81500 to 82000
2025-04-21 15:17:28.201  INFO 2132 --- [scheduling-1] com.indusind.scheduler.SchedulingClass   : Submitted batch from index 82000 to 82500
2025-04-21 15:17:28.201  INFO 2132 --- [scheduling-1] com.indusind.scheduler.SchedulingClass   : Submitted batch from index 82500 to 83000
2025-04-21 15:17:28.201  INFO 2132 --- [scheduling-1] com.indusind.scheduler.SchedulingClass   : Submitted batch from index 83000 to 83500
2025-04-21 15:17:28.201  INFO 2132 --- [scheduling-1] com.indusind.scheduler.SchedulingClass   : Submitted batch from index 83500 to 84000
2025-04-21 15:17:28.201  INFO 2132 --- [scheduling-1] com.indusind.scheduler.SchedulingClass   : Submitted batch from index 84000 to 84500
2025-04-21 15:17:28.202  INFO 2132 --- [scheduling-1] com.indusind.scheduler.SchedulingClass   : Submitted batch from index 84500 to 85000
2025-04-21 15:17:28.202  INFO 2132 --- [scheduling-1] com.indusind.scheduler.SchedulingClass   : Submitted batch from index 85000 to 85500
2025-04-21 15:17:28.202  INFO 2132 --- [scheduling-1] com.indusind.scheduler.SchedulingClass   : Submitted batch from index 85500 to 86000
2025-04-21 15:17:28.202  INFO 2132 --- [scheduling-1] com.indusind.scheduler.SchedulingClass   : Submitted batch from index 86000 to 86500
2025-04-21 15:17:28.202  INFO 2132 --- [scheduling-1] com.indusind.scheduler.SchedulingClass   : Submitted batch from index 86500 to 87000
2025-04-21 15:17:28.202  INFO 2132 --- [scheduling-1] com.indusind.scheduler.SchedulingClass   : Submitted batch from index 87000 to 87500
2025-04-21 15:17:28.202  INFO 2132 --- [scheduling-1] com.indusind.scheduler.SchedulingClass   : Submitted batch from index 87500 to 88000
2025-04-21 15:17:28.202  INFO 2132 --- [scheduling-1] com.indusind.scheduler.SchedulingClass   : Submitted batch from index 88000 to 88500
2025-04-21 15:17:28.202  INFO 2132 --- [scheduling-1] com.indusind.scheduler.SchedulingClass   : Submitted batch from index 88500 to 89000
2025-04-21 15:17:28.202  INFO 2132 --- [scheduling-1] com.indusind.scheduler.SchedulingClass   : Submitted batch from index 89000 to 89500
2025-04-21 15:17:28.202  INFO 2132 --- [scheduling-1] com.indusind.scheduler.SchedulingClass   : Submitted batch from index 89500 to 90000
2025-04-21 15:17:28.202  INFO 2132 --- [scheduling-1] com.indusind.scheduler.SchedulingClass   : Submitted batch from index 90000 to 90500
2025-04-21 15:17:28.202  INFO 2132 --- [scheduling-1] com.indusind.scheduler.SchedulingClass   : Submitted batch from index 90500 to 91000
2025-04-21 15:17:28.202  INFO 2132 --- [scheduling-1] com.indusind.scheduler.SchedulingClass   : Submitted batch from index 91000 to 91500
2025-04-21 15:17:28.202  INFO 2132 --- [scheduling-1] com.indusind.scheduler.SchedulingClass   : Submitted batch from index 91500 to 92000
2025-04-21 15:17:28.202  INFO 2132 --- [scheduling-1] com.indusind.scheduler.SchedulingClass   : Submitted batch from index 92000 to 92500
2025-04-21 15:17:28.202  INFO 2132 --- [scheduling-1] com.indusind.scheduler.SchedulingClass   : Submitted batch from index 92500 to 93000
2025-04-21 15:17:28.202  INFO 2132 --- [scheduling-1] com.indusind.scheduler.SchedulingClass   : Submitted batch from index 93000 to 93500
2025-04-21 15:17:28.202  INFO 2132 --- [scheduling-1] com.indusind.scheduler.SchedulingClass   : Submitted batch from index 93500 to 94000
2025-04-21 15:17:28.202  INFO 2132 --- [scheduling-1] com.indusind.scheduler.SchedulingClass   : Submitted batch from index 94000 to 94500
2025-04-21 15:17:28.202  INFO 2132 --- [scheduling-1] com.indusind.scheduler.SchedulingClass   : Submitted batch from index 94500 to 95000
2025-04-21 15:17:28.202  INFO 2132 --- [scheduling-1] com.indusind.scheduler.SchedulingClass   : Submitted batch from index 95000 to 95500
2025-04-21 15:17:28.202  INFO 2132 --- [scheduling-1] com.indusind.scheduler.SchedulingClass   : Submitted batch from index 95500 to 96000
2025-04-21 15:17:28.202  INFO 2132 --- [scheduling-1] com.indusind.scheduler.SchedulingClass   : Submitted batch from index 96000 to 96500
2025-04-21 15:17:28.202  INFO 2132 --- [scheduling-1] com.indusind.scheduler.SchedulingClass   : Submitted batch from index 96500 to 97000
2025-04-21 15:17:28.202  INFO 2132 --- [scheduling-1] com.indusind.scheduler.SchedulingClass   : Submitted batch from index 97000 to 97500
2025-04-21 15:17:28.202  INFO 2132 --- [scheduling-1] com.indusind.scheduler.SchedulingClass   : Submitted batch from index 97500 to 98000
2025-04-21 15:17:28.202  INFO 2132 --- [scheduling-1] com.indusind.scheduler.SchedulingClass   : Submitted batch from index 98000 to 98500
2025-04-21 15:17:28.203  INFO 2132 --- [scheduling-1] com.indusind.scheduler.SchedulingClass   : Submitted batch from index 98500 to 99000
2025-04-21 15:17:28.204  INFO 2132 --- [scheduling-1] com.indusind.scheduler.SchedulingClass   : Submitted batch from index 99000 to 99500
2025-04-21 15:17:28.204  INFO 2132 --- [scheduling-1] com.indusind.scheduler.SchedulingClass   : Submitted batch from index 99500 to 100000
2025-04-21 15:17:28.204  INFO 2132 --- [scheduling-1] com.indusind.scheduler.SchedulingClass   : Submitted batch from index 100000 to 100500
2025-04-21 15:17:28.204  INFO 2132 --- [scheduling-1] com.indusind.scheduler.SchedulingClass   : Submitted batch from index 100500 to 101000
2025-04-21 15:17:28.204  INFO 2132 --- [scheduling-1] com.indusind.scheduler.SchedulingClass   : Submitted batch from index 101000 to 101500
2025-04-21 15:17:28.204  INFO 2132 --- [scheduling-1] com.indusind.scheduler.SchedulingClass   : Submitted batch from index 101500 to 102000
2025-04-21 15:17:28.204  INFO 2132 --- [scheduling-1] com.indusind.scheduler.SchedulingClass   : Submitted batch from index 102000 to 102500
2025-04-21 15:17:28.204  INFO 2132 --- [scheduling-1] com.indusind.scheduler.SchedulingClass   : Submitted batch from index 102500 to 103000
2025-04-21 15:17:28.204  INFO 2132 --- [scheduling-1] com.indusind.scheduler.SchedulingClass   : Submitted batch from index 103000 to 103500
2025-04-21 15:17:28.204  INFO 2132 --- [scheduling-1] com.indusind.scheduler.SchedulingClass   : Submitted batch from index 103500 to 104000
2025-04-21 15:17:28.204  INFO 2132 --- [scheduling-1] com.indusind.scheduler.SchedulingClass   : Submitted batch from index 104000 to 104500
2025-04-21 15:17:28.204  INFO 2132 --- [scheduling-1] com.indusind.scheduler.SchedulingClass   : Submitted batch from index 104500 to 105000
2025-04-21 15:17:28.204  INFO 2132 --- [scheduling-1] com.indusind.scheduler.SchedulingClass   : Submitted batch from index 105000 to 105500
2025-04-21 15:17:28.204  INFO 2132 --- [scheduling-1] com.indusind.scheduler.SchedulingClass   : Submitted batch from index 105500 to 106000
2025-04-21 15:17:28.204  INFO 2132 --- [scheduling-1] com.indusind.scheduler.SchedulingClass   : Submitted batch from index 106000 to 106500
2025-04-21 15:17:28.204  INFO 2132 --- [scheduling-1] com.indusind.scheduler.SchedulingClass   : Submitted batch from index 106500 to 107000
2025-04-21 15:17:28.204  INFO 2132 --- [scheduling-1] com.indusind.scheduler.SchedulingClass   : Submitted batch from index 107000 to 107500
2025-04-21 15:17:28.204  INFO 2132 --- [scheduling-1] com.indusind.scheduler.SchedulingClass   : Submitted batch from index 107500 to 108000
2025-04-21 15:17:28.204  INFO 2132 --- [scheduling-1] com.indusind.scheduler.SchedulingClass   : Submitted batch from index 108000 to 108500
2025-04-21 15:17:28.204  INFO 2132 --- [scheduling-1] com.indusind.scheduler.SchedulingClass   : Submitted batch from index 108500 to 109000
2025-04-21 15:17:28.204  INFO 2132 --- [scheduling-1] com.indusind.scheduler.SchedulingClass   : Submitted batch from index 109000 to 109500
2025-04-21 15:17:28.204  INFO 2132 --- [scheduling-1] com.indusind.scheduler.SchedulingClass   : Submitted batch from index 109500 to 110000
2025-04-21 15:17:28.204  INFO 2132 --- [scheduling-1] com.indusind.scheduler.SchedulingClass   : Submitted batch from index 110000 to 110500
2025-04-21 15:17:28.204  INFO 2132 --- [scheduling-1] com.indusind.scheduler.SchedulingClass   : Submitted batch from index 110500 to 111000
2025-04-21 15:17:28.204  INFO 2132 --- [scheduling-1] com.indusind.scheduler.SchedulingClass   : Submitted batch from index 111000 to 111500
2025-04-21 15:17:28.204  INFO 2132 --- [scheduling-1] com.indusind.scheduler.SchedulingClass   : Submitted batch from index 111500 to 112000
2025-04-21 15:17:28.204  INFO 2132 --- [scheduling-1] com.indusind.scheduler.SchedulingClass   : Submitted batch from index 112000 to 112500
2025-04-21 15:17:28.204  INFO 2132 --- [scheduling-1] com.indusind.scheduler.SchedulingClass   : Submitted batch from index 112500 to 113000
2025-04-21 15:17:28.204  INFO 2132 --- [scheduling-1] com.indusind.scheduler.SchedulingClass   : Submitted batch from index 113000 to 113500
2025-04-21 15:17:28.204  INFO 2132 --- [scheduling-1] com.indusind.scheduler.SchedulingClass   : Submitted batch from index 113500 to 114000
2025-04-21 15:17:28.204  INFO 2132 --- [scheduling-1] com.indusind.scheduler.SchedulingClass   : Submitted batch from index 114000 to 114500
2025-04-21 15:17:28.204  INFO 2132 --- [scheduling-1] com.indusind.scheduler.SchedulingClass   : Submitted batch from index 114500 to 115000
2025-04-21 15:17:28.204  INFO 2132 --- [scheduling-1] com.indusind.scheduler.SchedulingClass   : Submitted batch from index 115000 to 115500
2025-04-21 15:17:28.204  INFO 2132 --- [scheduling-1] com.indusind.scheduler.SchedulingClass   : Submitted batch from index 115500 to 116000
2025-04-21 15:17:28.204  INFO 2132 --- [scheduling-1] com.indusind.scheduler.SchedulingClass   : Submitted batch from index 116000 to 116500
2025-04-21 15:17:28.205  INFO 2132 --- [scheduling-1] com.indusind.scheduler.SchedulingClass   : Submitted batch from index 116500 to 117000
2025-04-21 15:17:28.205  INFO 2132 --- [scheduling-1] com.indusind.scheduler.SchedulingClass   : Submitted batch from index 117000 to 117500
2025-04-21 15:17:28.205  INFO 2132 --- [scheduling-1] com.indusind.scheduler.SchedulingClass   : Submitted batch from index 117500 to 118000
2025-04-21 15:17:28.205  INFO 2132 --- [scheduling-1] com.indusind.scheduler.SchedulingClass   : Submitted batch from index 118000 to 118500
2025-04-21 15:17:28.205  INFO 2132 --- [scheduling-1] com.indusind.scheduler.SchedulingClass   : Submitted batch from index 118500 to 119000
2025-04-21 15:17:28.205  INFO 2132 --- [scheduling-1] com.indusind.scheduler.SchedulingClass   : Submitted batch from index 119000 to 119500
2025-04-21 15:17:28.205  INFO 2132 --- [scheduling-1] com.indusind.scheduler.SchedulingClass   : Submitted batch from index 119500 to 120000
2025-04-21 15:17:28.205  INFO 2132 --- [scheduling-1] com.indusind.scheduler.SchedulingClass   : Submitted batch from index 120000 to 120500
2025-04-21 15:17:28.205  INFO 2132 --- [scheduling-1] com.indusind.scheduler.SchedulingClass   : Submitted batch from index 120500 to 121000
2025-04-21 15:17:28.205  INFO 2132 --- [scheduling-1] com.indusind.scheduler.SchedulingClass   : Submitted batch from index 121000 to 121500
2025-04-21 15:17:28.206  INFO 2132 --- [scheduling-1] com.indusind.scheduler.SchedulingClass   : Submitted batch from index 121500 to 122000
2025-04-21 15:17:28.206  INFO 2132 --- [scheduling-1] com.indusind.scheduler.SchedulingClass   : Submitted batch from index 122000 to 122500
2025-04-21 15:17:28.206  INFO 2132 --- [scheduling-1] com.indusind.scheduler.SchedulingClass   : Submitted batch from index 122500 to 123000
2025-04-21 15:17:28.206  INFO 2132 --- [scheduling-1] com.indusind.scheduler.SchedulingClass   : Submitted batch from index 123000 to 123500
2025-04-21 15:17:28.206  INFO 2132 --- [scheduling-1] com.indusind.scheduler.SchedulingClass   : Submitted batch from index 123500 to 124000
2025-04-21 15:17:28.206  INFO 2132 --- [scheduling-1] com.indusind.scheduler.SchedulingClass   : Submitted batch from index 124000 to 124500
2025-04-21 15:17:28.206  INFO 2132 --- [scheduling-1] com.indusind.scheduler.SchedulingClass   : Submitted batch from index 124500 to 125000
2025-04-21 15:17:28.206  INFO 2132 --- [scheduling-1] com.indusind.scheduler.SchedulingClass   : Submitted batch from index 125000 to 125500
2025-04-21 15:17:28.206  INFO 2132 --- [scheduling-1] com.indusind.scheduler.SchedulingClass   : Submitted batch from index 125500 to 126000
2025-04-21 15:17:28.206  INFO 2132 --- [scheduling-1] com.indusind.scheduler.SchedulingClass   : Submitted batch from index 126000 to 126500
2025-04-21 15:17:28.206  INFO 2132 --- [scheduling-1] com.indusind.scheduler.SchedulingClass   : Submitted batch from index 126500 to 127000
2025-04-21 15:17:28.206  INFO 2132 --- [scheduling-1] com.indusind.scheduler.SchedulingClass   : Submitted batch from index 127000 to 127500
2025-04-21 15:17:28.206  INFO 2132 --- [scheduling-1] com.indusind.scheduler.SchedulingClass   : Submitted batch from index 127500 to 128000
2025-04-21 15:17:28.206  INFO 2132 --- [scheduling-1] com.indusind.scheduler.SchedulingClass   : Submitted batch from index 128000 to 128500
2025-04-21 15:17:28.206  INFO 2132 --- [scheduling-1] com.indusind.scheduler.SchedulingClass   : Submitted batch from index 128500 to 129000
2025-04-21 15:17:28.206  INFO 2132 --- [scheduling-1] com.indusind.scheduler.SchedulingClass   : Submitted batch from index 129000 to 129500
2025-04-21 15:17:28.206  INFO 2132 --- [scheduling-1] com.indusind.scheduler.SchedulingClass   : Submitted batch from index 129500 to 130000
2025-04-21 15:17:28.206  INFO 2132 --- [scheduling-1] com.indusind.scheduler.SchedulingClass   : Submitted batch from index 130000 to 130500
2025-04-21 15:17:28.206  INFO 2132 --- [scheduling-1] com.indusind.scheduler.SchedulingClass   : Submitted batch from index 130500 to 131000
2025-04-21 15:17:28.206  INFO 2132 --- [scheduling-1] com.indusind.scheduler.SchedulingClass   : Submitted batch from index 131000 to 131500
2025-04-21 15:17:28.206  INFO 2132 --- [scheduling-1] com.indusind.scheduler.SchedulingClass   : Submitted batch from index 131500 to 132000
2025-04-21 15:17:28.206  INFO 2132 --- [scheduling-1] com.indusind.scheduler.SchedulingClass   : Submitted batch from index 132000 to 132500
2025-04-21 15:17:28.206  INFO 2132 --- [scheduling-1] com.indusind.scheduler.SchedulingClass   : Submitted batch from index 132500 to 133000
2025-04-21 15:17:28.206  INFO 2132 --- [scheduling-1] com.indusind.scheduler.SchedulingClass   : Submitted batch from index 133000 to 133500
2025-04-21 15:17:28.206  INFO 2132 --- [scheduling-1] com.indusind.scheduler.SchedulingClass   : Submitted batch from index 133500 to 134000
2025-04-21 15:17:28.207  INFO 2132 --- [scheduling-1] com.indusind.scheduler.SchedulingClass   : Submitted batch from index 134000 to 134500
2025-04-21 15:17:28.207  INFO 2132 --- [scheduling-1] com.indusind.scheduler.SchedulingClass   : Submitted batch from index 134500 to 135000
2025-04-21 15:17:28.207  INFO 2132 --- [scheduling-1] com.indusind.scheduler.SchedulingClass   : Submitted batch from index 135000 to 135500
2025-04-21 15:17:28.207  INFO 2132 --- [scheduling-1] com.indusind.scheduler.SchedulingClass   : Submitted batch from index 135500 to 136000
2025-04-21 15:17:28.207  INFO 2132 --- [scheduling-1] com.indusind.scheduler.SchedulingClass   : Submitted batch from index 136000 to 136500
2025-04-21 15:17:28.207  INFO 2132 --- [scheduling-1] com.indusind.scheduler.SchedulingClass   : Submitted batch from index 136500 to 137000
2025-04-21 15:17:28.207  INFO 2132 --- [scheduling-1] com.indusind.scheduler.SchedulingClass   : Submitted batch from index 137000 to 137500
2025-04-21 15:17:28.207  INFO 2132 --- [scheduling-1] com.indusind.scheduler.SchedulingClass   : Submitted batch from index 137500 to 138000
2025-04-21 15:17:28.207  INFO 2132 --- [scheduling-1] com.indusind.scheduler.SchedulingClass   : Submitted batch from index 138000 to 138500
2025-04-21 15:17:28.207  INFO 2132 --- [scheduling-1] com.indusind.scheduler.SchedulingClass   : Submitted batch from index 138500 to 139000
2025-04-21 15:17:28.207  INFO 2132 --- [scheduling-1] com.indusind.scheduler.SchedulingClass   : Submitted batch from index 139000 to 139500
2025-04-21 15:17:28.207  INFO 2132 --- [scheduling-1] com.indusind.scheduler.SchedulingClass   : Submitted batch from index 139500 to 140000
2025-04-21 15:17:28.207  INFO 2132 --- [scheduling-1] com.indusind.scheduler.SchedulingClass   : Submitted batch from index 140000 to 140500
2025-04-21 15:17:28.207  INFO 2132 --- [scheduling-1] com.indusind.scheduler.SchedulingClass   : Submitted batch from index 140500 to 141000
2025-04-21 15:17:28.207  INFO 2132 --- [scheduling-1] com.indusind.scheduler.SchedulingClass   : Submitted batch from index 141000 to 141500
2025-04-21 15:17:28.207  INFO 2132 --- [scheduling-1] com.indusind.scheduler.SchedulingClass   : Submitted batch from index 141500 to 142000
2025-04-21 15:17:28.207  INFO 2132 --- [scheduling-1] com.indusind.scheduler.SchedulingClass   : Submitted batch from index 142000 to 142500
2025-04-21 15:17:28.208  INFO 2132 --- [scheduling-1] com.indusind.scheduler.SchedulingClass   : Submitted batch from index 142500 to 143000
2025-04-21 15:17:28.208  INFO 2132 --- [scheduling-1] com.indusind.scheduler.SchedulingClass   : Submitted batch from index 143000 to 143500
2025-04-21 15:17:28.208  INFO 2132 --- [scheduling-1] com.indusind.scheduler.SchedulingClass   : Submitted batch from index 143500 to 144000
2025-04-21 15:17:28.208  INFO 2132 --- [scheduling-1] com.indusind.scheduler.SchedulingClass   : Submitted batch from index 144000 to 144500
2025-04-21 15:17:28.208  INFO 2132 --- [scheduling-1] com.indusind.scheduler.SchedulingClass   : Submitted batch from index 144500 to 145000
2025-04-21 15:17:28.208  INFO 2132 --- [scheduling-1] com.indusind.scheduler.SchedulingClass   : Submitted batch from index 145000 to 145500
2025-04-21 15:17:28.208  INFO 2132 --- [scheduling-1] com.indusind.scheduler.SchedulingClass   : Submitted batch from index 145500 to 146000
2025-04-21 15:17:28.208  INFO 2132 --- [scheduling-1] com.indusind.scheduler.SchedulingClass   : Submitted batch from index 146000 to 146500
2025-04-21 15:17:28.208  INFO 2132 --- [scheduling-1] com.indusind.scheduler.SchedulingClass   : Submitted batch from index 146500 to 147000
2025-04-21 15:17:28.208  INFO 2132 --- [scheduling-1] com.indusind.scheduler.SchedulingClass   : Submitted batch from index 147000 to 147500
2025-04-21 15:17:28.208  INFO 2132 --- [scheduling-1] com.indusind.scheduler.SchedulingClass   : Submitted batch from index 147500 to 148000
2025-04-21 15:17:28.208  INFO 2132 --- [scheduling-1] com.indusind.scheduler.SchedulingClass   : Submitted batch from index 148000 to 148500
2025-04-21 15:17:28.208  INFO 2132 --- [scheduling-1] com.indusind.scheduler.SchedulingClass   : Submitted batch from index 148500 to 149000
2025-04-21 15:17:28.208  INFO 2132 --- [scheduling-1] com.indusind.scheduler.SchedulingClass   : Submitted batch from index 149000 to 149500
2025-04-21 15:17:28.208  INFO 2132 --- [scheduling-1] com.indusind.scheduler.SchedulingClass   : Submitted batch from index 149500 to 150000
2025-04-21 15:17:28.208  INFO 2132 --- [scheduling-1] com.indusind.scheduler.SchedulingClass   : Submitted batch from index 150000 to 150500
2025-04-21 15:17:28.208  INFO 2132 --- [scheduling-1] com.indusind.scheduler.SchedulingClass   : Submitted batch from index 150500 to 151000
2025-04-21 15:17:28.208  INFO 2132 --- [scheduling-1] com.indusind.scheduler.SchedulingClass   : Submitted batch from index 151000 to 151500
2025-04-21 15:17:28.208  INFO 2132 --- [scheduling-1] com.indusind.scheduler.SchedulingClass   : Submitted batch from index 151500 to 152000
2025-04-21 15:17:28.208  INFO 2132 --- [scheduling-1] com.indusind.scheduler.SchedulingClass   : Submitted batch from index 152000 to 152500
2025-04-21 15:17:28.208  INFO 2132 --- [scheduling-1] com.indusind.scheduler.SchedulingClass   : Submitted batch from index 152500 to 153000
2025-04-21 15:17:28.208  INFO 2132 --- [scheduling-1] com.indusind.scheduler.SchedulingClass   : Submitted batch from index 153000 to 153500
2025-04-21 15:17:28.208  INFO 2132 --- [scheduling-1] com.indusind.scheduler.SchedulingClass   : Submitted batch from index 153500 to 154000
2025-04-21 15:17:28.208  INFO 2132 --- [scheduling-1] com.indusind.scheduler.SchedulingClass   : Submitted batch from index 154000 to 154500
2025-04-21 15:17:28.208  INFO 2132 --- [scheduling-1] com.indusind.scheduler.SchedulingClass   : Submitted batch from index 154500 to 155000
2025-04-21 15:17:28.208  INFO 2132 --- [scheduling-1] com.indusind.scheduler.SchedulingClass   : Submitted batch from index 155000 to 155500
2025-04-21 15:17:28.208  INFO 2132 --- [scheduling-1] com.indusind.scheduler.SchedulingClass   : Submitted batch from index 155500 to 156000
2025-04-21 15:17:28.208  INFO 2132 --- [scheduling-1] com.indusind.scheduler.SchedulingClass   : Submitted batch from index 156000 to 156500
2025-04-21 15:17:28.208  INFO 2132 --- [scheduling-1] com.indusind.scheduler.SchedulingClass   : Submitted batch from index 156500 to 157000
2025-04-21 15:17:28.208  INFO 2132 --- [scheduling-1] com.indusind.scheduler.SchedulingClass   : Submitted batch from index 157000 to 157500
2025-04-21 15:17:28.209  INFO 2132 --- [scheduling-1] com.indusind.scheduler.SchedulingClass   : Submitted batch from index 157500 to 158000
2025-04-21 15:17:28.209  INFO 2132 --- [scheduling-1] com.indusind.scheduler.SchedulingClass   : Submitted batch from index 158000 to 158500
2025-04-21 15:17:28.209  INFO 2132 --- [scheduling-1] com.indusind.scheduler.SchedulingClass   : Submitted batch from index 158500 to 159000
2025-04-21 15:17:28.209  INFO 2132 --- [scheduling-1] com.indusind.scheduler.SchedulingClass   : Submitted batch from index 159000 to 159500
2025-04-21 15:17:28.209  INFO 2132 --- [scheduling-1] com.indusind.scheduler.SchedulingClass   : Submitted batch from index 159500 to 160000
2025-04-21 15:17:28.209  INFO 2132 --- [scheduling-1] com.indusind.scheduler.SchedulingClass   : Submitted batch from index 160000 to 160500
2025-04-21 15:17:28.209  INFO 2132 --- [scheduling-1] com.indusind.scheduler.SchedulingClass   : Submitted batch from index 160500 to 161000
2025-04-21 15:17:28.209  INFO 2132 --- [scheduling-1] com.indusind.scheduler.SchedulingClass   : Submitted batch from index 161000 to 161500
2025-04-21 15:17:28.209  INFO 2132 --- [scheduling-1] com.indusind.scheduler.SchedulingClass   : Submitted batch from index 161500 to 162000
2025-04-21 15:17:28.209  INFO 2132 --- [scheduling-1] com.indusind.scheduler.SchedulingClass   : Submitted batch from index 162000 to 162500
2025-04-21 15:17:28.209  INFO 2132 --- [scheduling-1] com.indusind.scheduler.SchedulingClass   : Submitted batch from index 162500 to 163000
2025-04-21 15:17:28.209  INFO 2132 --- [scheduling-1] com.indusind.scheduler.SchedulingClass   : Submitted batch from index 163000 to 163500
2025-04-21 15:17:28.209  INFO 2132 --- [scheduling-1] com.indusind.scheduler.SchedulingClass   : Submitted batch from index 163500 to 164000
2025-04-21 15:17:28.209  INFO 2132 --- [scheduling-1] com.indusind.scheduler.SchedulingClass   : Submitted batch from index 164000 to 164500
2025-04-21 15:17:28.209  INFO 2132 --- [scheduling-1] com.indusind.scheduler.SchedulingClass   : Submitted batch from index 164500 to 165000
2025-04-21 15:17:28.209  INFO 2132 --- [scheduling-1] com.indusind.scheduler.SchedulingClass   : Submitted batch from index 165000 to 165500
2025-04-21 15:17:28.209  INFO 2132 --- [scheduling-1] com.indusind.scheduler.SchedulingClass   : Submitted batch from index 165500 to 166000
2025-04-21 15:17:28.209  INFO 2132 --- [scheduling-1] com.indusind.scheduler.SchedulingClass   : Submitted batch from index 166000 to 166500
2025-04-21 15:17:28.209  INFO 2132 --- [scheduling-1] com.indusind.scheduler.SchedulingClass   : Submitted batch from index 166500 to 167000
2025-04-21 15:17:28.209  INFO 2132 --- [scheduling-1] com.indusind.scheduler.SchedulingClass   : Submitted batch from index 167000 to 167500
2025-04-21 15:17:28.209  INFO 2132 --- [scheduling-1] com.indusind.scheduler.SchedulingClass   : Submitted batch from index 167500 to 168000
2025-04-21 15:17:28.209  INFO 2132 --- [scheduling-1] com.indusind.scheduler.SchedulingClass   : Submitted batch from index 168000 to 168500
2025-04-21 15:17:28.209  INFO 2132 --- [scheduling-1] com.indusind.scheduler.SchedulingClass   : Submitted batch from index 168500 to 169000
2025-04-21 15:17:28.209  INFO 2132 --- [scheduling-1] com.indusind.scheduler.SchedulingClass   : Submitted batch from index 169000 to 169500
2025-04-21 15:17:28.209  INFO 2132 --- [scheduling-1] com.indusind.scheduler.SchedulingClass   : Submitted batch from index 169500 to 170000
2025-04-21 15:17:28.209  INFO 2132 --- [scheduling-1] com.indusind.scheduler.SchedulingClass   : Submitted batch from index 170000 to 170500
2025-04-21 15:17:28.209  INFO 2132 --- [scheduling-1] com.indusind.scheduler.SchedulingClass   : Submitted batch from index 170500 to 171000
2025-04-21 15:17:28.210  INFO 2132 --- [scheduling-1] com.indusind.scheduler.SchedulingClass   : Submitted batch from index 171000 to 171500
2025-04-21 15:17:28.210  INFO 2132 --- [scheduling-1] com.indusind.scheduler.SchedulingClass   : Submitted batch from index 171500 to 172000
2025-04-21 15:17:28.210  INFO 2132 --- [scheduling-1] com.indusind.scheduler.SchedulingClass   : Submitted batch from index 172000 to 172500
2025-04-21 15:17:28.210  INFO 2132 --- [scheduling-1] com.indusind.scheduler.SchedulingClass   : Submitted batch from index 172500 to 173000
2025-04-21 15:17:28.210  INFO 2132 --- [scheduling-1] com.indusind.scheduler.SchedulingClass   : Submitted batch from index 173000 to 173500
2025-04-21 15:17:28.210  INFO 2132 --- [scheduling-1] com.indusind.scheduler.SchedulingClass   : Submitted batch from index 173500 to 174000
2025-04-21 15:17:28.210  INFO 2132 --- [scheduling-1] com.indusind.scheduler.SchedulingClass   : Submitted batch from index 174000 to 174500
2025-04-21 15:17:28.210  INFO 2132 --- [scheduling-1] com.indusind.scheduler.SchedulingClass   : Submitted batch from index 174500 to 175000
2025-04-21 15:17:28.210  INFO 2132 --- [scheduling-1] com.indusind.scheduler.SchedulingClass   : Submitted batch from index 175000 to 175500
2025-04-21 15:17:28.210  INFO 2132 --- [scheduling-1] com.indusind.scheduler.SchedulingClass   : Submitted batch from index 175500 to 176000
2025-04-21 15:17:28.210  INFO 2132 --- [scheduling-1] com.indusind.scheduler.SchedulingClass   : Submitted batch from index 176000 to 176500
2025-04-21 15:17:28.210  INFO 2132 --- [scheduling-1] com.indusind.scheduler.SchedulingClass   : Submitted batch from index 176500 to 177000
2025-04-21 15:17:28.210  INFO 2132 --- [scheduling-1] com.indusind.scheduler.SchedulingClass   : Submitted batch from index 177000 to 177500
2025-04-21 15:17:28.210  INFO 2132 --- [scheduling-1] com.indusind.scheduler.SchedulingClass   : Submitted batch from index 177500 to 178000
2025-04-21 15:17:28.210  INFO 2132 --- [scheduling-1] com.indusind.scheduler.SchedulingClass   : Submitted batch from index 178000 to 178500
2025-04-21 15:17:28.210  INFO 2132 --- [scheduling-1] com.indusind.scheduler.SchedulingClass   : Submitted batch from index 178500 to 179000
2025-04-21 15:17:28.211  INFO 2132 --- [scheduling-1] com.indusind.scheduler.SchedulingClass   : Submitted batch from index 179000 to 179500
2025-04-21 15:17:28.211  INFO 2132 --- [scheduling-1] com.indusind.scheduler.SchedulingClass   : Submitted batch from index 179500 to 180000
2025-04-21 15:17:28.211  INFO 2132 --- [scheduling-1] com.indusind.scheduler.SchedulingClass   : Submitted batch from index 180000 to 180500
2025-04-21 15:17:28.211  INFO 2132 --- [scheduling-1] com.indusind.scheduler.SchedulingClass   : Submitted batch from index 180500 to 181000
2025-04-21 15:17:28.211  INFO 2132 --- [scheduling-1] com.indusind.scheduler.SchedulingClass   : Submitted batch from index 181000 to 181500
2025-04-21 15:17:28.211  INFO 2132 --- [scheduling-1] com.indusind.scheduler.SchedulingClass   : Submitted batch from index 181500 to 182000
2025-04-21 15:17:28.211  INFO 2132 --- [scheduling-1] com.indusind.scheduler.SchedulingClass   : Submitted batch from index 182000 to 182500
2025-04-21 15:17:28.211  INFO 2132 --- [scheduling-1] com.indusind.scheduler.SchedulingClass   : Submitted batch from index 182500 to 183000
2025-04-21 15:17:28.211  INFO 2132 --- [scheduling-1] com.indusind.scheduler.SchedulingClass   : Submitted batch from index 183000 to 183500
2025-04-21 15:17:28.211  INFO 2132 --- [scheduling-1] com.indusind.scheduler.SchedulingClass   : Submitted batch from index 183500 to 184000
2025-04-21 15:17:28.211  INFO 2132 --- [scheduling-1] com.indusind.scheduler.SchedulingClass   : Submitted batch from index 184000 to 184500
2025-04-21 15:17:28.211  INFO 2132 --- [scheduling-1] com.indusind.scheduler.SchedulingClass   : Submitted batch from index 184500 to 185000
2025-04-21 15:17:28.211  INFO 2132 --- [scheduling-1] com.indusind.scheduler.SchedulingClass   : Submitted batch from index 185000 to 185500
2025-04-21 15:17:28.211  INFO 2132 --- [scheduling-1] com.indusind.scheduler.SchedulingClass   : Submitted batch from index 185500 to 186000
2025-04-21 15:17:28.211  INFO 2132 --- [scheduling-1] com.indusind.scheduler.SchedulingClass   : Submitted batch from index 186000 to 186500
2025-04-21 15:17:28.211  INFO 2132 --- [scheduling-1] com.indusind.scheduler.SchedulingClass   : Submitted batch from index 186500 to 187000
2025-04-21 15:17:28.211  INFO 2132 --- [scheduling-1] com.indusind.scheduler.SchedulingClass   : Submitted batch from index 187000 to 187500
2025-04-21 15:17:28.211  INFO 2132 --- [scheduling-1] com.indusind.scheduler.SchedulingClass   : Submitted batch from index 187500 to 188000
2025-04-21 15:17:28.211  INFO 2132 --- [scheduling-1] com.indusind.scheduler.SchedulingClass   : Submitted batch from index 188000 to 188500
2025-04-21 15:17:28.211  INFO 2132 --- [scheduling-1] com.indusind.scheduler.SchedulingClass   : Submitted batch from index 188500 to 189000
2025-04-21 15:17:28.211  INFO 2132 --- [scheduling-1] com.indusind.scheduler.SchedulingClass   : Submitted batch from index 189000 to 189500
2025-04-21 15:17:28.211  INFO 2132 --- [scheduling-1] com.indusind.scheduler.SchedulingClass   : Submitted batch from index 189500 to 190000
2025-04-21 15:17:28.212  INFO 2132 --- [scheduling-1] com.indusind.scheduler.SchedulingClass   : Submitted batch from index 190000 to 190500
2025-04-21 15:17:28.212  INFO 2132 --- [scheduling-1] com.indusind.scheduler.SchedulingClass   : Submitted batch from index 190500 to 191000
2025-04-21 15:17:28.212  INFO 2132 --- [scheduling-1] com.indusind.scheduler.SchedulingClass   : Submitted batch from index 191000 to 191500
2025-04-21 15:17:28.212  INFO 2132 --- [scheduling-1] com.indusind.scheduler.SchedulingClass   : Submitted batch from index 191500 to 192000
2025-04-21 15:17:28.212  INFO 2132 --- [scheduling-1] com.indusind.scheduler.SchedulingClass   : Submitted batch from index 192000 to 192500
2025-04-21 15:17:28.212  INFO 2132 --- [scheduling-1] com.indusind.scheduler.SchedulingClass   : Submitted batch from index 192500 to 193000
2025-04-21 15:17:28.212  INFO 2132 --- [scheduling-1] com.indusind.scheduler.SchedulingClass   : Submitted batch from index 193000 to 193500
2025-04-21 15:17:28.212  INFO 2132 --- [scheduling-1] com.indusind.scheduler.SchedulingClass   : Submitted batch from index 193500 to 194000
2025-04-21 15:17:28.212  INFO 2132 --- [scheduling-1] com.indusind.scheduler.SchedulingClass   : Submitted batch from index 194000 to 194500
2025-04-21 15:17:28.212  INFO 2132 --- [scheduling-1] com.indusind.scheduler.SchedulingClass   : Submitted batch from index 194500 to 195000
2025-04-21 15:17:28.212  INFO 2132 --- [scheduling-1] com.indusind.scheduler.SchedulingClass   : Submitted batch from index 195000 to 195500
2025-04-21 15:17:28.212  INFO 2132 --- [scheduling-1] com.indusind.scheduler.SchedulingClass   : Submitted batch from index 195500 to 196000
2025-04-21 15:17:28.212  INFO 2132 --- [scheduling-1] com.indusind.scheduler.SchedulingClass   : Submitted batch from index 196000 to 196500
2025-04-21 15:17:28.212  INFO 2132 --- [scheduling-1] com.indusind.scheduler.SchedulingClass   : Submitted batch from index 196500 to 197000
2025-04-21 15:17:28.212  INFO 2132 --- [scheduling-1] com.indusind.scheduler.SchedulingClass   : Submitted batch from index 197000 to 197500
2025-04-21 15:17:28.212  INFO 2132 --- [scheduling-1] com.indusind.scheduler.SchedulingClass   : Submitted batch from index 197500 to 198000
2025-04-21 15:17:28.212  INFO 2132 --- [scheduling-1] com.indusind.scheduler.SchedulingClass   : Submitted batch from index 198000 to 198500
2025-04-21 15:17:28.213  INFO 2132 --- [scheduling-1] com.indusind.scheduler.SchedulingClass   : Submitted batch from index 198500 to 199000
2025-04-21 15:17:28.213  INFO 2132 --- [scheduling-1] com.indusind.scheduler.SchedulingClass   : Submitted batch from index 199000 to 199500
2025-04-21 15:17:28.213  INFO 2132 --- [scheduling-1] com.indusind.scheduler.SchedulingClass   : Submitted batch from index 199500 to 200000
2025-04-21 15:17:28.213  INFO 2132 --- [scheduling-1] com.indusind.scheduler.SchedulingClass   : Submitted batch from index 200000 to 200500
2025-04-21 15:17:28.213  INFO 2132 --- [scheduling-1] com.indusind.scheduler.SchedulingClass   : Submitted batch from index 200500 to 201000
2025-04-21 15:17:28.213  INFO 2132 --- [scheduling-1] com.indusind.scheduler.SchedulingClass   : Submitted batch from index 201000 to 201500
2025-04-21 15:17:28.213  INFO 2132 --- [scheduling-1] com.indusind.scheduler.SchedulingClass   : Submitted batch from index 201500 to 202000
2025-04-21 15:17:28.213  INFO 2132 --- [scheduling-1] com.indusind.scheduler.SchedulingClass   : Submitted batch from index 202000 to 202500
2025-04-21 15:17:28.213  INFO 2132 --- [scheduling-1] com.indusind.scheduler.SchedulingClass   : Submitted batch from index 202500 to 203000
2025-04-21 15:17:28.213  INFO 2132 --- [scheduling-1] com.indusind.scheduler.SchedulingClass   : Submitted batch from index 203000 to 203500
2025-04-21 15:17:28.213  INFO 2132 --- [scheduling-1] com.indusind.scheduler.SchedulingClass   : Submitted batch from index 203500 to 204000
2025-04-21 15:17:28.213  INFO 2132 --- [scheduling-1] com.indusind.scheduler.SchedulingClass   : Submitted batch from index 204000 to 204500
2025-04-21 15:17:28.213  INFO 2132 --- [scheduling-1] com.indusind.scheduler.SchedulingClass   : Submitted batch from index 204500 to 205000
2025-04-21 15:17:28.213  INFO 2132 --- [scheduling-1] com.indusind.scheduler.SchedulingClass   : Submitted batch from index 205000 to 205500
2025-04-21 15:17:28.214  INFO 2132 --- [scheduling-1] com.indusind.scheduler.SchedulingClass   : Submitted batch from index 205500 to 206000
2025-04-21 15:17:28.214  INFO 2132 --- [scheduling-1] com.indusind.scheduler.SchedulingClass   : Submitted batch from index 206000 to 206500
2025-04-21 15:17:28.214  INFO 2132 --- [scheduling-1] com.indusind.scheduler.SchedulingClass   : Submitted batch from index 206500 to 207000
2025-04-21 15:17:28.214  INFO 2132 --- [scheduling-1] com.indusind.scheduler.SchedulingClass   : Submitted batch from index 207000 to 207500
2025-04-21 15:17:28.214  INFO 2132 --- [scheduling-1] com.indusind.scheduler.SchedulingClass   : Submitted batch from index 207500 to 208000
2025-04-21 15:17:28.214  INFO 2132 --- [scheduling-1] com.indusind.scheduler.SchedulingClass   : Submitted batch from index 208000 to 208500
2025-04-21 15:17:28.214  INFO 2132 --- [scheduling-1] com.indusind.scheduler.SchedulingClass   : Submitted batch from index 208500 to 209000
2025-04-21 15:17:28.214  INFO 2132 --- [scheduling-1] com.indusind.scheduler.SchedulingClass   : Submitted batch from index 209000 to 209500
2025-04-21 15:17:28.214  INFO 2132 --- [scheduling-1] com.indusind.scheduler.SchedulingClass   : Submitted batch from index 209500 to 210000
2025-04-21 15:17:28.214  INFO 2132 --- [scheduling-1] com.indusind.scheduler.SchedulingClass   : Submitted batch from index 210000 to 210500
2025-04-21 15:17:28.214  INFO 2132 --- [scheduling-1] com.indusind.scheduler.SchedulingClass   : Submitted batch from index 210500 to 211000
2025-04-21 15:17:28.214  INFO 2132 --- [scheduling-1] com.indusind.scheduler.SchedulingClass   : Submitted batch from index 211000 to 211500
2025-04-21 15:17:28.214  INFO 2132 --- [scheduling-1] com.indusind.scheduler.SchedulingClass   : Submitted batch from index 211500 to 212000
2025-04-21 15:17:28.214  INFO 2132 --- [scheduling-1] com.indusind.scheduler.SchedulingClass   : Submitted batch from index 212000 to 212500
2025-04-21 15:17:28.214  INFO 2132 --- [scheduling-1] com.indusind.scheduler.SchedulingClass   : Submitted batch from index 212500 to 213000
2025-04-21 15:17:28.214  INFO 2132 --- [scheduling-1] com.indusind.scheduler.SchedulingClass   : Submitted batch from index 213000 to 213500
2025-04-21 15:17:28.214  INFO 2132 --- [scheduling-1] com.indusind.scheduler.SchedulingClass   : Submitted batch from index 213500 to 214000
2025-04-21 15:17:28.214  INFO 2132 --- [scheduling-1] com.indusind.scheduler.SchedulingClass   : Submitted batch from index 214000 to 214500
2025-04-21 15:17:28.214  INFO 2132 --- [scheduling-1] com.indusind.scheduler.SchedulingClass   : Submitted batch from index 214500 to 215000
2025-04-21 15:17:28.214  INFO 2132 --- [scheduling-1] com.indusind.scheduler.SchedulingClass   : Submitted batch from index 215000 to 215500
2025-04-21 15:17:28.214  INFO 2132 --- [scheduling-1] com.indusind.scheduler.SchedulingClass   : Submitted batch from index 215500 to 216000
2025-04-21 15:17:28.214  INFO 2132 --- [scheduling-1] com.indusind.scheduler.SchedulingClass   : Submitted batch from index 216000 to 216500
2025-04-21 15:17:28.214  INFO 2132 --- [scheduling-1] com.indusind.scheduler.SchedulingClass   : Submitted batch from index 216500 to 217000
2025-04-21 15:17:28.214  INFO 2132 --- [scheduling-1] com.indusind.scheduler.SchedulingClass   : Submitted batch from index 217000 to 217500
2025-04-21 15:17:28.214  INFO 2132 --- [scheduling-1] com.indusind.scheduler.SchedulingClass   : Submitted batch from index 217500 to 218000
2025-04-21 15:17:28.214  INFO 2132 --- [scheduling-1] com.indusind.scheduler.SchedulingClass   : Submitted batch from index 218000 to 218500
2025-04-21 15:17:28.214  INFO 2132 --- [scheduling-1] com.indusind.scheduler.SchedulingClass   : Submitted batch from index 218500 to 219000
2025-04-21 15:17:28.214  INFO 2132 --- [scheduling-1] com.indusind.scheduler.SchedulingClass   : Submitted batch from index 219000 to 219500
2025-04-21 15:17:28.214  INFO 2132 --- [scheduling-1] com.indusind.scheduler.SchedulingClass   : Submitted batch from index 219500 to 220000
2025-04-21 15:17:28.214  INFO 2132 --- [scheduling-1] com.indusind.scheduler.SchedulingClass   : Submitted batch from index 220000 to 220500
2025-04-21 15:17:28.214  INFO 2132 --- [scheduling-1] com.indusind.scheduler.SchedulingClass   : Submitted batch from index 220500 to 221000
2025-04-21 15:17:28.214  INFO 2132 --- [scheduling-1] com.indusind.scheduler.SchedulingClass   : Submitted batch from index 221000 to 221500
2025-04-21 15:17:28.214  INFO 2132 --- [scheduling-1] com.indusind.scheduler.SchedulingClass   : Submitted batch from index 221500 to 222000
2025-04-21 15:17:28.214  INFO 2132 --- [scheduling-1] com.indusind.scheduler.SchedulingClass   : Submitted batch from index 222000 to 222500
2025-04-21 15:17:28.214  INFO 2132 --- [scheduling-1] com.indusind.scheduler.SchedulingClass   : Submitted batch from index 222500 to 223000
2025-04-21 15:17:28.214  INFO 2132 --- [scheduling-1] com.indusind.scheduler.SchedulingClass   : Submitted batch from index 223000 to 223500
2025-04-21 15:17:28.215  INFO 2132 --- [scheduling-1] com.indusind.scheduler.SchedulingClass   : Submitted batch from index 223500 to 224000
2025-04-21 15:17:28.215  INFO 2132 --- [scheduling-1] com.indusind.scheduler.SchedulingClass   : Submitted batch from index 224000 to 224500
2025-04-21 15:17:28.215  INFO 2132 --- [scheduling-1] com.indusind.scheduler.SchedulingClass   : Submitted batch from index 224500 to 225000
2025-04-21 15:17:28.215  INFO 2132 --- [scheduling-1] com.indusind.scheduler.SchedulingClass   : Submitted batch from index 225000 to 225500
2025-04-21 15:17:28.215  INFO 2132 --- [scheduling-1] com.indusind.scheduler.SchedulingClass   : Submitted batch from index 225500 to 226000
2025-04-21 15:17:28.215  INFO 2132 --- [scheduling-1] com.indusind.scheduler.SchedulingClass   : Submitted batch from index 226000 to 226500
2025-04-21 15:17:28.215  INFO 2132 --- [scheduling-1] com.indusind.scheduler.SchedulingClass   : Submitted batch from index 226500 to 227000
2025-04-21 15:17:28.215  INFO 2132 --- [scheduling-1] com.indusind.scheduler.SchedulingClass   : Submitted batch from index 227000 to 227500
2025-04-21 15:17:28.215  INFO 2132 --- [scheduling-1] com.indusind.scheduler.SchedulingClass   : Submitted batch from index 227500 to 228000
2025-04-21 15:17:28.215  INFO 2132 --- [scheduling-1] com.indusind.scheduler.SchedulingClass   : Submitted batch from index 228000 to 228500
2025-04-21 15:17:28.215  INFO 2132 --- [scheduling-1] com.indusind.scheduler.SchedulingClass   : Submitted batch from index 228500 to 229000
2025-04-21 15:17:28.215  INFO 2132 --- [scheduling-1] com.indusind.scheduler.SchedulingClass   : Submitted batch from index 229000 to 229500
2025-04-21 15:17:28.215  INFO 2132 --- [scheduling-1] com.indusind.scheduler.SchedulingClass   : Submitted batch from index 229500 to 230000
2025-04-21 15:17:28.215  INFO 2132 --- [scheduling-1] com.indusind.scheduler.SchedulingClass   : Submitted batch from index 230000 to 230500
2025-04-21 15:17:28.215  INFO 2132 --- [scheduling-1] com.indusind.scheduler.SchedulingClass   : Submitted batch from index 230500 to 231000
2025-04-21 15:17:28.215  INFO 2132 --- [scheduling-1] com.indusind.scheduler.SchedulingClass   : Submitted batch from index 231000 to 231500
2025-04-21 15:17:28.215  INFO 2132 --- [scheduling-1] com.indusind.scheduler.SchedulingClass   : Submitted batch from index 231500 to 232000
2025-04-21 15:17:28.215  INFO 2132 --- [scheduling-1] com.indusind.scheduler.SchedulingClass   : Submitted batch from index 232000 to 232500
2025-04-21 15:17:28.215  INFO 2132 --- [scheduling-1] com.indusind.scheduler.SchedulingClass   : Submitted batch from index 232500 to 233000
2025-04-21 15:17:28.215  INFO 2132 --- [scheduling-1] com.indusind.scheduler.SchedulingClass   : Submitted batch from index 233000 to 233500
2025-04-21 15:17:28.215  INFO 2132 --- [scheduling-1] com.indusind.scheduler.SchedulingClass   : Submitted batch from index 233500 to 234000
2025-04-21 15:17:28.215  INFO 2132 --- [scheduling-1] com.indusind.scheduler.SchedulingClass   : Submitted batch from index 234000 to 234500
2025-04-21 15:17:28.215  INFO 2132 --- [scheduling-1] com.indusind.scheduler.SchedulingClass   : Submitted batch from index 234500 to 235000
2025-04-21 15:17:28.215  INFO 2132 --- [scheduling-1] com.indusind.scheduler.SchedulingClass   : Submitted batch from index 235000 to 235500
2025-04-21 15:17:28.218  INFO 2132 --- [scheduling-1] com.indusind.scheduler.SchedulingClass   : Submitted batch from index 235500 to 236000
2025-04-21 15:17:28.218  INFO 2132 --- [scheduling-1] com.indusind.scheduler.SchedulingClass   : Submitted batch from index 236000 to 236500
2025-04-21 15:17:28.218  INFO 2132 --- [scheduling-1] com.indusind.scheduler.SchedulingClass   : Submitted batch from index 236500 to 237000
2025-04-21 15:17:28.218  INFO 2132 --- [scheduling-1] com.indusind.scheduler.SchedulingClass   : Submitted batch from index 237000 to 237500
2025-04-21 15:17:28.218  INFO 2132 --- [scheduling-1] com.indusind.scheduler.SchedulingClass   : Submitted batch from index 237500 to 238000
2025-04-21 15:17:28.218  INFO 2132 --- [scheduling-1] com.indusind.scheduler.SchedulingClass   : Submitted batch from index 238000 to 238500
2025-04-21 15:17:28.218  INFO 2132 --- [scheduling-1] com.indusind.scheduler.SchedulingClass   : Submitted batch from index 238500 to 239000
2025-04-21 15:17:28.218  INFO 2132 --- [scheduling-1] com.indusind.scheduler.SchedulingClass   : Submitted batch from index 239000 to 239500
2025-04-21 15:17:28.218  INFO 2132 --- [scheduling-1] com.indusind.scheduler.SchedulingClass   : Submitted batch from index 239500 to 240000
2025-04-21 15:17:28.218  INFO 2132 --- [scheduling-1] com.indusind.scheduler.SchedulingClass   : Submitted batch from index 240000 to 240500
2025-04-21 15:17:28.218  INFO 2132 --- [scheduling-1] com.indusind.scheduler.SchedulingClass   : Submitted batch from index 240500 to 241000
2025-04-21 15:17:28.218  INFO 2132 --- [scheduling-1] com.indusind.scheduler.SchedulingClass   : Submitted batch from index 241000 to 241500
2025-04-21 15:17:28.218  INFO 2132 --- [scheduling-1] com.indusind.scheduler.SchedulingClass   : Submitted batch from index 241500 to 242000
2025-04-21 15:17:28.218  INFO 2132 --- [scheduling-1] com.indusind.scheduler.SchedulingClass   : Submitted batch from index 242000 to 242500
2025-04-21 15:17:28.218  INFO 2132 --- [scheduling-1] com.indusind.scheduler.SchedulingClass   : Submitted batch from index 242500 to 243000
2025-04-21 15:17:28.218  INFO 2132 --- [scheduling-1] com.indusind.scheduler.SchedulingClass   : Submitted batch from index 243000 to 243500
2025-04-21 15:17:28.218  INFO 2132 --- [scheduling-1] com.indusind.scheduler.SchedulingClass   : Submitted batch from index 243500 to 244000
2025-04-21 15:17:28.218  INFO 2132 --- [scheduling-1] com.indusind.scheduler.SchedulingClass   : Submitted batch from index 244000 to 244500
2025-04-21 15:17:28.218  INFO 2132 --- [scheduling-1] com.indusind.scheduler.SchedulingClass   : Submitted batch from index 244500 to 245000
2025-04-21 15:17:28.218  INFO 2132 --- [scheduling-1] com.indusind.scheduler.SchedulingClass   : Submitted batch from index 245000 to 245500
2025-04-21 15:17:28.218  INFO 2132 --- [scheduling-1] com.indusind.scheduler.SchedulingClass   : Submitted batch from index 245500 to 246000
2025-04-21 15:17:28.218  INFO 2132 --- [scheduling-1] com.indusind.scheduler.SchedulingClass   : Submitted batch from index 246000 to 246500
2025-04-21 15:17:28.218  INFO 2132 --- [scheduling-1] com.indusind.scheduler.SchedulingClass   : Submitted batch from index 246500 to 247000
2025-04-21 15:17:28.218  INFO 2132 --- [scheduling-1] com.indusind.scheduler.SchedulingClass   : Submitted batch from index 247000 to 247500
2025-04-21 15:17:28.219  INFO 2132 --- [scheduling-1] com.indusind.scheduler.SchedulingClass   : Submitted batch from index 247500 to 248000
2025-04-21 15:17:28.219  INFO 2132 --- [scheduling-1] com.indusind.scheduler.SchedulingClass   : Submitted batch from index 248000 to 248500
2025-04-21 15:17:28.219  INFO 2132 --- [scheduling-1] com.indusind.scheduler.SchedulingClass   : Submitted batch from index 248500 to 249000
2025-04-21 15:17:28.219  INFO 2132 --- [scheduling-1] com.indusind.scheduler.SchedulingClass   : Submitted batch from index 249000 to 249500
2025-04-21 15:17:28.219  INFO 2132 --- [scheduling-1] com.indusind.scheduler.SchedulingClass   : Submitted batch from index 249500 to 250000
2025-04-21 15:17:28.219  INFO 2132 --- [scheduling-1] com.indusind.scheduler.SchedulingClass   : Submitted batch from index 250000 to 250500
2025-04-21 15:17:28.219  INFO 2132 --- [scheduling-1] com.indusind.scheduler.SchedulingClass   : Submitted batch from index 250500 to 251000
2025-04-21 15:17:28.219  INFO 2132 --- [scheduling-1] com.indusind.scheduler.SchedulingClass   : Submitted batch from index 251000 to 251500
2025-04-21 15:17:28.219  INFO 2132 --- [scheduling-1] com.indusind.scheduler.SchedulingClass   : Submitted batch from index 251500 to 252000
2025-04-21 15:17:28.219  INFO 2132 --- [scheduling-1] com.indusind.scheduler.SchedulingClass   : Submitted batch from index 252000 to 252500
2025-04-21 15:17:28.219  INFO 2132 --- [scheduling-1] com.indusind.scheduler.SchedulingClass   : Submitted batch from index 252500 to 253000
2025-04-21 15:17:28.219  INFO 2132 --- [scheduling-1] com.indusind.scheduler.SchedulingClass   : Submitted batch from index 253000 to 253500
2025-04-21 15:17:28.219  INFO 2132 --- [scheduling-1] com.indusind.scheduler.SchedulingClass   : Submitted batch from index 253500 to 254000
2025-04-21 15:17:28.219  INFO 2132 --- [scheduling-1] com.indusind.scheduler.SchedulingClass   : Submitted batch from index 254000 to 254500
2025-04-21 15:17:28.219  INFO 2132 --- [scheduling-1] com.indusind.scheduler.SchedulingClass   : Submitted batch from index 254500 to 255000
2025-04-21 15:17:28.219  INFO 2132 --- [scheduling-1] com.indusind.scheduler.SchedulingClass   : Submitted batch from index 255000 to 255500
2025-04-21 15:17:28.219  INFO 2132 --- [scheduling-1] com.indusind.scheduler.SchedulingClass   : Submitted batch from index 255500 to 256000
2025-04-21 15:17:28.219  INFO 2132 --- [scheduling-1] com.indusind.scheduler.SchedulingClass   : Submitted batch from index 256000 to 256500
2025-04-21 15:17:28.219  INFO 2132 --- [scheduling-1] com.indusind.scheduler.SchedulingClass   : Submitted batch from index 256500 to 257000
2025-04-21 15:17:28.219  INFO 2132 --- [scheduling-1] com.indusind.scheduler.SchedulingClass   : Submitted batch from index 257000 to 257500
2025-04-21 15:17:28.219  INFO 2132 --- [scheduling-1] com.indusind.scheduler.SchedulingClass   : Submitted batch from index 257500 to 258000
2025-04-21 15:17:28.219  INFO 2132 --- [scheduling-1] com.indusind.scheduler.SchedulingClass   : Submitted batch from index 258000 to 258500
2025-04-21 15:17:28.219  INFO 2132 --- [scheduling-1] com.indusind.scheduler.SchedulingClass   : Submitted batch from index 258500 to 259000
2025-04-21 15:17:28.220  INFO 2132 --- [scheduling-1] com.indusind.scheduler.SchedulingClass   : Submitted batch from index 259000 to 259500
2025-04-21 15:17:28.220  INFO 2132 --- [scheduling-1] com.indusind.scheduler.SchedulingClass   : Submitted batch from index 259500 to 260000
2025-04-21 15:17:28.220  INFO 2132 --- [scheduling-1] com.indusind.scheduler.SchedulingClass   : Submitted batch from index 260000 to 260500
2025-04-21 15:17:28.220  INFO 2132 --- [scheduling-1] com.indusind.scheduler.SchedulingClass   : Submitted batch from index 260500 to 261000
2025-04-21 15:17:28.220  INFO 2132 --- [scheduling-1] com.indusind.scheduler.SchedulingClass   : Submitted batch from index 261000 to 261500
2025-04-21 15:17:28.220  INFO 2132 --- [scheduling-1] com.indusind.scheduler.SchedulingClass   : Submitted batch from index 261500 to 262000
2025-04-21 15:17:28.221  INFO 2132 --- [scheduling-1] com.indusind.scheduler.SchedulingClass   : Submitted batch from index 262000 to 262500
2025-04-21 15:17:28.221  INFO 2132 --- [scheduling-1] com.indusind.scheduler.SchedulingClass   : Submitted batch from index 262500 to 263000
2025-04-21 15:17:28.221  INFO 2132 --- [scheduling-1] com.indusind.scheduler.SchedulingClass   : Submitted batch from index 263000 to 263500
2025-04-21 15:17:28.221  INFO 2132 --- [scheduling-1] com.indusind.scheduler.SchedulingClass   : Submitted batch from index 263500 to 264000
2025-04-21 15:17:28.221  INFO 2132 --- [scheduling-1] com.indusind.scheduler.SchedulingClass   : Submitted batch from index 264000 to 264500
2025-04-21 15:17:28.221  INFO 2132 --- [scheduling-1] com.indusind.scheduler.SchedulingClass   : Submitted batch from index 264500 to 265000
2025-04-21 15:17:28.221  INFO 2132 --- [scheduling-1] com.indusind.scheduler.SchedulingClass   : Submitted batch from index 265000 to 265500
2025-04-21 15:17:28.221  INFO 2132 --- [scheduling-1] com.indusind.scheduler.SchedulingClass   : Submitted batch from index 265500 to 266000
2025-04-21 15:17:28.221  INFO 2132 --- [scheduling-1] com.indusind.scheduler.SchedulingClass   : Submitted batch from index 266000 to 266500
2025-04-21 15:17:28.221  INFO 2132 --- [scheduling-1] com.indusind.scheduler.SchedulingClass   : Submitted batch from index 266500 to 267000
2025-04-21 15:17:28.221  INFO 2132 --- [scheduling-1] com.indusind.scheduler.SchedulingClass   : Submitted batch from index 267000 to 267500
2025-04-21 15:17:28.221  INFO 2132 --- [scheduling-1] com.indusind.scheduler.SchedulingClass   : Submitted batch from index 267500 to 268000
2025-04-21 15:17:28.221  INFO 2132 --- [scheduling-1] com.indusind.scheduler.SchedulingClass   : Submitted batch from index 268000 to 268500
2025-04-21 15:17:28.221  INFO 2132 --- [scheduling-1] com.indusind.scheduler.SchedulingClass   : Submitted batch from index 268500 to 269000
2025-04-21 15:17:28.221  INFO 2132 --- [scheduling-1] com.indusind.scheduler.SchedulingClass   : Submitted batch from index 269000 to 269500
2025-04-21 15:17:28.221  INFO 2132 --- [scheduling-1] com.indusind.scheduler.SchedulingClass   : Submitted batch from index 269500 to 270000
2025-04-21 15:17:28.221  INFO 2132 --- [scheduling-1] com.indusind.scheduler.SchedulingClass   : Submitted batch from index 270000 to 270500
2025-04-21 15:17:28.221  INFO 2132 --- [scheduling-1] com.indusind.scheduler.SchedulingClass   : Submitted batch from index 270500 to 271000
2025-04-21 15:17:28.221  INFO 2132 --- [scheduling-1] com.indusind.scheduler.SchedulingClass   : Submitted batch from index 271000 to 271500
2025-04-21 15:17:28.221  INFO 2132 --- [scheduling-1] com.indusind.scheduler.SchedulingClass   : Submitted batch from index 271500 to 272000
2025-04-21 15:17:28.221  INFO 2132 --- [scheduling-1] com.indusind.scheduler.SchedulingClass   : Submitted batch from index 272000 to 272500
2025-04-21 15:17:28.221  INFO 2132 --- [scheduling-1] com.indusind.scheduler.SchedulingClass   : Submitted batch from index 272500 to 273000
2025-04-21 15:17:28.221  INFO 2132 --- [scheduling-1] com.indusind.scheduler.SchedulingClass   : Submitted batch from index 273000 to 273500
2025-04-21 15:17:28.221  INFO 2132 --- [scheduling-1] com.indusind.scheduler.SchedulingClass   : Submitted batch from index 273500 to 274000
2025-04-21 15:17:28.221  INFO 2132 --- [scheduling-1] com.indusind.scheduler.SchedulingClass   : Submitted batch from index 274000 to 274500
2025-04-21 15:17:28.221  INFO 2132 --- [scheduling-1] com.indusind.scheduler.SchedulingClass   : Submitted batch from index 274500 to 275000
2025-04-21 15:17:28.221  INFO 2132 --- [scheduling-1] com.indusind.scheduler.SchedulingClass   : Submitted batch from index 275000 to 275500
2025-04-21 15:17:28.221  INFO 2132 --- [scheduling-1] com.indusind.scheduler.SchedulingClass   : Submitted batch from index 275500 to 276000
2025-04-21 15:17:28.221  INFO 2132 --- [scheduling-1] com.indusind.scheduler.SchedulingClass   : Submitted batch from index 276000 to 276500
2025-04-21 15:17:28.221  INFO 2132 --- [scheduling-1] com.indusind.scheduler.SchedulingClass   : Submitted batch from index 276500 to 277000
2025-04-21 15:17:28.221  INFO 2132 --- [scheduling-1] com.indusind.scheduler.SchedulingClass   : Submitted batch from index 277000 to 277500
2025-04-21 15:17:28.221  INFO 2132 --- [scheduling-1] com.indusind.scheduler.SchedulingClass   : Submitted batch from index 277500 to 278000
2025-04-21 15:17:28.222  INFO 2132 --- [scheduling-1] com.indusind.scheduler.SchedulingClass   : Submitted batch from index 278000 to 278500
2025-04-21 15:17:28.222  INFO 2132 --- [scheduling-1] com.indusind.scheduler.SchedulingClass   : Submitted batch from index 278500 to 279000
2025-04-21 15:17:28.222  INFO 2132 --- [scheduling-1] com.indusind.scheduler.SchedulingClass   : Submitted batch from index 279000 to 279500
2025-04-21 15:17:28.222  INFO 2132 --- [scheduling-1] com.indusind.scheduler.SchedulingClass   : Submitted batch from index 279500 to 280000
2025-04-21 15:17:28.222  INFO 2132 --- [scheduling-1] com.indusind.scheduler.SchedulingClass   : Submitted batch from index 280000 to 280500
2025-04-21 15:17:28.222  INFO 2132 --- [scheduling-1] com.indusind.scheduler.SchedulingClass   : Submitted batch from index 280500 to 281000
2025-04-21 15:17:28.222  INFO 2132 --- [scheduling-1] com.indusind.scheduler.SchedulingClass   : Submitted batch from index 281000 to 281500
2025-04-21 15:17:28.222  INFO 2132 --- [scheduling-1] com.indusind.scheduler.SchedulingClass   : Submitted batch from index 281500 to 282000
2025-04-21 15:17:28.222  INFO 2132 --- [scheduling-1] com.indusind.scheduler.SchedulingClass   : Submitted batch from index 282000 to 282500
2025-04-21 15:17:28.222  INFO 2132 --- [scheduling-1] com.indusind.scheduler.SchedulingClass   : Submitted batch from index 282500 to 283000
2025-04-21 15:17:28.222  INFO 2132 --- [scheduling-1] com.indusind.scheduler.SchedulingClass   : Submitted batch from index 283000 to 283500
2025-04-21 15:17:28.222  INFO 2132 --- [scheduling-1] com.indusind.scheduler.SchedulingClass   : Submitted batch from index 283500 to 284000
2025-04-21 15:17:28.222  INFO 2132 --- [scheduling-1] com.indusind.scheduler.SchedulingClass   : Submitted batch from index 284000 to 284500
2025-04-21 15:17:28.222  INFO 2132 --- [scheduling-1] com.indusind.scheduler.SchedulingClass   : Submitted batch from index 284500 to 285000
2025-04-21 15:17:28.222  INFO 2132 --- [scheduling-1] com.indusind.scheduler.SchedulingClass   : Submitted batch from index 285000 to 285500
2025-04-21 15:17:28.222  INFO 2132 --- [scheduling-1] com.indusind.scheduler.SchedulingClass   : Submitted batch from index 285500 to 286000
2025-04-21 15:17:28.223  INFO 2132 --- [scheduling-1] com.indusind.scheduler.SchedulingClass   : Submitted batch from index 286000 to 286500
2025-04-21 15:17:28.223  INFO 2132 --- [scheduling-1] com.indusind.scheduler.SchedulingClass   : Submitted batch from index 286500 to 287000
2025-04-21 15:17:28.223  INFO 2132 --- [scheduling-1] com.indusind.scheduler.SchedulingClass   : Submitted batch from index 287000 to 287500
2025-04-21 15:17:28.223  INFO 2132 --- [scheduling-1] com.indusind.scheduler.SchedulingClass   : Submitted batch from index 287500 to 288000
2025-04-21 15:17:28.223  INFO 2132 --- [scheduling-1] com.indusind.scheduler.SchedulingClass   : Submitted batch from index 288000 to 288500
2025-04-21 15:17:28.223  INFO 2132 --- [scheduling-1] com.indusind.scheduler.SchedulingClass   : Submitted batch from index 288500 to 289000
2025-04-21 15:17:28.223  INFO 2132 --- [scheduling-1] com.indusind.scheduler.SchedulingClass   : Submitted batch from index 289000 to 289500
2025-04-21 15:17:28.223  INFO 2132 --- [scheduling-1] com.indusind.scheduler.SchedulingClass   : Submitted batch from index 289500 to 290000
2025-04-21 15:17:28.223  INFO 2132 --- [scheduling-1] com.indusind.scheduler.SchedulingClass   : Submitted batch from index 290000 to 290500
2025-04-21 15:17:28.223  INFO 2132 --- [scheduling-1] com.indusind.scheduler.SchedulingClass   : Submitted batch from index 290500 to 291000
2025-04-21 15:17:28.223  INFO 2132 --- [scheduling-1] com.indusind.scheduler.SchedulingClass   : Submitted batch from index 291000 to 291500
2025-04-21 15:17:28.223  INFO 2132 --- [scheduling-1] com.indusind.scheduler.SchedulingClass   : Submitted batch from index 291500 to 292000
2025-04-21 15:17:28.223  INFO 2132 --- [scheduling-1] com.indusind.scheduler.SchedulingClass   : Submitted batch from index 292000 to 292500
2025-04-21 15:17:28.223  INFO 2132 --- [scheduling-1] com.indusind.scheduler.SchedulingClass   : Submitted batch from index 292500 to 293000
2025-04-21 15:17:28.223  INFO 2132 --- [scheduling-1] com.indusind.scheduler.SchedulingClass   : Submitted batch from index 293000 to 293500
2025-04-21 15:17:28.223  INFO 2132 --- [scheduling-1] com.indusind.scheduler.SchedulingClass   : Submitted batch from index 293500 to 294000
2025-04-21 15:17:28.223  INFO 2132 --- [scheduling-1] com.indusind.scheduler.SchedulingClass   : Submitted batch from index 294000 to 294500
2025-04-21 15:17:28.223  INFO 2132 --- [scheduling-1] com.indusind.scheduler.SchedulingClass   : Submitted batch from index 294500 to 295000
2025-04-21 15:17:28.223  INFO 2132 --- [scheduling-1] com.indusind.scheduler.SchedulingClass   : Submitted batch from index 295000 to 295500
2025-04-21 15:17:28.223  INFO 2132 --- [scheduling-1] com.indusind.scheduler.SchedulingClass   : Submitted batch from index 295500 to 296000
2025-04-21 15:17:28.223  INFO 2132 --- [scheduling-1] com.indusind.scheduler.SchedulingClass   : Submitted batch from index 296000 to 296500
2025-04-21 15:17:28.223  INFO 2132 --- [scheduling-1] com.indusind.scheduler.SchedulingClass   : Submitted batch from index 296500 to 297000
2025-04-21 15:17:28.223  INFO 2132 --- [scheduling-1] com.indusind.scheduler.SchedulingClass   : Submitted batch from index 297000 to 297500
2025-04-21 15:17:28.223  INFO 2132 --- [scheduling-1] com.indusind.scheduler.SchedulingClass   : Submitted batch from index 297500 to 298000
2025-04-21 15:17:28.223  INFO 2132 --- [scheduling-1] com.indusind.scheduler.SchedulingClass   : Submitted batch from index 298000 to 298500
2025-04-21 15:17:28.223  INFO 2132 --- [scheduling-1] com.indusind.scheduler.SchedulingClass   : Submitted batch from index 298500 to 299000
2025-04-21 15:17:28.223  INFO 2132 --- [scheduling-1] com.indusind.scheduler.SchedulingClass   : Submitted batch from index 299000 to 299500
2025-04-21 15:17:28.223  INFO 2132 --- [scheduling-1] com.indusind.scheduler.SchedulingClass   : Submitted batch from index 299500 to 300000
2025-04-21 15:17:28.223  INFO 2132 --- [scheduling-1] com.indusind.scheduler.SchedulingClass   : Submitted batch from index 300000 to 300500
2025-04-21 15:17:28.223  INFO 2132 --- [scheduling-1] com.indusind.scheduler.SchedulingClass   : Submitted batch from index 300500 to 301000
2025-04-21 15:17:28.223  INFO 2132 --- [scheduling-1] com.indusind.scheduler.SchedulingClass   : Submitted batch from index 301000 to 301500
2025-04-21 15:17:28.223  INFO 2132 --- [scheduling-1] com.indusind.scheduler.SchedulingClass   : Submitted batch from index 301500 to 302000
2025-04-21 15:17:28.223  INFO 2132 --- [scheduling-1] com.indusind.scheduler.SchedulingClass   : Submitted batch from index 302000 to 302500
2025-04-21 15:17:28.223  INFO 2132 --- [scheduling-1] com.indusind.scheduler.SchedulingClass   : Submitted batch from index 302500 to 303000
2025-04-21 15:17:28.224  INFO 2132 --- [scheduling-1] com.indusind.scheduler.SchedulingClass   : Submitted batch from index 303000 to 303500
2025-04-21 15:17:28.224  INFO 2132 --- [scheduling-1] com.indusind.scheduler.SchedulingClass   : Submitted batch from index 303500 to 304000
2025-04-21 15:17:28.224  INFO 2132 --- [scheduling-1] com.indusind.scheduler.SchedulingClass   : Submitted batch from index 304000 to 304500
2025-04-21 15:17:28.224  INFO 2132 --- [scheduling-1] com.indusind.scheduler.SchedulingClass   : Submitted batch from index 304500 to 305000
2025-04-21 15:17:28.224  INFO 2132 --- [scheduling-1] com.indusind.scheduler.SchedulingClass   : Submitted batch from index 305000 to 305500
2025-04-21 15:17:28.224  INFO 2132 --- [scheduling-1] com.indusind.scheduler.SchedulingClass   : Submitted batch from index 305500 to 306000
2025-04-21 15:17:28.224  INFO 2132 --- [scheduling-1] com.indusind.scheduler.SchedulingClass   : Submitted batch from index 306000 to 306500
2025-04-21 15:17:28.224  INFO 2132 --- [scheduling-1] com.indusind.scheduler.SchedulingClass   : Submitted batch from index 306500 to 307000
2025-04-21 15:17:28.224  INFO 2132 --- [scheduling-1] com.indusind.scheduler.SchedulingClass   : Submitted batch from index 307000 to 307500
2025-04-21 15:17:28.224  INFO 2132 --- [scheduling-1] com.indusind.scheduler.SchedulingClass   : Submitted batch from index 307500 to 308000
2025-04-21 15:17:28.224  INFO 2132 --- [scheduling-1] com.indusind.scheduler.SchedulingClass   : Submitted batch from index 308000 to 308500
2025-04-21 15:17:28.224  INFO 2132 --- [scheduling-1] com.indusind.scheduler.SchedulingClass   : Submitted batch from index 308500 to 309000
2025-04-21 15:17:28.224  INFO 2132 --- [scheduling-1] com.indusind.scheduler.SchedulingClass   : Submitted batch from index 309000 to 309500
2025-04-21 15:17:28.224  INFO 2132 --- [scheduling-1] com.indusind.scheduler.SchedulingClass   : Submitted batch from index 309500 to 310000
2025-04-21 15:17:28.224  INFO 2132 --- [scheduling-1] com.indusind.scheduler.SchedulingClass   : Submitted batch from index 310000 to 310500
2025-04-21 15:17:28.224  INFO 2132 --- [scheduling-1] com.indusind.scheduler.SchedulingClass   : Submitted batch from index 310500 to 311000
2025-04-21 15:17:28.224  INFO 2132 --- [scheduling-1] com.indusind.scheduler.SchedulingClass   : Submitted batch from index 311000 to 311500
2025-04-21 15:17:28.224  INFO 2132 --- [scheduling-1] com.indusind.scheduler.SchedulingClass   : Submitted batch from index 311500 to 312000
2025-04-21 15:17:28.224  INFO 2132 --- [scheduling-1] com.indusind.scheduler.SchedulingClass   : Submitted batch from index 312000 to 312500
2025-04-21 15:17:28.224  INFO 2132 --- [scheduling-1] com.indusind.scheduler.SchedulingClass   : Submitted batch from index 312500 to 313000
2025-04-21 15:17:28.224  INFO 2132 --- [scheduling-1] com.indusind.scheduler.SchedulingClass   : Submitted batch from index 313000 to 313500
2025-04-21 15:17:28.224  INFO 2132 --- [scheduling-1] com.indusind.scheduler.SchedulingClass   : Submitted batch from index 313500 to 314000
2025-04-21 15:17:28.224  INFO 2132 --- [scheduling-1] com.indusind.scheduler.SchedulingClass   : Submitted batch from index 314000 to 314500
2025-04-21 15:17:28.224  INFO 2132 --- [scheduling-1] com.indusind.scheduler.SchedulingClass   : Submitted batch from index 314500 to 315000
2025-04-21 15:17:28.224  INFO 2132 --- [scheduling-1] com.indusind.scheduler.SchedulingClass   : Submitted batch from index 315000 to 315500
2025-04-21 15:17:28.224  INFO 2132 --- [scheduling-1] com.indusind.scheduler.SchedulingClass   : Submitted batch from index 315500 to 316000
2025-04-21 15:17:28.224  INFO 2132 --- [scheduling-1] com.indusind.scheduler.SchedulingClass   : Submitted batch from index 316000 to 316500
2025-04-21 15:17:28.224  INFO 2132 --- [scheduling-1] com.indusind.scheduler.SchedulingClass   : Submitted batch from index 316500 to 317000
2025-04-21 15:17:28.224  INFO 2132 --- [scheduling-1] com.indusind.scheduler.SchedulingClass   : Submitted batch from index 317000 to 317500
2025-04-21 15:17:28.224  INFO 2132 --- [scheduling-1] com.indusind.scheduler.SchedulingClass   : Submitted batch from index 317500 to 318000
2025-04-21 15:17:28.224  INFO 2132 --- [scheduling-1] com.indusind.scheduler.SchedulingClass   : Submitted batch from index 318000 to 318500
2025-04-21 15:17:28.224  INFO 2132 --- [scheduling-1] com.indusind.scheduler.SchedulingClass   : Submitted batch from index 318500 to 319000
2025-04-21 15:17:28.224  INFO 2132 --- [scheduling-1] com.indusind.scheduler.SchedulingClass   : Submitted batch from index 319000 to 319500
2025-04-21 15:17:28.224  INFO 2132 --- [scheduling-1] com.indusind.scheduler.SchedulingClass   : Submitted batch from index 319500 to 320000
2025-04-21 15:17:28.224  INFO 2132 --- [scheduling-1] com.indusind.scheduler.SchedulingClass   : Submitted batch from index 320000 to 320500
2025-04-21 15:17:28.224  INFO 2132 --- [scheduling-1] com.indusind.scheduler.SchedulingClass   : Submitted batch from index 320500 to 321000
2025-04-21 15:17:28.224  INFO 2132 --- [scheduling-1] com.indusind.scheduler.SchedulingClass   : Submitted batch from index 321000 to 321500
2025-04-21 15:17:28.224  INFO 2132 --- [scheduling-1] com.indusind.scheduler.SchedulingClass   : Submitted batch from index 321500 to 322000
2025-04-21 15:17:28.224  INFO 2132 --- [scheduling-1] com.indusind.scheduler.SchedulingClass   : Submitted batch from index 322000 to 322500
2025-04-21 15:17:28.224  INFO 2132 --- [scheduling-1] com.indusind.scheduler.SchedulingClass   : Submitted batch from index 322500 to 323000
2025-04-21 15:17:28.224  INFO 2132 --- [scheduling-1] com.indusind.scheduler.SchedulingClass   : Submitted batch from index 323000 to 323500
2025-04-21 15:17:28.224  INFO 2132 --- [scheduling-1] com.indusind.scheduler.SchedulingClass   : Submitted batch from index 323500 to 324000
2025-04-21 15:17:28.224  INFO 2132 --- [scheduling-1] com.indusind.scheduler.SchedulingClass   : Submitted batch from index 324000 to 324500
2025-04-21 15:17:28.224  INFO 2132 --- [scheduling-1] com.indusind.scheduler.SchedulingClass   : Submitted batch from index 324500 to 325000
2025-04-21 15:17:28.224  INFO 2132 --- [scheduling-1] com.indusind.scheduler.SchedulingClass   : Submitted batch from index 325000 to 325500
2025-04-21 15:17:28.224  INFO 2132 --- [scheduling-1] com.indusind.scheduler.SchedulingClass   : Submitted batch from index 325500 to 326000
2025-04-21 15:17:28.224  INFO 2132 --- [scheduling-1] com.indusind.scheduler.SchedulingClass   : Submitted batch from index 326000 to 326500
2025-04-21 15:17:28.224  INFO 2132 --- [scheduling-1] com.indusind.scheduler.SchedulingClass   : Submitted batch from index 326500 to 327000
2025-04-21 15:17:28.224  INFO 2132 --- [scheduling-1] com.indusind.scheduler.SchedulingClass   : Submitted batch from index 327000 to 327500
2025-04-21 15:17:28.224  INFO 2132 --- [scheduling-1] com.indusind.scheduler.SchedulingClass   : Submitted batch from index 327500 to 328000
2025-04-21 15:17:28.224  INFO 2132 --- [scheduling-1] com.indusind.scheduler.SchedulingClass   : Submitted batch from index 328000 to 328500
2025-04-21 15:17:28.224  INFO 2132 --- [scheduling-1] com.indusind.scheduler.SchedulingClass   : Submitted batch from index 328500 to 329000
2025-04-21 15:17:28.224  INFO 2132 --- [scheduling-1] com.indusind.scheduler.SchedulingClass   : Submitted batch from index 329000 to 329500
2025-04-21 15:17:28.225  INFO 2132 --- [scheduling-1] com.indusind.scheduler.SchedulingClass   : Submitted batch from index 329500 to 330000
2025-04-21 15:17:28.225  INFO 2132 --- [scheduling-1] com.indusind.scheduler.SchedulingClass   : Submitted batch from index 330000 to 330500
2025-04-21 15:17:28.225  INFO 2132 --- [scheduling-1] com.indusind.scheduler.SchedulingClass   : Submitted batch from index 330500 to 331000
2025-04-21 15:17:28.225  INFO 2132 --- [scheduling-1] com.indusind.scheduler.SchedulingClass   : Submitted batch from index 331000 to 331500
2025-04-21 15:17:28.225  INFO 2132 --- [scheduling-1] com.indusind.scheduler.SchedulingClass   : Submitted batch from index 331500 to 332000
2025-04-21 15:17:28.225  INFO 2132 --- [scheduling-1] com.indusind.scheduler.SchedulingClass   : Submitted batch from index 332000 to 332500
2025-04-21 15:17:28.225  INFO 2132 --- [scheduling-1] com.indusind.scheduler.SchedulingClass   : Submitted batch from index 332500 to 333000
2025-04-21 15:17:28.225  INFO 2132 --- [scheduling-1] com.indusind.scheduler.SchedulingClass   : Submitted batch from index 333000 to 333500
2025-04-21 15:17:28.225  INFO 2132 --- [scheduling-1] com.indusind.scheduler.SchedulingClass   : Submitted batch from index 333500 to 334000
2025-04-21 15:17:28.225  INFO 2132 --- [scheduling-1] com.indusind.scheduler.SchedulingClass   : Submitted batch from index 334000 to 334500
2025-04-21 15:17:28.225  INFO 2132 --- [scheduling-1] com.indusind.scheduler.SchedulingClass   : Submitted batch from index 334500 to 335000
2025-04-21 15:17:28.225  INFO 2132 --- [scheduling-1] com.indusind.scheduler.SchedulingClass   : Submitted batch from index 335000 to 335500
2025-04-21 15:17:28.225  INFO 2132 --- [scheduling-1] com.indusind.scheduler.SchedulingClass   : Submitted batch from index 335500 to 336000
2025-04-21 15:17:28.225  INFO 2132 --- [scheduling-1] com.indusind.scheduler.SchedulingClass   : Submitted batch from index 336000 to 336500
2025-04-21 15:17:28.225  INFO 2132 --- [scheduling-1] com.indusind.scheduler.SchedulingClass   : Submitted batch from index 336500 to 337000
2025-04-21 15:17:28.225  INFO 2132 --- [scheduling-1] com.indusind.scheduler.SchedulingClass   : Submitted batch from index 337000 to 337500
2025-04-21 15:17:28.225  INFO 2132 --- [scheduling-1] com.indusind.scheduler.SchedulingClass   : Submitted batch from index 337500 to 338000
2025-04-21 15:17:28.225  INFO 2132 --- [scheduling-1] com.indusind.scheduler.SchedulingClass   : Submitted batch from index 338000 to 338500
2025-04-21 15:17:28.225  INFO 2132 --- [scheduling-1] com.indusind.scheduler.SchedulingClass   : Submitted batch from index 338500 to 339000
2025-04-21 15:17:28.225  INFO 2132 --- [scheduling-1] com.indusind.scheduler.SchedulingClass   : Submitted batch from index 339000 to 339500
2025-04-21 15:17:28.225  INFO 2132 --- [scheduling-1] com.indusind.scheduler.SchedulingClass   : Submitted batch from index 339500 to 340000
2025-04-21 15:17:28.225  INFO 2132 --- [scheduling-1] com.indusind.scheduler.SchedulingClass   : Submitted batch from index 340000 to 340500
2025-04-21 15:17:28.225  INFO 2132 --- [scheduling-1] com.indusind.scheduler.SchedulingClass   : Submitted batch from index 340500 to 341000
2025-04-21 15:17:28.225  INFO 2132 --- [scheduling-1] com.indusind.scheduler.SchedulingClass   : Submitted batch from index 341000 to 341500
2025-04-21 15:17:28.225  INFO 2132 --- [scheduling-1] com.indusind.scheduler.SchedulingClass   : Submitted batch from index 341500 to 342000
2025-04-21 15:17:28.225  INFO 2132 --- [scheduling-1] com.indusind.scheduler.SchedulingClass   : Submitted batch from index 342000 to 342500
2025-04-21 15:17:28.225  INFO 2132 --- [scheduling-1] com.indusind.scheduler.SchedulingClass   : Submitted batch from index 342500 to 343000
2025-04-21 15:17:28.225  INFO 2132 --- [scheduling-1] com.indusind.scheduler.SchedulingClass   : Submitted batch from index 343000 to 343500
2025-04-21 15:17:28.225  INFO 2132 --- [scheduling-1] com.indusind.scheduler.SchedulingClass   : Submitted batch from index 343500 to 344000
2025-04-21 15:17:28.225  INFO 2132 --- [scheduling-1] com.indusind.scheduler.SchedulingClass   : Submitted batch from index 344000 to 344500
2025-04-21 15:17:28.225  INFO 2132 --- [scheduling-1] com.indusind.scheduler.SchedulingClass   : Submitted batch from index 344500 to 345000
2025-04-21 15:17:28.225  INFO 2132 --- [scheduling-1] com.indusind.scheduler.SchedulingClass   : Submitted batch from index 345000 to 345500
2025-04-21 15:17:28.225  INFO 2132 --- [scheduling-1] com.indusind.scheduler.SchedulingClass   : Submitted batch from index 345500 to 346000
2025-04-21 15:17:28.225  INFO 2132 --- [scheduling-1] com.indusind.scheduler.SchedulingClass   : Submitted batch from index 346000 to 346500
2025-04-21 15:17:28.225  INFO 2132 --- [scheduling-1] com.indusind.scheduler.SchedulingClass   : Submitted batch from index 346500 to 347000
2025-04-21 15:17:28.225  INFO 2132 --- [scheduling-1] com.indusind.scheduler.SchedulingClass   : Submitted batch from index 347000 to 347500
2025-04-21 15:17:28.225  INFO 2132 --- [scheduling-1] com.indusind.scheduler.SchedulingClass   : Submitted batch from index 347500 to 348000
2025-04-21 15:17:28.225  INFO 2132 --- [scheduling-1] com.indusind.scheduler.SchedulingClass   : Submitted batch from index 348000 to 348500
2025-04-21 15:17:28.225  INFO 2132 --- [scheduling-1] com.indusind.scheduler.SchedulingClass   : Submitted batch from index 348500 to 349000
2025-04-21 15:17:28.226  INFO 2132 --- [scheduling-1] com.indusind.scheduler.SchedulingClass   : Submitted batch from index 349000 to 349500
2025-04-21 15:17:28.227  INFO 2132 --- [scheduling-1] com.indusind.scheduler.SchedulingClass   : Submitted batch from index 349500 to 350000
2025-04-21 15:17:28.227  INFO 2132 --- [scheduling-1] com.indusind.scheduler.SchedulingClass   : Submitted batch from index 350000 to 350500
2025-04-21 15:17:28.227  INFO 2132 --- [scheduling-1] com.indusind.scheduler.SchedulingClass   : Submitted batch from index 350500 to 351000
2025-04-21 15:17:28.227  INFO 2132 --- [scheduling-1] com.indusind.scheduler.SchedulingClass   : Submitted batch from index 351000 to 351500
2025-04-21 15:17:28.227  INFO 2132 --- [scheduling-1] com.indusind.scheduler.SchedulingClass   : Submitted batch from index 351500 to 352000
2025-04-21 15:17:28.227  INFO 2132 --- [scheduling-1] com.indusind.scheduler.SchedulingClass   : Submitted batch from index 352000 to 352500
2025-04-21 15:17:28.227  INFO 2132 --- [scheduling-1] com.indusind.scheduler.SchedulingClass   : Submitted batch from index 352500 to 353000
2025-04-21 15:17:28.227  INFO 2132 --- [scheduling-1] com.indusind.scheduler.SchedulingClass   : Submitted batch from index 353000 to 353500
2025-04-21 15:17:28.227  INFO 2132 --- [scheduling-1] com.indusind.scheduler.SchedulingClass   : Submitted batch from index 353500 to 354000
2025-04-21 15:17:28.227  INFO 2132 --- [scheduling-1] com.indusind.scheduler.SchedulingClass   : Submitted batch from index 354000 to 354500
2025-04-21 15:17:28.227  INFO 2132 --- [scheduling-1] com.indusind.scheduler.SchedulingClass   : Submitted batch from index 354500 to 355000
2025-04-21 15:17:28.227  INFO 2132 --- [scheduling-1] com.indusind.scheduler.SchedulingClass   : Submitted batch from index 355000 to 355500
2025-04-21 15:17:28.227  INFO 2132 --- [scheduling-1] com.indusind.scheduler.SchedulingClass   : Submitted batch from index 355500 to 356000
2025-04-21 15:17:28.227  INFO 2132 --- [scheduling-1] com.indusind.scheduler.SchedulingClass   : Submitted batch from index 356000 to 356500
2025-04-21 15:17:28.227  INFO 2132 --- [scheduling-1] com.indusind.scheduler.SchedulingClass   : Submitted batch from index 356500 to 357000
2025-04-21 15:17:28.227  INFO 2132 --- [scheduling-1] com.indusind.scheduler.SchedulingClass   : Submitted batch from index 357000 to 357500
2025-04-21 15:17:28.227  INFO 2132 --- [scheduling-1] com.indusind.scheduler.SchedulingClass   : Submitted batch from index 357500 to 358000
2025-04-21 15:17:28.227  INFO 2132 --- [scheduling-1] com.indusind.scheduler.SchedulingClass   : Submitted batch from index 358000 to 358500
2025-04-21 15:17:28.227  INFO 2132 --- [scheduling-1] com.indusind.scheduler.SchedulingClass   : Submitted batch from index 358500 to 359000
2025-04-21 15:17:28.227  INFO 2132 --- [scheduling-1] com.indusind.scheduler.SchedulingClass   : Submitted batch from index 359000 to 359500
2025-04-21 15:17:28.227  INFO 2132 --- [scheduling-1] com.indusind.scheduler.SchedulingClass   : Submitted batch from index 359500 to 360000
2025-04-21 15:17:28.227  INFO 2132 --- [scheduling-1] com.indusind.scheduler.SchedulingClass   : Submitted batch from index 360000 to 360500
2025-04-21 15:17:28.227  INFO 2132 --- [scheduling-1] com.indusind.scheduler.SchedulingClass   : Submitted batch from index 360500 to 361000
2025-04-21 15:17:28.227  INFO 2132 --- [scheduling-1] com.indusind.scheduler.SchedulingClass   : Submitted batch from index 361000 to 361500
2025-04-21 15:17:28.227  INFO 2132 --- [scheduling-1] com.indusind.scheduler.SchedulingClass   : Submitted batch from index 361500 to 362000
2025-04-21 15:17:28.227  INFO 2132 --- [scheduling-1] com.indusind.scheduler.SchedulingClass   : Submitted batch from index 362000 to 362500
2025-04-21 15:17:28.227  INFO 2132 --- [scheduling-1] com.indusind.scheduler.SchedulingClass   : Submitted batch from index 362500 to 363000
2025-04-21 15:17:28.227  INFO 2132 --- [scheduling-1] com.indusind.scheduler.SchedulingClass   : Submitted batch from index 363000 to 363500
2025-04-21 15:17:28.227  INFO 2132 --- [scheduling-1] com.indusind.scheduler.SchedulingClass   : Submitted batch from index 363500 to 364000
2025-04-21 15:17:28.227  INFO 2132 --- [scheduling-1] com.indusind.scheduler.SchedulingClass   : Submitted batch from index 364000 to 364500
2025-04-21 15:17:28.227  INFO 2132 --- [scheduling-1] com.indusind.scheduler.SchedulingClass   : Submitted batch from index 364500 to 365000
2025-04-21 15:17:28.227  INFO 2132 --- [scheduling-1] com.indusind.scheduler.SchedulingClass   : Submitted batch from index 365000 to 365500
2025-04-21 15:17:28.227  INFO 2132 --- [scheduling-1] com.indusind.scheduler.SchedulingClass   : Submitted batch from index 365500 to 366000
2025-04-21 15:17:28.227  INFO 2132 --- [scheduling-1] com.indusind.scheduler.SchedulingClass   : Submitted batch from index 366000 to 366500
2025-04-21 15:17:28.227  INFO 2132 --- [scheduling-1] com.indusind.scheduler.SchedulingClass   : Submitted batch from index 366500 to 367000
2025-04-21 15:17:28.227  INFO 2132 --- [scheduling-1] com.indusind.scheduler.SchedulingClass   : Submitted batch from index 367000 to 367500
2025-04-21 15:17:28.227  INFO 2132 --- [scheduling-1] com.indusind.scheduler.SchedulingClass   : Submitted batch from index 367500 to 368000
2025-04-21 15:17:28.227  INFO 2132 --- [scheduling-1] com.indusind.scheduler.SchedulingClass   : Submitted batch from index 368000 to 368500
2025-04-21 15:17:28.227  INFO 2132 --- [scheduling-1] com.indusind.scheduler.SchedulingClass   : Submitted batch from index 368500 to 369000
2025-04-21 15:17:28.227  INFO 2132 --- [scheduling-1] com.indusind.scheduler.SchedulingClass   : Submitted batch from index 369000 to 369500
2025-04-21 15:17:28.227  INFO 2132 --- [scheduling-1] com.indusind.scheduler.SchedulingClass   : Submitted batch from index 369500 to 370000
2025-04-21 15:17:28.227  INFO 2132 --- [scheduling-1] com.indusind.scheduler.SchedulingClass   : Submitted batch from index 370000 to 370500
2025-04-21 15:17:28.227  INFO 2132 --- [scheduling-1] com.indusind.scheduler.SchedulingClass   : Submitted batch from index 370500 to 371000
2025-04-21 15:17:28.227  INFO 2132 --- [scheduling-1] com.indusind.scheduler.SchedulingClass   : Submitted batch from index 371000 to 371500
2025-04-21 15:17:28.228  INFO 2132 --- [scheduling-1] com.indusind.scheduler.SchedulingClass   : Submitted batch from index 371500 to 372000
2025-04-21 15:17:28.228  INFO 2132 --- [scheduling-1] com.indusind.scheduler.SchedulingClass   : Submitted batch from index 372000 to 372500
2025-04-21 15:17:28.228  INFO 2132 --- [scheduling-1] com.indusind.scheduler.SchedulingClass   : Submitted batch from index 372500 to 373000
2025-04-21 15:17:28.228  INFO 2132 --- [scheduling-1] com.indusind.scheduler.SchedulingClass   : Submitted batch from index 373000 to 373500
2025-04-21 15:17:28.228  INFO 2132 --- [scheduling-1] com.indusind.scheduler.SchedulingClass   : Submitted batch from index 373500 to 374000
2025-04-21 15:17:28.231  INFO 2132 --- [scheduling-1] com.indusind.scheduler.SchedulingClass   : Submitted batch from index 374000 to 374500
2025-04-21 15:17:28.231  INFO 2132 --- [scheduling-1] com.indusind.scheduler.SchedulingClass   : Submitted batch from index 374500 to 375000
2025-04-21 15:17:28.231  INFO 2132 --- [scheduling-1] com.indusind.scheduler.SchedulingClass   : Submitted batch from index 375000 to 375500
2025-04-21 15:17:28.231  INFO 2132 --- [scheduling-1] com.indusind.scheduler.SchedulingClass   : Submitted batch from index 375500 to 376000
2025-04-21 15:17:28.231  INFO 2132 --- [scheduling-1] com.indusind.scheduler.SchedulingClass   : Submitted batch from index 376000 to 376500
2025-04-21 15:17:28.231  INFO 2132 --- [scheduling-1] com.indusind.scheduler.SchedulingClass   : Submitted batch from index 376500 to 377000
2025-04-21 15:17:28.231  INFO 2132 --- [scheduling-1] com.indusind.scheduler.SchedulingClass   : Submitted batch from index 377000 to 377500
2025-04-21 15:17:28.231  INFO 2132 --- [scheduling-1] com.indusind.scheduler.SchedulingClass   : Submitted batch from index 377500 to 378000
2025-04-21 15:17:28.231  INFO 2132 --- [scheduling-1] com.indusind.scheduler.SchedulingClass   : Submitted batch from index 378000 to 378500
2025-04-21 15:17:28.231  INFO 2132 --- [scheduling-1] com.indusind.scheduler.SchedulingClass   : Submitted batch from index 378500 to 379000
2025-04-21 15:17:28.231  INFO 2132 --- [scheduling-1] com.indusind.scheduler.SchedulingClass   : Submitted batch from index 379000 to 379500
2025-04-21 15:17:28.231  INFO 2132 --- [scheduling-1] com.indusind.scheduler.SchedulingClass   : Submitted batch from index 379500 to 380000
2025-04-21 15:17:28.231  INFO 2132 --- [scheduling-1] com.indusind.scheduler.SchedulingClass   : Submitted batch from index 380000 to 380500
2025-04-21 15:17:28.231  INFO 2132 --- [scheduling-1] com.indusind.scheduler.SchedulingClass   : Submitted batch from index 380500 to 381000
2025-04-21 15:17:28.231  INFO 2132 --- [scheduling-1] com.indusind.scheduler.SchedulingClass   : Submitted batch from index 381000 to 381500
2025-04-21 15:17:28.231  INFO 2132 --- [scheduling-1] com.indusind.scheduler.SchedulingClass   : Submitted batch from index 381500 to 382000
2025-04-21 15:17:28.231  INFO 2132 --- [scheduling-1] com.indusind.scheduler.SchedulingClass   : Submitted batch from index 382000 to 382500
2025-04-21 15:17:28.231  INFO 2132 --- [scheduling-1] com.indusind.scheduler.SchedulingClass   : Submitted batch from index 382500 to 383000
2025-04-21 15:17:28.231  INFO 2132 --- [scheduling-1] com.indusind.scheduler.SchedulingClass   : Submitted batch from index 383000 to 383500
2025-04-21 15:17:28.231  INFO 2132 --- [scheduling-1] com.indusind.scheduler.SchedulingClass   : Submitted batch from index 383500 to 384000
2025-04-21 15:17:28.231  INFO 2132 --- [scheduling-1] com.indusind.scheduler.SchedulingClass   : Submitted batch from index 384000 to 384500
2025-04-21 15:17:28.231  INFO 2132 --- [scheduling-1] com.indusind.scheduler.SchedulingClass   : Submitted batch from index 384500 to 385000
2025-04-21 15:17:28.231  INFO 2132 --- [scheduling-1] com.indusind.scheduler.SchedulingClass   : Submitted batch from index 385000 to 385500
2025-04-21 15:17:28.231  INFO 2132 --- [scheduling-1] com.indusind.scheduler.SchedulingClass   : Submitted batch from index 385500 to 386000
2025-04-21 15:17:28.231  INFO 2132 --- [scheduling-1] com.indusind.scheduler.SchedulingClass   : Submitted batch from index 386000 to 386500
2025-04-21 15:17:28.231  INFO 2132 --- [scheduling-1] com.indusind.scheduler.SchedulingClass   : Submitted batch from index 386500 to 387000
2025-04-21 15:17:28.231  INFO 2132 --- [scheduling-1] com.indusind.scheduler.SchedulingClass   : Submitted batch from index 387000 to 387500
2025-04-21 15:17:28.231  INFO 2132 --- [scheduling-1] com.indusind.scheduler.SchedulingClass   : Submitted batch from index 387500 to 388000
2025-04-21 15:17:28.231  INFO 2132 --- [scheduling-1] com.indusind.scheduler.SchedulingClass   : Submitted batch from index 388000 to 388500
2025-04-21 15:17:28.231  INFO 2132 --- [scheduling-1] com.indusind.scheduler.SchedulingClass   : Submitted batch from index 388500 to 389000
2025-04-21 15:17:28.231  INFO 2132 --- [scheduling-1] com.indusind.scheduler.SchedulingClass   : Submitted batch from index 389000 to 389500
2025-04-21 15:17:28.231  INFO 2132 --- [scheduling-1] com.indusind.scheduler.SchedulingClass   : Submitted batch from index 389500 to 390000
2025-04-21 15:17:28.231  INFO 2132 --- [scheduling-1] com.indusind.scheduler.SchedulingClass   : Submitted batch from index 390000 to 390500
2025-04-21 15:17:28.231  INFO 2132 --- [scheduling-1] com.indusind.scheduler.SchedulingClass   : Submitted batch from index 390500 to 391000
2025-04-21 15:17:28.231  INFO 2132 --- [scheduling-1] com.indusind.scheduler.SchedulingClass   : Submitted batch from index 391000 to 391500
2025-04-21 15:17:28.231  INFO 2132 --- [scheduling-1] com.indusind.scheduler.SchedulingClass   : Submitted batch from index 391500 to 392000
2025-04-21 15:17:28.231  INFO 2132 --- [scheduling-1] com.indusind.scheduler.SchedulingClass   : Submitted batch from index 392000 to 392500
2025-04-21 15:17:28.231  INFO 2132 --- [scheduling-1] com.indusind.scheduler.SchedulingClass   : Submitted batch from index 392500 to 393000
2025-04-21 15:17:28.231  INFO 2132 --- [scheduling-1] com.indusind.scheduler.SchedulingClass   : Submitted batch from index 393000 to 393500
2025-04-21 15:17:28.231  INFO 2132 --- [scheduling-1] com.indusind.scheduler.SchedulingClass   : Submitted batch from index 393500 to 394000
2025-04-21 15:17:28.231  INFO 2132 --- [scheduling-1] com.indusind.scheduler.SchedulingClass   : Submitted batch from index 394000 to 394500
2025-04-21 15:17:28.231  INFO 2132 --- [scheduling-1] com.indusind.scheduler.SchedulingClass   : Submitted batch from index 394500 to 395000
2025-04-21 15:17:28.231  INFO 2132 --- [scheduling-1] com.indusind.scheduler.SchedulingClass   : Submitted batch from index 395000 to 395500
2025-04-21 15:17:28.231  INFO 2132 --- [scheduling-1] com.indusind.scheduler.SchedulingClass   : Submitted batch from index 395500 to 396000
2025-04-21 15:17:28.231  INFO 2132 --- [scheduling-1] com.indusind.scheduler.SchedulingClass   : Submitted batch from index 396000 to 396500
2025-04-21 15:17:28.231  INFO 2132 --- [scheduling-1] com.indusind.scheduler.SchedulingClass   : Submitted batch from index 396500 to 397000
2025-04-21 15:17:28.231  INFO 2132 --- [scheduling-1] com.indusind.scheduler.SchedulingClass   : Submitted batch from index 397000 to 397500
2025-04-21 15:17:28.231  INFO 2132 --- [scheduling-1] com.indusind.scheduler.SchedulingClass   : Submitted batch from index 397500 to 398000
2025-04-21 15:17:28.231  INFO 2132 --- [scheduling-1] com.indusind.scheduler.SchedulingClass   : Submitted batch from index 398000 to 398500
2025-04-21 15:17:28.231  INFO 2132 --- [scheduling-1] com.indusind.scheduler.SchedulingClass   : Submitted batch from index 398500 to 399000
2025-04-21 15:17:28.231  INFO 2132 --- [scheduling-1] com.indusind.scheduler.SchedulingClass   : Submitted batch from index 399000 to 399500
2025-04-21 15:17:28.231  INFO 2132 --- [scheduling-1] com.indusind.scheduler.SchedulingClass   : Submitted batch from index 399500 to 400000
2025-04-21 15:17:28.231  INFO 2132 --- [scheduling-1] com.indusind.scheduler.SchedulingClass   : Submitted batch from index 400000 to 400500
2025-04-21 15:17:28.231  INFO 2132 --- [scheduling-1] com.indusind.scheduler.SchedulingClass   : Submitted batch from index 400500 to 401000
2025-04-21 15:17:28.231  INFO 2132 --- [scheduling-1] com.indusind.scheduler.SchedulingClass   : Submitted batch from index 401000 to 401500
2025-04-21 15:17:28.231  INFO 2132 --- [scheduling-1] com.indusind.scheduler.SchedulingClass   : Submitted batch from index 401500 to 402000
2025-04-21 15:17:28.231  INFO 2132 --- [scheduling-1] com.indusind.scheduler.SchedulingClass   : Submitted batch from index 402000 to 402500
2025-04-21 15:17:28.231  INFO 2132 --- [scheduling-1] com.indusind.scheduler.SchedulingClass   : Submitted batch from index 402500 to 403000
2025-04-21 15:17:28.232  INFO 2132 --- [scheduling-1] com.indusind.scheduler.SchedulingClass   : Submitted batch from index 403000 to 403500
2025-04-21 15:17:28.232  INFO 2132 --- [scheduling-1] com.indusind.scheduler.SchedulingClass   : Submitted batch from index 403500 to 404000
2025-04-21 15:17:28.232  INFO 2132 --- [scheduling-1] com.indusind.scheduler.SchedulingClass   : Submitted batch from index 404000 to 404500
2025-04-21 15:17:28.232  INFO 2132 --- [scheduling-1] com.indusind.scheduler.SchedulingClass   : Submitted batch from index 404500 to 405000
2025-04-21 15:17:28.232  INFO 2132 --- [scheduling-1] com.indusind.scheduler.SchedulingClass   : Submitted batch from index 405000 to 405500
2025-04-21 15:17:28.232  INFO 2132 --- [scheduling-1] com.indusind.scheduler.SchedulingClass   : Submitted batch from index 405500 to 406000
2025-04-21 15:17:28.232  INFO 2132 --- [scheduling-1] com.indusind.scheduler.SchedulingClass   : Submitted batch from index 406000 to 406500
2025-04-21 15:17:28.232  INFO 2132 --- [scheduling-1] com.indusind.scheduler.SchedulingClass   : Submitted batch from index 406500 to 407000
2025-04-21 15:17:28.232  INFO 2132 --- [scheduling-1] com.indusind.scheduler.SchedulingClass   : Submitted batch from index 407000 to 407500
2025-04-21 15:17:28.232  INFO 2132 --- [scheduling-1] com.indusind.scheduler.SchedulingClass   : Submitted batch from index 407500 to 408000
2025-04-21 15:17:28.232  INFO 2132 --- [scheduling-1] com.indusind.scheduler.SchedulingClass   : Submitted batch from index 408000 to 408500
2025-04-21 15:17:28.232  INFO 2132 --- [scheduling-1] com.indusind.scheduler.SchedulingClass   : Submitted batch from index 408500 to 409000
2025-04-21 15:17:28.232  INFO 2132 --- [scheduling-1] com.indusind.scheduler.SchedulingClass   : Submitted batch from index 409000 to 409500
2025-04-21 15:17:28.232  INFO 2132 --- [scheduling-1] com.indusind.scheduler.SchedulingClass   : Submitted batch from index 409500 to 410000
2025-04-21 15:17:28.232  INFO 2132 --- [scheduling-1] com.indusind.scheduler.SchedulingClass   : Submitted batch from index 410000 to 410500
2025-04-21 15:17:28.232  INFO 2132 --- [scheduling-1] com.indusind.scheduler.SchedulingClass   : Submitted batch from index 410500 to 411000
2025-04-21 15:17:28.232  INFO 2132 --- [scheduling-1] com.indusind.scheduler.SchedulingClass   : Submitted batch from index 411000 to 411500
2025-04-21 15:17:28.232  INFO 2132 --- [scheduling-1] com.indusind.scheduler.SchedulingClass   : Submitted batch from index 411500 to 412000
2025-04-21 15:17:28.232  INFO 2132 --- [scheduling-1] com.indusind.scheduler.SchedulingClass   : Submitted batch from index 412000 to 412500
2025-04-21 15:17:28.232  INFO 2132 --- [scheduling-1] com.indusind.scheduler.SchedulingClass   : Submitted batch from index 412500 to 413000
2025-04-21 15:17:28.232  INFO 2132 --- [scheduling-1] com.indusind.scheduler.SchedulingClass   : Submitted batch from index 413000 to 413500
2025-04-21 15:17:28.232  INFO 2132 --- [scheduling-1] com.indusind.scheduler.SchedulingClass   : Submitted batch from index 413500 to 414000
2025-04-21 15:17:28.232  INFO 2132 --- [scheduling-1] com.indusind.scheduler.SchedulingClass   : Submitted batch from index 414000 to 414500
2025-04-21 15:17:28.233  INFO 2132 --- [scheduling-1] com.indusind.scheduler.SchedulingClass   : Submitted batch from index 414500 to 415000
2025-04-21 15:17:28.233  INFO 2132 --- [scheduling-1] com.indusind.scheduler.SchedulingClass   : Submitted batch from index 415000 to 415500
2025-04-21 15:17:28.233  INFO 2132 --- [scheduling-1] com.indusind.scheduler.SchedulingClass   : Submitted batch from index 415500 to 416000
2025-04-21 15:17:28.233  INFO 2132 --- [scheduling-1] com.indusind.scheduler.SchedulingClass   : Submitted batch from index 416000 to 416500
2025-04-21 15:17:28.233  INFO 2132 --- [scheduling-1] com.indusind.scheduler.SchedulingClass   : Submitted batch from index 416500 to 417000
2025-04-21 15:17:28.233  INFO 2132 --- [scheduling-1] com.indusind.scheduler.SchedulingClass   : Submitted batch from index 417000 to 417500
2025-04-21 15:17:28.233  INFO 2132 --- [scheduling-1] com.indusind.scheduler.SchedulingClass   : Submitted batch from index 417500 to 418000
2025-04-21 15:17:28.233  INFO 2132 --- [scheduling-1] com.indusind.scheduler.SchedulingClass   : Submitted batch from index 418000 to 418500
2025-04-21 15:17:28.233  INFO 2132 --- [scheduling-1] com.indusind.scheduler.SchedulingClass   : Submitted batch from index 418500 to 419000
2025-04-21 15:17:28.233  INFO 2132 --- [scheduling-1] com.indusind.scheduler.SchedulingClass   : Submitted batch from index 419000 to 419500
2025-04-21 15:17:28.233  INFO 2132 --- [scheduling-1] com.indusind.scheduler.SchedulingClass   : Submitted batch from index 419500 to 420000
2025-04-21 15:17:28.233  INFO 2132 --- [scheduling-1] com.indusind.scheduler.SchedulingClass   : Submitted batch from index 420000 to 420500
2025-04-21 15:17:28.233  INFO 2132 --- [scheduling-1] com.indusind.scheduler.SchedulingClass   : Submitted batch from index 420500 to 421000
2025-04-21 15:17:28.233  INFO 2132 --- [scheduling-1] com.indusind.scheduler.SchedulingClass   : Submitted batch from index 421000 to 421500
2025-04-21 15:17:28.233  INFO 2132 --- [scheduling-1] com.indusind.scheduler.SchedulingClass   : Submitted batch from index 421500 to 422000
2025-04-21 15:17:28.233  INFO 2132 --- [scheduling-1] com.indusind.scheduler.SchedulingClass   : Submitted batch from index 422000 to 422500
2025-04-21 15:17:28.233  INFO 2132 --- [scheduling-1] com.indusind.scheduler.SchedulingClass   : Submitted batch from index 422500 to 423000
2025-04-21 15:17:28.233  INFO 2132 --- [scheduling-1] com.indusind.scheduler.SchedulingClass   : Submitted batch from index 423000 to 423500
2025-04-21 15:17:28.233  INFO 2132 --- [scheduling-1] com.indusind.scheduler.SchedulingClass   : Submitted batch from index 423500 to 424000
2025-04-21 15:17:28.233  INFO 2132 --- [scheduling-1] com.indusind.scheduler.SchedulingClass   : Submitted batch from index 424000 to 424500
2025-04-21 15:17:28.233  INFO 2132 --- [scheduling-1] com.indusind.scheduler.SchedulingClass   : Submitted batch from index 424500 to 425000
2025-04-21 15:17:28.233  INFO 2132 --- [scheduling-1] com.indusind.scheduler.SchedulingClass   : Submitted batch from index 425000 to 425500
2025-04-21 15:17:28.233  INFO 2132 --- [scheduling-1] com.indusind.scheduler.SchedulingClass   : Submitted batch from index 425500 to 426000
2025-04-21 15:17:28.233  INFO 2132 --- [scheduling-1] com.indusind.scheduler.SchedulingClass   : Submitted batch from index 426000 to 426500
2025-04-21 15:17:28.233  INFO 2132 --- [scheduling-1] com.indusind.scheduler.SchedulingClass   : Submitted batch from index 426500 to 427000
2025-04-21 15:17:28.233  INFO 2132 --- [scheduling-1] com.indusind.scheduler.SchedulingClass   : Submitted batch from index 427000 to 427500
2025-04-21 15:17:28.233  INFO 2132 --- [scheduling-1] com.indusind.scheduler.SchedulingClass   : Submitted batch from index 427500 to 428000
2025-04-21 15:17:28.233  INFO 2132 --- [scheduling-1] com.indusind.scheduler.SchedulingClass   : Submitted batch from index 428000 to 428500
2025-04-21 15:17:28.233  INFO 2132 --- [scheduling-1] com.indusind.scheduler.SchedulingClass   : Submitted batch from index 428500 to 429000
2025-04-21 15:17:28.233  INFO 2132 --- [scheduling-1] com.indusind.scheduler.SchedulingClass   : Submitted batch from index 429000 to 429500
2025-04-21 15:17:28.233  INFO 2132 --- [scheduling-1] com.indusind.scheduler.SchedulingClass   : Submitted batch from index 429500 to 430000
2025-04-21 15:17:28.234  INFO 2132 --- [scheduling-1] com.indusind.scheduler.SchedulingClass   : Submitted batch from index 430000 to 430500
2025-04-21 15:17:28.234  INFO 2132 --- [scheduling-1] com.indusind.scheduler.SchedulingClass   : Submitted batch from index 430500 to 431000
2025-04-21 15:17:28.234  INFO 2132 --- [scheduling-1] com.indusind.scheduler.SchedulingClass   : Submitted batch from index 431000 to 431500
2025-04-21 15:17:28.234  INFO 2132 --- [scheduling-1] com.indusind.scheduler.SchedulingClass   : Submitted batch from index 431500 to 432000
2025-04-21 15:17:28.234  INFO 2132 --- [scheduling-1] com.indusind.scheduler.SchedulingClass   : Submitted batch from index 432000 to 432500
2025-04-21 15:17:28.234  INFO 2132 --- [scheduling-1] com.indusind.scheduler.SchedulingClass   : Submitted batch from index 432500 to 433000
2025-04-21 15:17:28.234  INFO 2132 --- [scheduling-1] com.indusind.scheduler.SchedulingClass   : Submitted batch from index 433000 to 433500
2025-04-21 15:17:28.234  INFO 2132 --- [scheduling-1] com.indusind.scheduler.SchedulingClass   : Submitted batch from index 433500 to 434000
2025-04-21 15:17:28.234  INFO 2132 --- [scheduling-1] com.indusind.scheduler.SchedulingClass   : Submitted batch from index 434000 to 434500
2025-04-21 15:17:28.234  INFO 2132 --- [scheduling-1] com.indusind.scheduler.SchedulingClass   : Submitted batch from index 434500 to 435000
2025-04-21 15:17:28.234  INFO 2132 --- [scheduling-1] com.indusind.scheduler.SchedulingClass   : Submitted batch from index 435000 to 435500
2025-04-21 15:17:28.234  INFO 2132 --- [scheduling-1] com.indusind.scheduler.SchedulingClass   : Submitted batch from index 435500 to 436000
2025-04-21 15:17:28.234  INFO 2132 --- [scheduling-1] com.indusind.scheduler.SchedulingClass   : Submitted batch from index 436000 to 436500
2025-04-21 15:17:28.234  INFO 2132 --- [scheduling-1] com.indusind.scheduler.SchedulingClass   : Submitted batch from index 436500 to 437000
2025-04-21 15:17:28.234  INFO 2132 --- [scheduling-1] com.indusind.scheduler.SchedulingClass   : Submitted batch from index 437000 to 437500
2025-04-21 15:17:28.234  INFO 2132 --- [scheduling-1] com.indusind.scheduler.SchedulingClass   : Submitted batch from index 437500 to 438000
2025-04-21 15:17:28.234  INFO 2132 --- [scheduling-1] com.indusind.scheduler.SchedulingClass   : Submitted batch from index 438000 to 438500
2025-04-21 15:17:28.234  INFO 2132 --- [scheduling-1] com.indusind.scheduler.SchedulingClass   : Submitted batch from index 438500 to 439000
2025-04-21 15:17:28.234  INFO 2132 --- [scheduling-1] com.indusind.scheduler.SchedulingClass   : Submitted batch from index 439000 to 439500
2025-04-21 15:17:28.234  INFO 2132 --- [scheduling-1] com.indusind.scheduler.SchedulingClass   : Submitted batch from index 439500 to 440000
2025-04-21 15:17:28.234  INFO 2132 --- [scheduling-1] com.indusind.scheduler.SchedulingClass   : Submitted batch from index 440000 to 440500
2025-04-21 15:17:28.234  INFO 2132 --- [scheduling-1] com.indusind.scheduler.SchedulingClass   : Submitted batch from index 440500 to 441000
2025-04-21 15:17:28.234  INFO 2132 --- [scheduling-1] com.indusind.scheduler.SchedulingClass   : Submitted batch from index 441000 to 441500
2025-04-21 15:17:28.235  INFO 2132 --- [scheduling-1] com.indusind.scheduler.SchedulingClass   : Submitted batch from index 441500 to 442000
2025-04-21 15:17:28.235  INFO 2132 --- [scheduling-1] com.indusind.scheduler.SchedulingClass   : Submitted batch from index 442000 to 442500
2025-04-21 15:17:28.235  INFO 2132 --- [scheduling-1] com.indusind.scheduler.SchedulingClass   : Submitted batch from index 442500 to 443000
2025-04-21 15:17:28.235  INFO 2132 --- [scheduling-1] com.indusind.scheduler.SchedulingClass   : Submitted batch from index 443000 to 443500
2025-04-21 15:17:28.235  INFO 2132 --- [scheduling-1] com.indusind.scheduler.SchedulingClass   : Submitted batch from index 443500 to 444000
2025-04-21 15:17:28.235  INFO 2132 --- [scheduling-1] com.indusind.scheduler.SchedulingClass   : Submitted batch from index 444000 to 444500
2025-04-21 15:17:28.235  INFO 2132 --- [scheduling-1] com.indusind.scheduler.SchedulingClass   : Submitted batch from index 444500 to 445000
2025-04-21 15:17:28.235  INFO 2132 --- [scheduling-1] com.indusind.scheduler.SchedulingClass   : Submitted batch from index 445000 to 445500
2025-04-21 15:17:28.235  INFO 2132 --- [scheduling-1] com.indusind.scheduler.SchedulingClass   : Submitted batch from index 445500 to 446000
2025-04-21 15:17:28.235  INFO 2132 --- [scheduling-1] com.indusind.scheduler.SchedulingClass   : Submitted batch from index 446000 to 446500
2025-04-21 15:17:28.235  INFO 2132 --- [scheduling-1] com.indusind.scheduler.SchedulingClass   : Submitted batch from index 446500 to 447000
2025-04-21 15:17:28.235  INFO 2132 --- [scheduling-1] com.indusind.scheduler.SchedulingClass   : Submitted batch from index 447000 to 447500
2025-04-21 15:17:28.235  INFO 2132 --- [scheduling-1] com.indusind.scheduler.SchedulingClass   : Submitted batch from index 447500 to 448000
2025-04-21 15:17:28.235  INFO 2132 --- [scheduling-1] com.indusind.scheduler.SchedulingClass   : Submitted batch from index 448000 to 448500
2025-04-21 15:17:28.236  INFO 2132 --- [scheduling-1] com.indusind.scheduler.SchedulingClass   : Submitted batch from index 448500 to 449000
2025-04-21 15:17:28.236  INFO 2132 --- [scheduling-1] com.indusind.scheduler.SchedulingClass   : Submitted batch from index 449000 to 449500
2025-04-21 15:17:28.236  INFO 2132 --- [scheduling-1] com.indusind.scheduler.SchedulingClass   : Submitted batch from index 449500 to 450000
2025-04-21 15:17:28.236  INFO 2132 --- [scheduling-1] com.indusind.scheduler.SchedulingClass   : Submitted batch from index 450000 to 450500
2025-04-21 15:17:28.236  INFO 2132 --- [scheduling-1] com.indusind.scheduler.SchedulingClass   : Submitted batch from index 450500 to 451000
2025-04-21 15:17:28.236  INFO 2132 --- [scheduling-1] com.indusind.scheduler.SchedulingClass   : Submitted batch from index 451000 to 451500
2025-04-21 15:17:28.236  INFO 2132 --- [scheduling-1] com.indusind.scheduler.SchedulingClass   : Submitted batch from index 451500 to 452000
2025-04-21 15:17:28.236  INFO 2132 --- [scheduling-1] com.indusind.scheduler.SchedulingClass   : Submitted batch from index 452000 to 452500
2025-04-21 15:17:28.236  INFO 2132 --- [scheduling-1] com.indusind.scheduler.SchedulingClass   : Submitted batch from index 452500 to 453000
2025-04-21 15:17:28.238  INFO 2132 --- [scheduling-1] com.indusind.scheduler.SchedulingClass   : Submitted batch from index 453000 to 453500
2025-04-21 15:17:28.239  INFO 2132 --- [scheduling-1] com.indusind.scheduler.SchedulingClass   : Submitted batch from index 453500 to 454000
2025-04-21 15:17:28.239  INFO 2132 --- [scheduling-1] com.indusind.scheduler.SchedulingClass   : Submitted batch from index 454000 to 454500
2025-04-21 15:17:28.239  INFO 2132 --- [scheduling-1] com.indusind.scheduler.SchedulingClass   : Submitted batch from index 454500 to 455000
2025-04-21 15:17:28.239  INFO 2132 --- [scheduling-1] com.indusind.scheduler.SchedulingClass   : Submitted batch from index 455000 to 455500
2025-04-21 15:17:28.239  INFO 2132 --- [scheduling-1] com.indusind.scheduler.SchedulingClass   : Submitted batch from index 455500 to 456000
2025-04-21 15:17:28.239  INFO 2132 --- [scheduling-1] com.indusind.scheduler.SchedulingClass   : Submitted batch from index 456000 to 456500
2025-04-21 15:17:28.239  INFO 2132 --- [scheduling-1] com.indusind.scheduler.SchedulingClass   : Submitted batch from index 456500 to 457000
2025-04-21 15:17:28.240  INFO 2132 --- [scheduling-1] com.indusind.scheduler.SchedulingClass   : Submitted batch from index 457000 to 457500
2025-04-21 15:17:28.240  INFO 2132 --- [scheduling-1] com.indusind.scheduler.SchedulingClass   : Submitted batch from index 457500 to 458000
2025-04-21 15:17:28.240  INFO 2132 --- [scheduling-1] com.indusind.scheduler.SchedulingClass   : Submitted batch from index 458000 to 458500
2025-04-21 15:17:28.240  INFO 2132 --- [scheduling-1] com.indusind.scheduler.SchedulingClass   : Submitted batch from index 458500 to 459000
2025-04-21 15:17:28.240  INFO 2132 --- [scheduling-1] com.indusind.scheduler.SchedulingClass   : Submitted batch from index 459000 to 459500
2025-04-21 15:17:28.240  INFO 2132 --- [scheduling-1] com.indusind.scheduler.SchedulingClass   : Submitted batch from index 459500 to 460000
2025-04-21 15:17:28.240  INFO 2132 --- [scheduling-1] com.indusind.scheduler.SchedulingClass   : Submitted batch from index 460000 to 460500
2025-04-21 15:17:28.240  INFO 2132 --- [scheduling-1] com.indusind.scheduler.SchedulingClass   : Submitted batch from index 460500 to 461000
2025-04-21 15:17:28.240  INFO 2132 --- [scheduling-1] com.indusind.scheduler.SchedulingClass   : Submitted batch from index 461000 to 461500
2025-04-21 15:17:28.240  INFO 2132 --- [scheduling-1] com.indusind.scheduler.SchedulingClass   : Submitted batch from index 461500 to 462000
2025-04-21 15:17:28.240  INFO 2132 --- [scheduling-1] com.indusind.scheduler.SchedulingClass   : Submitted batch from index 462000 to 462500
2025-04-21 15:17:28.240  INFO 2132 --- [scheduling-1] com.indusind.scheduler.SchedulingClass   : Submitted batch from index 462500 to 463000
2025-04-21 15:17:28.240  INFO 2132 --- [scheduling-1] com.indusind.scheduler.SchedulingClass   : Submitted batch from index 463000 to 463500
2025-04-21 15:17:28.240  INFO 2132 --- [scheduling-1] com.indusind.scheduler.SchedulingClass   : Submitted batch from index 463500 to 464000
2025-04-21 15:17:28.240  INFO 2132 --- [scheduling-1] com.indusind.scheduler.SchedulingClass   : Submitted batch from index 464000 to 464500
2025-04-21 15:17:28.240  INFO 2132 --- [scheduling-1] com.indusind.scheduler.SchedulingClass   : Submitted batch from index 464500 to 465000
2025-04-21 15:17:28.240  INFO 2132 --- [scheduling-1] com.indusind.scheduler.SchedulingClass   : Submitted batch from index 465000 to 465500
2025-04-21 15:17:28.240  INFO 2132 --- [scheduling-1] com.indusind.scheduler.SchedulingClass   : Submitted batch from index 465500 to 466000
2025-04-21 15:17:28.240  INFO 2132 --- [scheduling-1] com.indusind.scheduler.SchedulingClass   : Submitted batch from index 466000 to 466500
2025-04-21 15:17:28.240  INFO 2132 --- [scheduling-1] com.indusind.scheduler.SchedulingClass   : Submitted batch from index 466500 to 467000
2025-04-21 15:17:28.240  INFO 2132 --- [scheduling-1] com.indusind.scheduler.SchedulingClass   : Submitted batch from index 467000 to 467500
2025-04-21 15:17:28.240  INFO 2132 --- [scheduling-1] com.indusind.scheduler.SchedulingClass   : Submitted batch from index 467500 to 468000
2025-04-21 15:17:28.241  INFO 2132 --- [scheduling-1] com.indusind.scheduler.SchedulingClass   : Submitted batch from index 468000 to 468500
2025-04-21 15:17:28.241  INFO 2132 --- [scheduling-1] com.indusind.scheduler.SchedulingClass   : Submitted batch from index 468500 to 469000
2025-04-21 15:17:28.241  INFO 2132 --- [scheduling-1] com.indusind.scheduler.SchedulingClass   : Submitted batch from index 469000 to 469500
2025-04-21 15:17:28.241  INFO 2132 --- [scheduling-1] com.indusind.scheduler.SchedulingClass   : Submitted batch from index 469500 to 470000
2025-04-21 15:17:28.241  INFO 2132 --- [scheduling-1] com.indusind.scheduler.SchedulingClass   : Submitted batch from index 470000 to 470500
2025-04-21 15:17:28.241  INFO 2132 --- [scheduling-1] com.indusind.scheduler.SchedulingClass   : Submitted batch from index 470500 to 471000
2025-04-21 15:17:28.241  INFO 2132 --- [scheduling-1] com.indusind.scheduler.SchedulingClass   : Submitted batch from index 471000 to 471500
2025-04-21 15:17:28.241  INFO 2132 --- [scheduling-1] com.indusind.scheduler.SchedulingClass   : Submitted batch from index 471500 to 472000
2025-04-21 15:17:28.241  INFO 2132 --- [scheduling-1] com.indusind.scheduler.SchedulingClass   : Submitted batch from index 472000 to 472500
2025-04-21 15:17:28.241  INFO 2132 --- [scheduling-1] com.indusind.scheduler.SchedulingClass   : Submitted batch from index 472500 to 473000
2025-04-21 15:17:28.241  INFO 2132 --- [scheduling-1] com.indusind.scheduler.SchedulingClass   : Submitted batch from index 473000 to 473500
2025-04-21 15:17:28.241  INFO 2132 --- [scheduling-1] com.indusind.scheduler.SchedulingClass   : Submitted batch from index 473500 to 474000
2025-04-21 15:17:28.241  INFO 2132 --- [scheduling-1] com.indusind.scheduler.SchedulingClass   : Submitted batch from index 474000 to 474500
2025-04-21 15:17:28.241  INFO 2132 --- [scheduling-1] com.indusind.scheduler.SchedulingClass   : Submitted batch from index 474500 to 475000
2025-04-21 15:17:28.241  INFO 2132 --- [scheduling-1] com.indusind.scheduler.SchedulingClass   : Submitted batch from index 475000 to 475500
2025-04-21 15:17:28.241  INFO 2132 --- [scheduling-1] com.indusind.scheduler.SchedulingClass   : Submitted batch from index 475500 to 476000
2025-04-21 15:17:28.241  INFO 2132 --- [scheduling-1] com.indusind.scheduler.SchedulingClass   : Submitted batch from index 476000 to 476500
2025-04-21 15:17:28.241  INFO 2132 --- [scheduling-1] com.indusind.scheduler.SchedulingClass   : Submitted batch from index 476500 to 477000
2025-04-21 15:17:28.241  INFO 2132 --- [scheduling-1] com.indusind.scheduler.SchedulingClass   : Submitted batch from index 477000 to 477500
2025-04-21 15:17:28.241  INFO 2132 --- [scheduling-1] com.indusind.scheduler.SchedulingClass   : Submitted batch from index 477500 to 478000
2025-04-21 15:17:28.241  INFO 2132 --- [scheduling-1] com.indusind.scheduler.SchedulingClass   : Submitted batch from index 478000 to 478500
2025-04-21 15:17:28.241  INFO 2132 --- [scheduling-1] com.indusind.scheduler.SchedulingClass   : Submitted batch from index 478500 to 479000
2025-04-21 15:17:28.241  INFO 2132 --- [scheduling-1] com.indusind.scheduler.SchedulingClass   : Submitted batch from index 479000 to 479500
2025-04-21 15:17:28.241  INFO 2132 --- [scheduling-1] com.indusind.scheduler.SchedulingClass   : Submitted batch from index 479500 to 480000
2025-04-21 15:17:28.242  INFO 2132 --- [scheduling-1] com.indusind.scheduler.SchedulingClass   : Submitted batch from index 480000 to 480500
2025-04-21 15:17:28.243  INFO 2132 --- [scheduling-1] com.indusind.scheduler.SchedulingClass   : Submitted batch from index 480500 to 481000
2025-04-21 15:17:28.243  INFO 2132 --- [scheduling-1] com.indusind.scheduler.SchedulingClass   : Submitted batch from index 481000 to 481500
2025-04-21 15:17:28.243  INFO 2132 --- [scheduling-1] com.indusind.scheduler.SchedulingClass   : Submitted batch from index 481500 to 482000
2025-04-21 15:17:28.243  INFO 2132 --- [scheduling-1] com.indusind.scheduler.SchedulingClass   : Submitted batch from index 482000 to 482500
2025-04-21 15:17:28.243  INFO 2132 --- [scheduling-1] com.indusind.scheduler.SchedulingClass   : Submitted batch from index 482500 to 483000
2025-04-21 15:17:28.243  INFO 2132 --- [scheduling-1] com.indusind.scheduler.SchedulingClass   : Submitted batch from index 483000 to 483500
2025-04-21 15:17:28.243  INFO 2132 --- [scheduling-1] com.indusind.scheduler.SchedulingClass   : Submitted batch from index 483500 to 484000
2025-04-21 15:17:28.243  INFO 2132 --- [scheduling-1] com.indusind.scheduler.SchedulingClass   : Submitted batch from index 484000 to 484500
2025-04-21 15:17:28.243  INFO 2132 --- [scheduling-1] com.indusind.scheduler.SchedulingClass   : Submitted batch from index 484500 to 485000
2025-04-21 15:17:28.243  INFO 2132 --- [scheduling-1] com.indusind.scheduler.SchedulingClass   : Submitted batch from index 485000 to 485500
2025-04-21 15:17:28.244  INFO 2132 --- [scheduling-1] com.indusind.scheduler.SchedulingClass   : Submitted batch from index 485500 to 486000
2025-04-21 15:17:28.244  INFO 2132 --- [scheduling-1] com.indusind.scheduler.SchedulingClass   : Submitted batch from index 486000 to 486500
2025-04-21 15:17:28.244  INFO 2132 --- [scheduling-1] com.indusind.scheduler.SchedulingClass   : Submitted batch from index 486500 to 487000
2025-04-21 15:17:28.244  INFO 2132 --- [scheduling-1] com.indusind.scheduler.SchedulingClass   : Submitted batch from index 487000 to 487500
2025-04-21 15:17:28.244  INFO 2132 --- [scheduling-1] com.indusind.scheduler.SchedulingClass   : Submitted batch from index 487500 to 488000
2025-04-21 15:17:28.244  INFO 2132 --- [scheduling-1] com.indusind.scheduler.SchedulingClass   : Submitted batch from index 488000 to 488500
2025-04-21 15:17:28.244  INFO 2132 --- [scheduling-1] com.indusind.scheduler.SchedulingClass   : Submitted batch from index 488500 to 489000
2025-04-21 15:17:28.244  INFO 2132 --- [scheduling-1] com.indusind.scheduler.SchedulingClass   : Submitted batch from index 489000 to 489500
2025-04-21 15:17:28.244  INFO 2132 --- [scheduling-1] com.indusind.scheduler.SchedulingClass   : Submitted batch from index 489500 to 490000
2025-04-21 15:17:28.244  INFO 2132 --- [scheduling-1] com.indusind.scheduler.SchedulingClass   : Submitted batch from index 490000 to 490500
2025-04-21 15:17:28.244  INFO 2132 --- [scheduling-1] com.indusind.scheduler.SchedulingClass   : Submitted batch from index 490500 to 491000
2025-04-21 15:17:28.244  INFO 2132 --- [scheduling-1] com.indusind.scheduler.SchedulingClass   : Submitted batch from index 491000 to 491500
2025-04-21 15:17:28.244  INFO 2132 --- [scheduling-1] com.indusind.scheduler.SchedulingClass   : Submitted batch from index 491500 to 492000
2025-04-21 15:17:28.244  INFO 2132 --- [scheduling-1] com.indusind.scheduler.SchedulingClass   : Submitted batch from index 492000 to 492500
2025-04-21 15:17:28.245  INFO 2132 --- [scheduling-1] com.indusind.scheduler.SchedulingClass   : Submitted batch from index 492500 to 493000
2025-04-21 15:17:28.245  INFO 2132 --- [scheduling-1] com.indusind.scheduler.SchedulingClass   : Submitted batch from index 493000 to 493500
2025-04-21 15:17:28.245  INFO 2132 --- [scheduling-1] com.indusind.scheduler.SchedulingClass   : Submitted batch from index 493500 to 494000
2025-04-21 15:17:28.245  INFO 2132 --- [scheduling-1] com.indusind.scheduler.SchedulingClass   : Submitted batch from index 494000 to 494500
2025-04-21 15:17:28.245  INFO 2132 --- [scheduling-1] com.indusind.scheduler.SchedulingClass   : Submitted batch from index 494500 to 495000
2025-04-21 15:17:28.245  INFO 2132 --- [scheduling-1] com.indusind.scheduler.SchedulingClass   : Submitted batch from index 495000 to 495500
2025-04-21 15:17:28.245  INFO 2132 --- [scheduling-1] com.indusind.scheduler.SchedulingClass   : Submitted batch from index 495500 to 496000
2025-04-21 15:17:28.245  INFO 2132 --- [scheduling-1] com.indusind.scheduler.SchedulingClass   : Submitted batch from index 496000 to 496500
2025-04-21 15:17:28.245  INFO 2132 --- [scheduling-1] com.indusind.scheduler.SchedulingClass   : Submitted batch from index 496500 to 497000
2025-04-21 15:17:28.245  INFO 2132 --- [scheduling-1] com.indusind.scheduler.SchedulingClass   : Submitted batch from index 497000 to 497500
2025-04-21 15:17:28.245  INFO 2132 --- [scheduling-1] com.indusind.scheduler.SchedulingClass   : Submitted batch from index 497500 to 498000
2025-04-21 15:17:28.245  INFO 2132 --- [scheduling-1] com.indusind.scheduler.SchedulingClass   : Submitted batch from index 498000 to 498500
2025-04-21 15:17:28.245  INFO 2132 --- [scheduling-1] com.indusind.scheduler.SchedulingClass   : Submitted batch from index 498500 to 499000
2025-04-21 15:17:28.245  INFO 2132 --- [scheduling-1] com.indusind.scheduler.SchedulingClass   : Submitted batch from index 499000 to 499500
2025-04-21 15:17:28.246  INFO 2132 --- [scheduling-1] com.indusind.scheduler.SchedulingClass   : Submitted batch from index 499500 to 500000
2025-04-21 15:17:28.246  INFO 2132 --- [scheduling-1] com.indusind.scheduler.SchedulingClass   : Submitted batch from index 500000 to 500500
2025-04-21 15:17:28.246  INFO 2132 --- [scheduling-1] com.indusind.scheduler.SchedulingClass   : Submitted batch from index 500500 to 501000
2025-04-21 15:17:28.246  INFO 2132 --- [scheduling-1] com.indusind.scheduler.SchedulingClass   : Submitted batch from index 501000 to 501500
2025-04-21 15:17:28.246  INFO 2132 --- [scheduling-1] com.indusind.scheduler.SchedulingClass   : Submitted batch from index 501500 to 502000
2025-04-21 15:17:28.246  INFO 2132 --- [scheduling-1] com.indusind.scheduler.SchedulingClass   : Submitted batch from index 502000 to 502500
2025-04-21 15:17:28.246  INFO 2132 --- [scheduling-1] com.indusind.scheduler.SchedulingClass   : Submitted batch from index 502500 to 503000
2025-04-21 15:17:28.246  INFO 2132 --- [scheduling-1] com.indusind.scheduler.SchedulingClass   : Submitted batch from index 503000 to 503500
2025-04-21 15:17:28.246  INFO 2132 --- [scheduling-1] com.indusind.scheduler.SchedulingClass   : Submitted batch from index 503500 to 504000
2025-04-21 15:17:28.246  INFO 2132 --- [scheduling-1] com.indusind.scheduler.SchedulingClass   : Submitted batch from index 504000 to 504500
2025-04-21 15:17:28.246  INFO 2132 --- [scheduling-1] com.indusind.scheduler.SchedulingClass   : Submitted batch from index 504500 to 505000
2025-04-21 15:17:28.246  INFO 2132 --- [scheduling-1] com.indusind.scheduler.SchedulingClass   : Submitted batch from index 505000 to 505500
2025-04-21 15:17:28.246  INFO 2132 --- [scheduling-1] com.indusind.scheduler.SchedulingClass   : Submitted batch from index 505500 to 506000
2025-04-21 15:17:28.246  INFO 2132 --- [scheduling-1] com.indusind.scheduler.SchedulingClass   : Submitted batch from index 506000 to 506500
2025-04-21 15:17:28.246  INFO 2132 --- [scheduling-1] com.indusind.scheduler.SchedulingClass   : Submitted batch from index 506500 to 507000
2025-04-21 15:17:28.246  INFO 2132 --- [scheduling-1] com.indusind.scheduler.SchedulingClass   : Submitted batch from index 507000 to 507500
2025-04-21 15:17:28.246  INFO 2132 --- [scheduling-1] com.indusind.scheduler.SchedulingClass   : Submitted batch from index 507500 to 508000
2025-04-21 15:17:28.246  INFO 2132 --- [scheduling-1] com.indusind.scheduler.SchedulingClass   : Submitted batch from index 508000 to 508500
2025-04-21 15:17:28.246  INFO 2132 --- [scheduling-1] com.indusind.scheduler.SchedulingClass   : Submitted batch from index 508500 to 509000
2025-04-21 15:17:28.246  INFO 2132 --- [scheduling-1] com.indusind.scheduler.SchedulingClass   : Submitted batch from index 509000 to 509500
2025-04-21 15:17:28.246  INFO 2132 --- [scheduling-1] com.indusind.scheduler.SchedulingClass   : Submitted batch from index 509500 to 510000
2025-04-21 15:17:28.246  INFO 2132 --- [scheduling-1] com.indusind.scheduler.SchedulingClass   : Submitted batch from index 510000 to 510500
2025-04-21 15:17:28.246  INFO 2132 --- [scheduling-1] com.indusind.scheduler.SchedulingClass   : Submitted batch from index 510500 to 511000
2025-04-21 15:17:28.246  INFO 2132 --- [scheduling-1] com.indusind.scheduler.SchedulingClass   : Submitted batch from index 511000 to 511500
2025-04-21 15:17:28.246  INFO 2132 --- [scheduling-1] com.indusind.scheduler.SchedulingClass   : Submitted batch from index 511500 to 512000
2025-04-21 15:17:28.246  INFO 2132 --- [scheduling-1] com.indusind.scheduler.SchedulingClass   : Submitted batch from index 512000 to 512500
2025-04-21 15:17:28.246  INFO 2132 --- [scheduling-1] com.indusind.scheduler.SchedulingClass   : Submitted batch from index 512500 to 513000
2025-04-21 15:17:28.246  INFO 2132 --- [scheduling-1] com.indusind.scheduler.SchedulingClass   : Submitted batch from index 513000 to 513500
2025-04-21 15:17:28.246  INFO 2132 --- [scheduling-1] com.indusind.scheduler.SchedulingClass   : Submitted batch from index 513500 to 514000
2025-04-21 15:17:28.246  INFO 2132 --- [scheduling-1] com.indusind.scheduler.SchedulingClass   : Submitted batch from index 514000 to 514500
2025-04-21 15:17:28.246  INFO 2132 --- [scheduling-1] com.indusind.scheduler.SchedulingClass   : Submitted batch from index 514500 to 515000
2025-04-21 15:17:28.247  INFO 2132 --- [scheduling-1] com.indusind.scheduler.SchedulingClass   : Submitted batch from index 515000 to 515500
2025-04-21 15:17:28.247  INFO 2132 --- [scheduling-1] com.indusind.scheduler.SchedulingClass   : Submitted batch from index 515500 to 516000
2025-04-21 15:17:28.247  INFO 2132 --- [scheduling-1] com.indusind.scheduler.SchedulingClass   : Submitted batch from index 516000 to 516500
2025-04-21 15:17:28.247  INFO 2132 --- [scheduling-1] com.indusind.scheduler.SchedulingClass   : Submitted batch from index 516500 to 517000
2025-04-21 15:17:28.247  INFO 2132 --- [scheduling-1] com.indusind.scheduler.SchedulingClass   : Submitted batch from index 517000 to 517500
2025-04-21 15:17:28.247  INFO 2132 --- [scheduling-1] com.indusind.scheduler.SchedulingClass   : Submitted batch from index 517500 to 518000
2025-04-21 15:17:28.247  INFO 2132 --- [scheduling-1] com.indusind.scheduler.SchedulingClass   : Submitted batch from index 518000 to 518500
2025-04-21 15:17:28.247  INFO 2132 --- [scheduling-1] com.indusind.scheduler.SchedulingClass   : Submitted batch from index 518500 to 519000
2025-04-21 15:17:28.247  INFO 2132 --- [scheduling-1] com.indusind.scheduler.SchedulingClass   : Submitted batch from index 519000 to 519500
2025-04-21 15:17:28.247  INFO 2132 --- [scheduling-1] com.indusind.scheduler.SchedulingClass   : Submitted batch from index 519500 to 520000
2025-04-21 15:17:28.247  INFO 2132 --- [scheduling-1] com.indusind.scheduler.SchedulingClass   : Submitted batch from index 520000 to 520500
2025-04-21 15:17:28.247  INFO 2132 --- [scheduling-1] com.indusind.scheduler.SchedulingClass   : Submitted batch from index 520500 to 521000
2025-04-21 15:17:28.247  INFO 2132 --- [scheduling-1] com.indusind.scheduler.SchedulingClass   : Submitted batch from index 521000 to 521500
2025-04-21 15:17:28.247  INFO 2132 --- [scheduling-1] com.indusind.scheduler.SchedulingClass   : Submitted batch from index 521500 to 522000
2025-04-21 15:17:28.247  INFO 2132 --- [scheduling-1] com.indusind.scheduler.SchedulingClass   : Submitted batch from index 522000 to 522500
2025-04-21 15:17:28.247  INFO 2132 --- [scheduling-1] com.indusind.scheduler.SchedulingClass   : Submitted batch from index 522500 to 523000
2025-04-21 15:17:28.247  INFO 2132 --- [scheduling-1] com.indusind.scheduler.SchedulingClass   : Submitted batch from index 523000 to 523500
2025-04-21 15:17:28.247  INFO 2132 --- [scheduling-1] com.indusind.scheduler.SchedulingClass   : Submitted batch from index 523500 to 524000
2025-04-21 15:17:28.247  INFO 2132 --- [scheduling-1] com.indusind.scheduler.SchedulingClass   : Submitted batch from index 524000 to 524500
2025-04-21 15:17:28.247  INFO 2132 --- [scheduling-1] com.indusind.scheduler.SchedulingClass   : Submitted batch from index 524500 to 525000
2025-04-21 15:17:28.247  INFO 2132 --- [scheduling-1] com.indusind.scheduler.SchedulingClass   : Submitted batch from index 525000 to 525500
2025-04-21 15:17:28.247  INFO 2132 --- [scheduling-1] com.indusind.scheduler.SchedulingClass   : Submitted batch from index 525500 to 526000
2025-04-21 15:17:28.247  INFO 2132 --- [scheduling-1] com.indusind.scheduler.SchedulingClass   : Submitted batch from index 526000 to 526500
2025-04-21 15:17:28.247  INFO 2132 --- [scheduling-1] com.indusind.scheduler.SchedulingClass   : Submitted batch from index 526500 to 527000
2025-04-21 15:17:28.247  INFO 2132 --- [scheduling-1] com.indusind.scheduler.SchedulingClass   : Submitted batch from index 527000 to 527500
2025-04-21 15:17:28.247  INFO 2132 --- [scheduling-1] com.indusind.scheduler.SchedulingClass   : Submitted batch from index 527500 to 528000
2025-04-21 15:17:28.247  INFO 2132 --- [scheduling-1] com.indusind.scheduler.SchedulingClass   : Submitted batch from index 528000 to 528500
2025-04-21 15:17:28.247  INFO 2132 --- [scheduling-1] com.indusind.scheduler.SchedulingClass   : Submitted batch from index 528500 to 529000
2025-04-21 15:17:28.247  INFO 2132 --- [scheduling-1] com.indusind.scheduler.SchedulingClass   : Submitted batch from index 529000 to 529500
2025-04-21 15:17:28.248  INFO 2132 --- [scheduling-1] com.indusind.scheduler.SchedulingClass   : Submitted batch from index 529500 to 530000
2025-04-21 15:17:28.248  INFO 2132 --- [scheduling-1] com.indusind.scheduler.SchedulingClass   : Submitted batch from index 530000 to 530500
2025-04-21 15:17:28.248  INFO 2132 --- [scheduling-1] com.indusind.scheduler.SchedulingClass   : Submitted batch from index 530500 to 531000
2025-04-21 15:17:28.248  INFO 2132 --- [scheduling-1] com.indusind.scheduler.SchedulingClass   : Submitted batch from index 531000 to 531500
2025-04-21 15:17:28.248  INFO 2132 --- [scheduling-1] com.indusind.scheduler.SchedulingClass   : Submitted batch from index 531500 to 532000
2025-04-21 15:17:28.248  INFO 2132 --- [scheduling-1] com.indusind.scheduler.SchedulingClass   : Submitted batch from index 532000 to 532500
2025-04-21 15:17:28.248  INFO 2132 --- [scheduling-1] com.indusind.scheduler.SchedulingClass   : Submitted batch from index 532500 to 533000
2025-04-21 15:17:28.248  INFO 2132 --- [scheduling-1] com.indusind.scheduler.SchedulingClass   : Submitted batch from index 533000 to 533500
2025-04-21 15:17:28.248  INFO 2132 --- [scheduling-1] com.indusind.scheduler.SchedulingClass   : Submitted batch from index 533500 to 534000
2025-04-21 15:17:28.248  INFO 2132 --- [scheduling-1] com.indusind.scheduler.SchedulingClass   : Submitted batch from index 534000 to 534500
2025-04-21 15:17:28.248  INFO 2132 --- [scheduling-1] com.indusind.scheduler.SchedulingClass   : Submitted batch from index 534500 to 535000
2025-04-21 15:17:28.248  INFO 2132 --- [scheduling-1] com.indusind.scheduler.SchedulingClass   : Submitted batch from index 535000 to 535500
2025-04-21 15:17:28.248  INFO 2132 --- [scheduling-1] com.indusind.scheduler.SchedulingClass   : Submitted batch from index 535500 to 536000
2025-04-21 15:17:28.248  INFO 2132 --- [scheduling-1] com.indusind.scheduler.SchedulingClass   : Submitted batch from index 536000 to 536500
2025-04-21 15:17:28.248  INFO 2132 --- [scheduling-1] com.indusind.scheduler.SchedulingClass   : Submitted batch from index 536500 to 537000
2025-04-21 15:17:28.248  INFO 2132 --- [scheduling-1] com.indusind.scheduler.SchedulingClass   : Submitted batch from index 537000 to 537500
2025-04-21 15:17:28.248  INFO 2132 --- [scheduling-1] com.indusind.scheduler.SchedulingClass   : Submitted batch from index 537500 to 538000
2025-04-21 15:17:28.248  INFO 2132 --- [scheduling-1] com.indusind.scheduler.SchedulingClass   : Submitted batch from index 538000 to 538500
2025-04-21 15:17:28.248  INFO 2132 --- [scheduling-1] com.indusind.scheduler.SchedulingClass   : Submitted batch from index 538500 to 539000
2025-04-21 15:17:28.248  INFO 2132 --- [scheduling-1] com.indusind.scheduler.SchedulingClass   : Submitted batch from index 539000 to 539500
2025-04-21 15:17:28.248  INFO 2132 --- [scheduling-1] com.indusind.scheduler.SchedulingClass   : Submitted batch from index 539500 to 540000
2025-04-21 15:17:28.248  INFO 2132 --- [scheduling-1] com.indusind.scheduler.SchedulingClass   : Submitted batch from index 540000 to 540500
2025-04-21 15:17:28.248  INFO 2132 --- [scheduling-1] com.indusind.scheduler.SchedulingClass   : Submitted batch from index 540500 to 541000
2025-04-21 15:17:28.248  INFO 2132 --- [scheduling-1] com.indusind.scheduler.SchedulingClass   : Submitted batch from index 541000 to 541500
2025-04-21 15:17:28.248  INFO 2132 --- [scheduling-1] com.indusind.scheduler.SchedulingClass   : Submitted batch from index 541500 to 542000
2025-04-21 15:17:28.248  INFO 2132 --- [scheduling-1] com.indusind.scheduler.SchedulingClass   : Submitted batch from index 542000 to 542500
2025-04-21 15:17:28.248  INFO 2132 --- [scheduling-1] com.indusind.scheduler.SchedulingClass   : Submitted batch from index 542500 to 543000
2025-04-21 15:17:28.248  INFO 2132 --- [scheduling-1] com.indusind.scheduler.SchedulingClass   : Submitted batch from index 543000 to 543500
2025-04-21 15:17:28.248  INFO 2132 --- [scheduling-1] com.indusind.scheduler.SchedulingClass   : Submitted batch from index 543500 to 544000
2025-04-21 15:17:28.248  INFO 2132 --- [scheduling-1] com.indusind.scheduler.SchedulingClass   : Submitted batch from index 544000 to 544500
2025-04-21 15:17:28.248  INFO 2132 --- [scheduling-1] com.indusind.scheduler.SchedulingClass   : Submitted batch from index 544500 to 545000
2025-04-21 15:17:28.248  INFO 2132 --- [scheduling-1] com.indusind.scheduler.SchedulingClass   : Submitted batch from index 545000 to 545500
2025-04-21 15:17:28.248  INFO 2132 --- [scheduling-1] com.indusind.scheduler.SchedulingClass   : Submitted batch from index 545500 to 546000
2025-04-21 15:17:28.248  INFO 2132 --- [scheduling-1] com.indusind.scheduler.SchedulingClass   : Submitted batch from index 546000 to 546500
2025-04-21 15:17:28.249  INFO 2132 --- [scheduling-1] com.indusind.scheduler.SchedulingClass   : Submitted batch from index 546500 to 547000
2025-04-21 15:17:28.249  INFO 2132 --- [scheduling-1] com.indusind.scheduler.SchedulingClass   : Submitted batch from index 547000 to 547500
2025-04-21 15:17:28.249  INFO 2132 --- [scheduling-1] com.indusind.scheduler.SchedulingClass   : Submitted batch from index 547500 to 548000
2025-04-21 15:17:28.249  INFO 2132 --- [scheduling-1] com.indusind.scheduler.SchedulingClass   : Submitted batch from index 548000 to 548500
2025-04-21 15:17:28.249  INFO 2132 --- [scheduling-1] com.indusind.scheduler.SchedulingClass   : Submitted batch from index 548500 to 549000
2025-04-21 15:17:28.249  INFO 2132 --- [scheduling-1] com.indusind.scheduler.SchedulingClass   : Submitted batch from index 549000 to 549500
2025-04-21 15:17:28.249  INFO 2132 --- [scheduling-1] com.indusind.scheduler.SchedulingClass   : Submitted batch from index 549500 to 550000
2025-04-21 15:17:28.249  INFO 2132 --- [scheduling-1] com.indusind.scheduler.SchedulingClass   : Submitted batch from index 550000 to 550500
2025-04-21 15:17:28.249  INFO 2132 --- [scheduling-1] com.indusind.scheduler.SchedulingClass   : Submitted batch from index 550500 to 551000
2025-04-21 15:17:28.249  INFO 2132 --- [scheduling-1] com.indusind.scheduler.SchedulingClass   : Submitted batch from index 551000 to 551500
2025-04-21 15:17:28.249  INFO 2132 --- [scheduling-1] com.indusind.scheduler.SchedulingClass   : Submitted batch from index 551500 to 552000
2025-04-21 15:17:28.249  INFO 2132 --- [scheduling-1] com.indusind.scheduler.SchedulingClass   : Submitted batch from index 552000 to 552500
2025-04-21 15:17:28.249  INFO 2132 --- [scheduling-1] com.indusind.scheduler.SchedulingClass   : Submitted batch from index 552500 to 553000
2025-04-21 15:17:28.249  INFO 2132 --- [scheduling-1] com.indusind.scheduler.SchedulingClass   : Submitted batch from index 553000 to 553500
2025-04-21 15:17:28.249  INFO 2132 --- [scheduling-1] com.indusind.scheduler.SchedulingClass   : Submitted batch from index 553500 to 554000
2025-04-21 15:17:28.249  INFO 2132 --- [scheduling-1] com.indusind.scheduler.SchedulingClass   : Submitted batch from index 554000 to 554500
2025-04-21 15:17:28.249  INFO 2132 --- [scheduling-1] com.indusind.scheduler.SchedulingClass   : Submitted batch from index 554500 to 555000
2025-04-21 15:17:28.249  INFO 2132 --- [scheduling-1] com.indusind.scheduler.SchedulingClass   : Submitted batch from index 555000 to 555500
2025-04-21 15:17:28.249  INFO 2132 --- [scheduling-1] com.indusind.scheduler.SchedulingClass   : Submitted batch from index 555500 to 556000
2025-04-21 15:17:28.249  INFO 2132 --- [scheduling-1] com.indusind.scheduler.SchedulingClass   : Submitted batch from index 556000 to 556500
2025-04-21 15:17:28.249  INFO 2132 --- [scheduling-1] com.indusind.scheduler.SchedulingClass   : Submitted batch from index 556500 to 557000
2025-04-21 15:17:28.249  INFO 2132 --- [scheduling-1] com.indusind.scheduler.SchedulingClass   : Submitted batch from index 557000 to 557500
2025-04-21 15:17:28.249  INFO 2132 --- [scheduling-1] com.indusind.scheduler.SchedulingClass   : Submitted batch from index 557500 to 558000
2025-04-21 15:17:28.249  INFO 2132 --- [scheduling-1] com.indusind.scheduler.SchedulingClass   : Submitted batch from index 558000 to 558500
2025-04-21 15:17:28.249  INFO 2132 --- [scheduling-1] com.indusind.scheduler.SchedulingClass   : Submitted batch from index 558500 to 559000
2025-04-21 15:17:28.249  INFO 2132 --- [scheduling-1] com.indusind.scheduler.SchedulingClass   : Submitted batch from index 559000 to 559500
2025-04-21 15:17:28.249  INFO 2132 --- [scheduling-1] com.indusind.scheduler.SchedulingClass   : Submitted batch from index 559500 to 560000
2025-04-21 15:17:28.250  INFO 2132 --- [scheduling-1] com.indusind.scheduler.SchedulingClass   : Submitted batch from index 560000 to 560500
2025-04-21 15:17:28.250  INFO 2132 --- [scheduling-1] com.indusind.scheduler.SchedulingClass   : Submitted batch from index 560500 to 561000
2025-04-21 15:17:28.250  INFO 2132 --- [scheduling-1] com.indusind.scheduler.SchedulingClass   : Submitted batch from index 561000 to 561500
2025-04-21 15:17:28.250  INFO 2132 --- [scheduling-1] com.indusind.scheduler.SchedulingClass   : Submitted batch from index 561500 to 562000
2025-04-21 15:17:28.250  INFO 2132 --- [scheduling-1] com.indusind.scheduler.SchedulingClass   : Submitted batch from index 562000 to 562500
2025-04-21 15:17:28.250  INFO 2132 --- [scheduling-1] com.indusind.scheduler.SchedulingClass   : Submitted batch from index 562500 to 563000
2025-04-21 15:17:28.250  INFO 2132 --- [scheduling-1] com.indusind.scheduler.SchedulingClass   : Submitted batch from index 563000 to 563500
2025-04-21 15:17:28.250  INFO 2132 --- [scheduling-1] com.indusind.scheduler.SchedulingClass   : Submitted batch from index 563500 to 564000
2025-04-21 15:17:28.250  INFO 2132 --- [scheduling-1] com.indusind.scheduler.SchedulingClass   : Submitted batch from index 564000 to 564500
2025-04-21 15:17:28.250  INFO 2132 --- [scheduling-1] com.indusind.scheduler.SchedulingClass   : Submitted batch from index 564500 to 565000
2025-04-21 15:17:28.250  INFO 2132 --- [scheduling-1] com.indusind.scheduler.SchedulingClass   : Submitted batch from index 565000 to 565500
2025-04-21 15:17:28.250  INFO 2132 --- [scheduling-1] com.indusind.scheduler.SchedulingClass   : Submitted batch from index 565500 to 566000
2025-04-21 15:17:28.250  INFO 2132 --- [scheduling-1] com.indusind.scheduler.SchedulingClass   : Submitted batch from index 566000 to 566500
2025-04-21 15:17:28.250  INFO 2132 --- [scheduling-1] com.indusind.scheduler.SchedulingClass   : Submitted batch from index 566500 to 567000
2025-04-21 15:17:28.250  INFO 2132 --- [scheduling-1] com.indusind.scheduler.SchedulingClass   : Submitted batch from index 567000 to 567500
2025-04-21 15:17:28.250  INFO 2132 --- [scheduling-1] com.indusind.scheduler.SchedulingClass   : Submitted batch from index 567500 to 568000
2025-04-21 15:17:28.250  INFO 2132 --- [scheduling-1] com.indusind.scheduler.SchedulingClass   : Submitted batch from index 568000 to 568500
2025-04-21 15:17:28.250  INFO 2132 --- [scheduling-1] com.indusind.scheduler.SchedulingClass   : Submitted batch from index 568500 to 569000
2025-04-21 15:17:28.250  INFO 2132 --- [scheduling-1] com.indusind.scheduler.SchedulingClass   : Submitted batch from index 569000 to 569500
2025-04-21 15:17:28.250  INFO 2132 --- [scheduling-1] com.indusind.scheduler.SchedulingClass   : Submitted batch from index 569500 to 570000
2025-04-21 15:17:28.250  INFO 2132 --- [scheduling-1] com.indusind.scheduler.SchedulingClass   : Submitted batch from index 570000 to 570500
2025-04-21 15:17:28.250  INFO 2132 --- [scheduling-1] com.indusind.scheduler.SchedulingClass   : Submitted batch from index 570500 to 571000
2025-04-21 15:17:28.250  INFO 2132 --- [scheduling-1] com.indusind.scheduler.SchedulingClass   : Submitted batch from index 571000 to 571500
2025-04-21 15:17:28.250  INFO 2132 --- [scheduling-1] com.indusind.scheduler.SchedulingClass   : Submitted batch from index 571500 to 572000
2025-04-21 15:17:28.250  INFO 2132 --- [scheduling-1] com.indusind.scheduler.SchedulingClass   : Submitted batch from index 572000 to 572500
2025-04-21 15:17:28.250  INFO 2132 --- [scheduling-1] com.indusind.scheduler.SchedulingClass   : Submitted batch from index 572500 to 573000
2025-04-21 15:17:28.250  INFO 2132 --- [scheduling-1] com.indusind.scheduler.SchedulingClass   : Submitted batch from index 573000 to 573500
2025-04-21 15:17:28.250  INFO 2132 --- [scheduling-1] com.indusind.scheduler.SchedulingClass   : Submitted batch from index 573500 to 574000
2025-04-21 15:17:28.250  INFO 2132 --- [scheduling-1] com.indusind.scheduler.SchedulingClass   : Submitted batch from index 574000 to 574500
2025-04-21 15:17:28.251  INFO 2132 --- [scheduling-1] com.indusind.scheduler.SchedulingClass   : Submitted batch from index 574500 to 575000
2025-04-21 15:17:28.251  INFO 2132 --- [scheduling-1] com.indusind.scheduler.SchedulingClass   : Submitted batch from index 575000 to 575500
2025-04-21 15:17:28.251  INFO 2132 --- [scheduling-1] com.indusind.scheduler.SchedulingClass   : Submitted batch from index 575500 to 576000
2025-04-21 15:17:28.251  INFO 2132 --- [scheduling-1] com.indusind.scheduler.SchedulingClass   : Submitted batch from index 576000 to 576500
2025-04-21 15:17:28.251  INFO 2132 --- [scheduling-1] com.indusind.scheduler.SchedulingClass   : Submitted batch from index 576500 to 577000
2025-04-21 15:17:28.251  INFO 2132 --- [scheduling-1] com.indusind.scheduler.SchedulingClass   : Submitted batch from index 577000 to 577500
2025-04-21 15:17:28.251  INFO 2132 --- [scheduling-1] com.indusind.scheduler.SchedulingClass   : Submitted batch from index 577500 to 578000
2025-04-21 15:17:28.251  INFO 2132 --- [scheduling-1] com.indusind.scheduler.SchedulingClass   : Submitted batch from index 578000 to 578500
2025-04-21 15:17:28.251  INFO 2132 --- [scheduling-1] com.indusind.scheduler.SchedulingClass   : Submitted batch from index 578500 to 579000
2025-04-21 15:17:28.251  INFO 2132 --- [scheduling-1] com.indusind.scheduler.SchedulingClass   : Submitted batch from index 579000 to 579500
2025-04-21 15:17:28.251  INFO 2132 --- [scheduling-1] com.indusind.scheduler.SchedulingClass   : Submitted batch from index 579500 to 580000
2025-04-21 15:17:28.251  INFO 2132 --- [scheduling-1] com.indusind.scheduler.SchedulingClass   : Submitted batch from index 580000 to 580500
2025-04-21 15:17:28.251  INFO 2132 --- [scheduling-1] com.indusind.scheduler.SchedulingClass   : Submitted batch from index 580500 to 581000
2025-04-21 15:17:28.251  INFO 2132 --- [scheduling-1] com.indusind.scheduler.SchedulingClass   : Submitted batch from index 581000 to 581500
2025-04-21 15:17:28.251  INFO 2132 --- [scheduling-1] com.indusind.scheduler.SchedulingClass   : Submitted batch from index 581500 to 582000
2025-04-21 15:17:28.251  INFO 2132 --- [scheduling-1] com.indusind.scheduler.SchedulingClass   : Submitted batch from index 582000 to 582500
2025-04-21 15:17:28.251  INFO 2132 --- [scheduling-1] com.indusind.scheduler.SchedulingClass   : Submitted batch from index 582500 to 583000
2025-04-21 15:17:28.251  INFO 2132 --- [scheduling-1] com.indusind.scheduler.SchedulingClass   : Submitted batch from index 583000 to 583500
2025-04-21 15:17:28.251  INFO 2132 --- [scheduling-1] com.indusind.scheduler.SchedulingClass   : Submitted batch from index 583500 to 584000
2025-04-21 15:17:28.251  INFO 2132 --- [scheduling-1] com.indusind.scheduler.SchedulingClass   : Submitted batch from index 584000 to 584500
2025-04-21 15:17:28.251  INFO 2132 --- [scheduling-1] com.indusind.scheduler.SchedulingClass   : Submitted batch from index 584500 to 585000
2025-04-21 15:17:28.251  INFO 2132 --- [scheduling-1] com.indusind.scheduler.SchedulingClass   : Submitted batch from index 585000 to 585500
2025-04-21 15:17:28.251  INFO 2132 --- [scheduling-1] com.indusind.scheduler.SchedulingClass   : Submitted batch from index 585500 to 586000
2025-04-21 15:17:28.251  INFO 2132 --- [scheduling-1] com.indusind.scheduler.SchedulingClass   : Submitted batch from index 586000 to 586500
2025-04-21 15:17:28.251  INFO 2132 --- [scheduling-1] com.indusind.scheduler.SchedulingClass   : Submitted batch from index 586500 to 587000
2025-04-21 15:17:28.251  INFO 2132 --- [scheduling-1] com.indusind.scheduler.SchedulingClass   : Submitted batch from index 587000 to 587500
2025-04-21 15:17:28.251  INFO 2132 --- [scheduling-1] com.indusind.scheduler.SchedulingClass   : Submitted batch from index 587500 to 588000
2025-04-21 15:17:28.251  INFO 2132 --- [scheduling-1] com.indusind.scheduler.SchedulingClass   : Submitted batch from index 588000 to 588500
2025-04-21 15:17:28.251  INFO 2132 --- [scheduling-1] com.indusind.scheduler.SchedulingClass   : Submitted batch from index 588500 to 589000
2025-04-21 15:17:28.251  INFO 2132 --- [scheduling-1] com.indusind.scheduler.SchedulingClass   : Submitted batch from index 589000 to 589500
2025-04-21 15:17:28.251  INFO 2132 --- [scheduling-1] com.indusind.scheduler.SchedulingClass   : Submitted batch from index 589500 to 590000
2025-04-21 15:17:28.251  INFO 2132 --- [scheduling-1] com.indusind.scheduler.SchedulingClass   : Submitted batch from index 590000 to 590500
2025-04-21 15:17:28.251  INFO 2132 --- [scheduling-1] com.indusind.scheduler.SchedulingClass   : Submitted batch from index 590500 to 591000
2025-04-21 15:17:28.251  INFO 2132 --- [scheduling-1] com.indusind.scheduler.SchedulingClass   : Submitted batch from index 591000 to 591500
2025-04-21 15:17:28.251  INFO 2132 --- [scheduling-1] com.indusind.scheduler.SchedulingClass   : Submitted batch from index 591500 to 592000
2025-04-21 15:17:28.252  INFO 2132 --- [scheduling-1] com.indusind.scheduler.SchedulingClass   : Submitted batch from index 592000 to 592500
2025-04-21 15:17:28.252  INFO 2132 --- [scheduling-1] com.indusind.scheduler.SchedulingClass   : Submitted batch from index 592500 to 593000
2025-04-21 15:17:28.252  INFO 2132 --- [scheduling-1] com.indusind.scheduler.SchedulingClass   : Submitted batch from index 593000 to 593500
2025-04-21 15:17:28.252  INFO 2132 --- [scheduling-1] com.indusind.scheduler.SchedulingClass   : Submitted batch from index 593500 to 594000
2025-04-21 15:17:28.252  INFO 2132 --- [scheduling-1] com.indusind.scheduler.SchedulingClass   : Submitted batch from index 594000 to 594500
2025-04-21 15:17:28.252  INFO 2132 --- [scheduling-1] com.indusind.scheduler.SchedulingClass   : Submitted batch from index 594500 to 595000
2025-04-21 15:17:28.252  INFO 2132 --- [scheduling-1] com.indusind.scheduler.SchedulingClass   : Submitted batch from index 595000 to 595500
2025-04-21 15:17:28.252  INFO 2132 --- [scheduling-1] com.indusind.scheduler.SchedulingClass   : Submitted batch from index 595500 to 596000
2025-04-21 15:17:28.252  INFO 2132 --- [scheduling-1] com.indusind.scheduler.SchedulingClass   : Submitted batch from index 596000 to 596500
2025-04-21 15:17:28.253  INFO 2132 --- [scheduling-1] com.indusind.scheduler.SchedulingClass   : Submitted batch from index 596500 to 597000
2025-04-21 15:17:28.254  INFO 2132 --- [scheduling-1] com.indusind.scheduler.SchedulingClass   : Submitted batch from index 597000 to 597500
2025-04-21 15:17:28.254  INFO 2132 --- [scheduling-1] com.indusind.scheduler.SchedulingClass   : Submitted batch from index 597500 to 598000
2025-04-21 15:17:28.254  INFO 2132 --- [scheduling-1] com.indusind.scheduler.SchedulingClass   : Submitted batch from index 598000 to 598500
2025-04-21 15:17:28.254  INFO 2132 --- [scheduling-1] com.indusind.scheduler.SchedulingClass   : Submitted batch from index 598500 to 599000
2025-04-21 15:17:28.254  INFO 2132 --- [scheduling-1] com.indusind.scheduler.SchedulingClass   : Submitted batch from index 599000 to 599500
2025-04-21 15:17:28.254  INFO 2132 --- [scheduling-1] com.indusind.scheduler.SchedulingClass   : Submitted batch from index 599500 to 600000
2025-04-21 15:17:28.254  INFO 2132 --- [scheduling-1] com.indusind.scheduler.SchedulingClass   : Submitted batch from index 600000 to 600500
2025-04-21 15:17:28.254  INFO 2132 --- [scheduling-1] com.indusind.scheduler.SchedulingClass   : Submitted batch from index 600500 to 601000
2025-04-21 15:17:28.254  INFO 2132 --- [scheduling-1] com.indusind.scheduler.SchedulingClass   : Submitted batch from index 601000 to 601500
2025-04-21 15:17:28.254  INFO 2132 --- [scheduling-1] com.indusind.scheduler.SchedulingClass   : Submitted batch from index 601500 to 602000
2025-04-21 15:17:28.254  INFO 2132 --- [scheduling-1] com.indusind.scheduler.SchedulingClass   : Submitted batch from index 602000 to 602500
2025-04-21 15:17:28.254  INFO 2132 --- [scheduling-1] com.indusind.scheduler.SchedulingClass   : Submitted batch from index 602500 to 603000
2025-04-21 15:17:28.254  INFO 2132 --- [scheduling-1] com.indusind.scheduler.SchedulingClass   : Submitted batch from index 603000 to 603500
2025-04-21 15:17:28.254  INFO 2132 --- [scheduling-1] com.indusind.scheduler.SchedulingClass   : Submitted batch from index 603500 to 604000
2025-04-21 15:17:28.254  INFO 2132 --- [scheduling-1] com.indusind.scheduler.SchedulingClass   : Submitted batch from index 604000 to 604500
2025-04-21 15:17:28.254  INFO 2132 --- [scheduling-1] com.indusind.scheduler.SchedulingClass   : Submitted batch from index 604500 to 605000
2025-04-21 15:17:28.254  INFO 2132 --- [scheduling-1] com.indusind.scheduler.SchedulingClass   : Submitted batch from index 605000 to 605500
2025-04-21 15:17:28.254  INFO 2132 --- [scheduling-1] com.indusind.scheduler.SchedulingClass   : Submitted batch from index 605500 to 606000
2025-04-21 15:17:28.255  INFO 2132 --- [scheduling-1] com.indusind.scheduler.SchedulingClass   : Submitted batch from index 606000 to 606500
2025-04-21 15:17:28.255  INFO 2132 --- [scheduling-1] com.indusind.scheduler.SchedulingClass   : Submitted batch from index 606500 to 607000
2025-04-21 15:17:28.255  INFO 2132 --- [scheduling-1] com.indusind.scheduler.SchedulingClass   : Submitted batch from index 607000 to 607500
2025-04-21 15:17:28.255  INFO 2132 --- [scheduling-1] com.indusind.scheduler.SchedulingClass   : Submitted batch from index 607500 to 608000
2025-04-21 15:17:28.255  INFO 2132 --- [scheduling-1] com.indusind.scheduler.SchedulingClass   : Submitted batch from index 608000 to 608500
2025-04-21 15:17:28.255  INFO 2132 --- [scheduling-1] com.indusind.scheduler.SchedulingClass   : Submitted batch from index 608500 to 609000
2025-04-21 15:17:28.255  INFO 2132 --- [scheduling-1] com.indusind.scheduler.SchedulingClass   : Submitted batch from index 609000 to 609500
2025-04-21 15:17:28.255  INFO 2132 --- [scheduling-1] com.indusind.scheduler.SchedulingClass   : Submitted batch from index 609500 to 610000
2025-04-21 15:17:28.255  INFO 2132 --- [scheduling-1] com.indusind.scheduler.SchedulingClass   : Submitted batch from index 610000 to 610500
2025-04-21 15:17:28.255  INFO 2132 --- [scheduling-1] com.indusind.scheduler.SchedulingClass   : Submitted batch from index 610500 to 611000
2025-04-21 15:17:28.255  INFO 2132 --- [scheduling-1] com.indusind.scheduler.SchedulingClass   : Submitted batch from index 611000 to 611500
2025-04-21 15:17:28.255  INFO 2132 --- [scheduling-1] com.indusind.scheduler.SchedulingClass   : Submitted batch from index 611500 to 612000
2025-04-21 15:17:28.255  INFO 2132 --- [scheduling-1] com.indusind.scheduler.SchedulingClass   : Submitted batch from index 612000 to 612500
2025-04-21 15:17:28.255  INFO 2132 --- [scheduling-1] com.indusind.scheduler.SchedulingClass   : Submitted batch from index 612500 to 613000
2025-04-21 15:17:28.255  INFO 2132 --- [scheduling-1] com.indusind.scheduler.SchedulingClass   : Submitted batch from index 613000 to 613500
2025-04-21 15:17:28.255  INFO 2132 --- [scheduling-1] com.indusind.scheduler.SchedulingClass   : Submitted batch from index 613500 to 614000
2025-04-21 15:17:28.255  INFO 2132 --- [scheduling-1] com.indusind.scheduler.SchedulingClass   : Submitted batch from index 614000 to 614500
2025-04-21 15:17:28.255  INFO 2132 --- [scheduling-1] com.indusind.scheduler.SchedulingClass   : Submitted batch from index 614500 to 615000
2025-04-21 15:17:28.255  INFO 2132 --- [scheduling-1] com.indusind.scheduler.SchedulingClass   : Submitted batch from index 615000 to 615500
2025-04-21 15:17:28.256  INFO 2132 --- [scheduling-1] com.indusind.scheduler.SchedulingClass   : Submitted batch from index 615500 to 616000
2025-04-21 15:17:28.256  INFO 2132 --- [scheduling-1] com.indusind.scheduler.SchedulingClass   : Submitted batch from index 616000 to 616500
2025-04-21 15:17:28.256  INFO 2132 --- [scheduling-1] com.indusind.scheduler.SchedulingClass   : Submitted batch from index 616500 to 617000
2025-04-21 15:17:28.256  INFO 2132 --- [scheduling-1] com.indusind.scheduler.SchedulingClass   : Submitted batch from index 617000 to 617500
2025-04-21 15:17:28.256  INFO 2132 --- [scheduling-1] com.indusind.scheduler.SchedulingClass   : Submitted batch from index 617500 to 618000
2025-04-21 15:17:28.256  INFO 2132 --- [scheduling-1] com.indusind.scheduler.SchedulingClass   : Submitted batch from index 618000 to 618500
2025-04-21 15:17:28.256  INFO 2132 --- [scheduling-1] com.indusind.scheduler.SchedulingClass   : Submitted batch from index 618500 to 619000
2025-04-21 15:17:28.256  INFO 2132 --- [scheduling-1] com.indusind.scheduler.SchedulingClass   : Submitted batch from index 619000 to 619500
2025-04-21 15:17:28.256  INFO 2132 --- [scheduling-1] com.indusind.scheduler.SchedulingClass   : Submitted batch from index 619500 to 620000
2025-04-21 15:17:28.256  INFO 2132 --- [scheduling-1] com.indusind.scheduler.SchedulingClass   : Submitted batch from index 620000 to 620500
2025-04-21 15:17:28.256  INFO 2132 --- [scheduling-1] com.indusind.scheduler.SchedulingClass   : Submitted batch from index 620500 to 621000
2025-04-21 15:17:28.256  INFO 2132 --- [scheduling-1] com.indusind.scheduler.SchedulingClass   : Submitted batch from index 621000 to 621500
2025-04-21 15:17:28.256  INFO 2132 --- [scheduling-1] com.indusind.scheduler.SchedulingClass   : Submitted batch from index 621500 to 622000
2025-04-21 15:17:28.256  INFO 2132 --- [scheduling-1] com.indusind.scheduler.SchedulingClass   : Submitted batch from index 622000 to 622500
2025-04-21 15:17:28.256  INFO 2132 --- [scheduling-1] com.indusind.scheduler.SchedulingClass   : Submitted batch from index 622500 to 623000
2025-04-21 15:17:28.256  INFO 2132 --- [scheduling-1] com.indusind.scheduler.SchedulingClass   : Submitted batch from index 623000 to 623500
2025-04-21 15:17:28.256  INFO 2132 --- [scheduling-1] com.indusind.scheduler.SchedulingClass   : Submitted batch from index 623500 to 624000
2025-04-21 15:17:28.256  INFO 2132 --- [scheduling-1] com.indusind.scheduler.SchedulingClass   : Submitted batch from index 624000 to 624500
2025-04-21 15:17:28.256  INFO 2132 --- [scheduling-1] com.indusind.scheduler.SchedulingClass   : Submitted batch from index 624500 to 625000
2025-04-21 15:17:28.256  INFO 2132 --- [scheduling-1] com.indusind.scheduler.SchedulingClass   : Submitted batch from index 625000 to 625500
2025-04-21 15:17:28.256  INFO 2132 --- [scheduling-1] com.indusind.scheduler.SchedulingClass   : Submitted batch from index 625500 to 626000
2025-04-21 15:17:28.256  INFO 2132 --- [scheduling-1] com.indusind.scheduler.SchedulingClass   : Submitted batch from index 626000 to 626500
2025-04-21 15:17:28.256  INFO 2132 --- [scheduling-1] com.indusind.scheduler.SchedulingClass   : Submitted batch from index 626500 to 627000
2025-04-21 15:17:28.256  INFO 2132 --- [scheduling-1] com.indusind.scheduler.SchedulingClass   : Submitted batch from index 627000 to 627500
2025-04-21 15:17:28.256  INFO 2132 --- [scheduling-1] com.indusind.scheduler.SchedulingClass   : Submitted batch from index 627500 to 628000
2025-04-21 15:17:28.256  INFO 2132 --- [scheduling-1] com.indusind.scheduler.SchedulingClass   : Submitted batch from index 628000 to 628500
2025-04-21 15:17:28.256  INFO 2132 --- [scheduling-1] com.indusind.scheduler.SchedulingClass   : Submitted batch from index 628500 to 629000
2025-04-21 15:17:28.256  INFO 2132 --- [scheduling-1] com.indusind.scheduler.SchedulingClass   : Submitted batch from index 629000 to 629500
2025-04-21 15:17:28.256  INFO 2132 --- [scheduling-1] com.indusind.scheduler.SchedulingClass   : Submitted batch from index 629500 to 630000
2025-04-21 15:17:28.256  INFO 2132 --- [scheduling-1] com.indusind.scheduler.SchedulingClass   : Submitted batch from index 630000 to 630500
2025-04-21 15:17:28.257  INFO 2132 --- [scheduling-1] com.indusind.scheduler.SchedulingClass   : Submitted batch from index 630500 to 631000
2025-04-21 15:17:28.257  INFO 2132 --- [scheduling-1] com.indusind.scheduler.SchedulingClass   : Submitted batch from index 631000 to 631500
2025-04-21 15:17:28.257  INFO 2132 --- [scheduling-1] com.indusind.scheduler.SchedulingClass   : Submitted batch from index 631500 to 632000
2025-04-21 15:17:28.257  INFO 2132 --- [scheduling-1] com.indusind.scheduler.SchedulingClass   : Submitted batch from index 632000 to 632500
2025-04-21 15:17:28.257  INFO 2132 --- [scheduling-1] com.indusind.scheduler.SchedulingClass   : Submitted batch from index 632500 to 633000
2025-04-21 15:17:28.257  INFO 2132 --- [scheduling-1] com.indusind.scheduler.SchedulingClass   : Submitted batch from index 633000 to 633500
2025-04-21 15:17:28.257  INFO 2132 --- [scheduling-1] com.indusind.scheduler.SchedulingClass   : Submitted batch from index 633500 to 634000
2025-04-21 15:17:28.257  INFO 2132 --- [scheduling-1] com.indusind.scheduler.SchedulingClass   : Submitted batch from index 634000 to 634500
2025-04-21 15:17:28.257  INFO 2132 --- [scheduling-1] com.indusind.scheduler.SchedulingClass   : Submitted batch from index 634500 to 635000
2025-04-21 15:17:28.257  INFO 2132 --- [scheduling-1] com.indusind.scheduler.SchedulingClass   : Submitted batch from index 635000 to 635500
2025-04-21 15:17:28.257  INFO 2132 --- [scheduling-1] com.indusind.scheduler.SchedulingClass   : Submitted batch from index 635500 to 636000
2025-04-21 15:17:28.257  INFO 2132 --- [scheduling-1] com.indusind.scheduler.SchedulingClass   : Submitted batch from index 636000 to 636500
2025-04-21 15:17:28.257  INFO 2132 --- [scheduling-1] com.indusind.scheduler.SchedulingClass   : Submitted batch from index 636500 to 637000
2025-04-21 15:17:28.257  INFO 2132 --- [scheduling-1] com.indusind.scheduler.SchedulingClass   : Submitted batch from index 637000 to 637500
2025-04-21 15:17:28.257  INFO 2132 --- [scheduling-1] com.indusind.scheduler.SchedulingClass   : Submitted batch from index 637500 to 638000
2025-04-21 15:17:28.257  INFO 2132 --- [scheduling-1] com.indusind.scheduler.SchedulingClass   : Submitted batch from index 638000 to 638500
2025-04-21 15:17:28.257  INFO 2132 --- [scheduling-1] com.indusind.scheduler.SchedulingClass   : Submitted batch from index 638500 to 639000
2025-04-21 15:17:28.257  INFO 2132 --- [scheduling-1] com.indusind.scheduler.SchedulingClass   : Submitted batch from index 639000 to 639500
2025-04-21 15:17:28.257  INFO 2132 --- [scheduling-1] com.indusind.scheduler.SchedulingClass   : Submitted batch from index 639500 to 640000
2025-04-21 15:17:28.257  INFO 2132 --- [scheduling-1] com.indusind.scheduler.SchedulingClass   : Submitted batch from index 640000 to 640500
2025-04-21 15:17:28.257  INFO 2132 --- [scheduling-1] com.indusind.scheduler.SchedulingClass   : Submitted batch from index 640500 to 641000
2025-04-21 15:17:28.257  INFO 2132 --- [scheduling-1] com.indusind.scheduler.SchedulingClass   : Submitted batch from index 641000 to 641500
2025-04-21 15:17:28.257  INFO 2132 --- [scheduling-1] com.indusind.scheduler.SchedulingClass   : Submitted batch from index 641500 to 642000
2025-04-21 15:17:28.257  INFO 2132 --- [scheduling-1] com.indusind.scheduler.SchedulingClass   : Submitted batch from index 642000 to 642500
2025-04-21 15:17:28.257  INFO 2132 --- [scheduling-1] com.indusind.scheduler.SchedulingClass   : Submitted batch from index 642500 to 643000
2025-04-21 15:17:28.257  INFO 2132 --- [scheduling-1] com.indusind.scheduler.SchedulingClass   : Submitted batch from index 643000 to 643500
2025-04-21 15:17:28.257  INFO 2132 --- [scheduling-1] com.indusind.scheduler.SchedulingClass   : Submitted batch from index 643500 to 644000
2025-04-21 15:17:28.258  INFO 2132 --- [scheduling-1] com.indusind.scheduler.SchedulingClass   : Submitted batch from index 644000 to 644500
2025-04-21 15:17:28.258  INFO 2132 --- [scheduling-1] com.indusind.scheduler.SchedulingClass   : Submitted batch from index 644500 to 645000
2025-04-21 15:17:28.259  INFO 2132 --- [scheduling-1] com.indusind.scheduler.SchedulingClass   : Submitted batch from index 645000 to 645500
2025-04-21 15:17:28.259  INFO 2132 --- [scheduling-1] com.indusind.scheduler.SchedulingClass   : Submitted batch from index 645500 to 646000
2025-04-21 15:17:28.259  INFO 2132 --- [scheduling-1] com.indusind.scheduler.SchedulingClass   : Submitted batch from index 646000 to 646500
2025-04-21 15:17:28.259  INFO 2132 --- [scheduling-1] com.indusind.scheduler.SchedulingClass   : Submitted batch from index 646500 to 647000
2025-04-21 15:17:28.259  INFO 2132 --- [scheduling-1] com.indusind.scheduler.SchedulingClass   : Submitted batch from index 647000 to 647500
2025-04-21 15:17:28.259  INFO 2132 --- [scheduling-1] com.indusind.scheduler.SchedulingClass   : Submitted batch from index 647500 to 648000
2025-04-21 15:17:28.259  INFO 2132 --- [scheduling-1] com.indusind.scheduler.SchedulingClass   : Submitted batch from index 648000 to 648500
2025-04-21 15:17:28.259  INFO 2132 --- [scheduling-1] com.indusind.scheduler.SchedulingClass   : Submitted batch from index 648500 to 649000
2025-04-21 15:17:28.259  INFO 2132 --- [scheduling-1] com.indusind.scheduler.SchedulingClass   : Submitted batch from index 649000 to 649500
2025-04-21 15:17:28.259  INFO 2132 --- [scheduling-1] com.indusind.scheduler.SchedulingClass   : Submitted batch from index 649500 to 650000
2025-04-21 15:17:28.259  INFO 2132 --- [scheduling-1] com.indusind.scheduler.SchedulingClass   : Submitted batch from index 650000 to 650500
2025-04-21 15:17:28.259  INFO 2132 --- [scheduling-1] com.indusind.scheduler.SchedulingClass   : Submitted batch from index 650500 to 651000
2025-04-21 15:17:28.259  INFO 2132 --- [scheduling-1] com.indusind.scheduler.SchedulingClass   : Submitted batch from index 651000 to 651500
2025-04-21 15:17:28.259  INFO 2132 --- [scheduling-1] com.indusind.scheduler.SchedulingClass   : Submitted batch from index 651500 to 652000
2025-04-21 15:17:28.259  INFO 2132 --- [scheduling-1] com.indusind.scheduler.SchedulingClass   : Submitted batch from index 652000 to 652500
2025-04-21 15:17:28.259  INFO 2132 --- [scheduling-1] com.indusind.scheduler.SchedulingClass   : Submitted batch from index 652500 to 653000
2025-04-21 15:17:28.259  INFO 2132 --- [scheduling-1] com.indusind.scheduler.SchedulingClass   : Submitted batch from index 653000 to 653500
2025-04-21 15:17:28.259  INFO 2132 --- [scheduling-1] com.indusind.scheduler.SchedulingClass   : Submitted batch from index 653500 to 654000
2025-04-21 15:17:28.259  INFO 2132 --- [scheduling-1] com.indusind.scheduler.SchedulingClass   : Submitted batch from index 654000 to 654500
2025-04-21 15:17:28.259  INFO 2132 --- [scheduling-1] com.indusind.scheduler.SchedulingClass   : Submitted batch from index 654500 to 655000
2025-04-21 15:17:28.259  INFO 2132 --- [scheduling-1] com.indusind.scheduler.SchedulingClass   : Submitted batch from index 655000 to 655500
2025-04-21 15:17:28.259  INFO 2132 --- [scheduling-1] com.indusind.scheduler.SchedulingClass   : Submitted batch from index 655500 to 656000
2025-04-21 15:17:28.259  INFO 2132 --- [scheduling-1] com.indusind.scheduler.SchedulingClass   : Submitted batch from index 656000 to 656500
2025-04-21 15:17:28.259  INFO 2132 --- [scheduling-1] com.indusind.scheduler.SchedulingClass   : Submitted batch from index 656500 to 657000
2025-04-21 15:17:28.259  INFO 2132 --- [scheduling-1] com.indusind.scheduler.SchedulingClass   : Submitted batch from index 657000 to 657500
2025-04-21 15:17:28.259  INFO 2132 --- [scheduling-1] com.indusind.scheduler.SchedulingClass   : Submitted batch from index 657500 to 658000
2025-04-21 15:17:28.259  INFO 2132 --- [scheduling-1] com.indusind.scheduler.SchedulingClass   : Submitted batch from index 658000 to 658500
2025-04-21 15:17:28.259  INFO 2132 --- [scheduling-1] com.indusind.scheduler.SchedulingClass   : Submitted batch from index 658500 to 659000
2025-04-21 15:17:28.259  INFO 2132 --- [scheduling-1] com.indusind.scheduler.SchedulingClass   : Submitted batch from index 659000 to 659500
2025-04-21 15:17:28.259  INFO 2132 --- [scheduling-1] com.indusind.scheduler.SchedulingClass   : Submitted batch from index 659500 to 660000
2025-04-21 15:17:28.259  INFO 2132 --- [scheduling-1] com.indusind.scheduler.SchedulingClass   : Submitted batch from index 660000 to 660500
2025-04-21 15:17:28.259  INFO 2132 --- [scheduling-1] com.indusind.scheduler.SchedulingClass   : Submitted batch from index 660500 to 661000
2025-04-21 15:17:28.259  INFO 2132 --- [scheduling-1] com.indusind.scheduler.SchedulingClass   : Submitted batch from index 661000 to 661500
2025-04-21 15:17:28.260  INFO 2132 --- [scheduling-1] com.indusind.scheduler.SchedulingClass   : Submitted batch from index 661500 to 662000
2025-04-21 15:17:28.260  INFO 2132 --- [scheduling-1] com.indusind.scheduler.SchedulingClass   : Submitted batch from index 662000 to 662500
2025-04-21 15:17:28.260  INFO 2132 --- [scheduling-1] com.indusind.scheduler.SchedulingClass   : Submitted batch from index 662500 to 663000
2025-04-21 15:17:28.260  INFO 2132 --- [scheduling-1] com.indusind.scheduler.SchedulingClass   : Submitted batch from index 663000 to 663500
2025-04-21 15:17:28.260  INFO 2132 --- [scheduling-1] com.indusind.scheduler.SchedulingClass   : Submitted batch from index 663500 to 664000
2025-04-21 15:17:28.260  INFO 2132 --- [scheduling-1] com.indusind.scheduler.SchedulingClass   : Submitted batch from index 664000 to 664500
2025-04-21 15:17:28.260  INFO 2132 --- [scheduling-1] com.indusind.scheduler.SchedulingClass   : Submitted batch from index 664500 to 665000
2025-04-21 15:17:28.260  INFO 2132 --- [scheduling-1] com.indusind.scheduler.SchedulingClass   : Submitted batch from index 665000 to 665500
2025-04-21 15:17:28.260  INFO 2132 --- [scheduling-1] com.indusind.scheduler.SchedulingClass   : Submitted batch from index 665500 to 666000
2025-04-21 15:17:28.260  INFO 2132 --- [scheduling-1] com.indusind.scheduler.SchedulingClass   : Submitted batch from index 666000 to 666500
2025-04-21 15:17:28.260  INFO 2132 --- [scheduling-1] com.indusind.scheduler.SchedulingClass   : Submitted batch from index 666500 to 667000
2025-04-21 15:17:28.260  INFO 2132 --- [scheduling-1] com.indusind.scheduler.SchedulingClass   : Submitted batch from index 667000 to 667500
2025-04-21 15:17:28.260  INFO 2132 --- [scheduling-1] com.indusind.scheduler.SchedulingClass   : Submitted batch from index 667500 to 668000
2025-04-21 15:17:28.260  INFO 2132 --- [scheduling-1] com.indusind.scheduler.SchedulingClass   : Submitted batch from index 668000 to 668500
2025-04-21 15:17:28.260  INFO 2132 --- [scheduling-1] com.indusind.scheduler.SchedulingClass   : Submitted batch from index 668500 to 669000
2025-04-21 15:17:28.260  INFO 2132 --- [scheduling-1] com.indusind.scheduler.SchedulingClass   : Submitted batch from index 669000 to 669500
2025-04-21 15:17:28.260  INFO 2132 --- [scheduling-1] com.indusind.scheduler.SchedulingClass   : Submitted batch from index 669500 to 670000
2025-04-21 15:17:28.260  INFO 2132 --- [scheduling-1] com.indusind.scheduler.SchedulingClass   : Submitted batch from index 670000 to 670500
2025-04-21 15:17:28.260  INFO 2132 --- [scheduling-1] com.indusind.scheduler.SchedulingClass   : Submitted batch from index 670500 to 671000
2025-04-21 15:17:28.261  INFO 2132 --- [scheduling-1] com.indusind.scheduler.SchedulingClass   : Submitted batch from index 671000 to 671500
2025-04-21 15:17:28.262  INFO 2132 --- [scheduling-1] com.indusind.scheduler.SchedulingClass   : Submitted batch from index 671500 to 672000
2025-04-21 15:17:28.262  INFO 2132 --- [scheduling-1] com.indusind.scheduler.SchedulingClass   : Submitted batch from index 672000 to 672500
2025-04-21 15:17:28.263  INFO 2132 --- [scheduling-1] com.indusind.scheduler.SchedulingClass   : Submitted batch from index 672500 to 673000
2025-04-21 15:17:28.263  INFO 2132 --- [scheduling-1] com.indusind.scheduler.SchedulingClass   : Submitted batch from index 673000 to 673500
2025-04-21 15:17:28.263  INFO 2132 --- [scheduling-1] com.indusind.scheduler.SchedulingClass   : Submitted batch from index 673500 to 674000
2025-04-21 15:17:28.263  INFO 2132 --- [scheduling-1] com.indusind.scheduler.SchedulingClass   : Submitted batch from index 674000 to 674500
2025-04-21 15:17:28.263  INFO 2132 --- [scheduling-1] com.indusind.scheduler.SchedulingClass   : Submitted batch from index 674500 to 675000
2025-04-21 15:17:28.263  INFO 2132 --- [scheduling-1] com.indusind.scheduler.SchedulingClass   : Submitted batch from index 675000 to 675500
2025-04-21 15:17:28.263  INFO 2132 --- [scheduling-1] com.indusind.scheduler.SchedulingClass   : Submitted batch from index 675500 to 676000
2025-04-21 15:17:28.263  INFO 2132 --- [scheduling-1] com.indusind.scheduler.SchedulingClass   : Submitted batch from index 676000 to 676500
2025-04-21 15:17:28.263  INFO 2132 --- [scheduling-1] com.indusind.scheduler.SchedulingClass   : Submitted batch from index 676500 to 677000
2025-04-21 15:17:28.263  INFO 2132 --- [scheduling-1] com.indusind.scheduler.SchedulingClass   : Submitted batch from index 677000 to 677500
2025-04-21 15:17:28.263  INFO 2132 --- [scheduling-1] com.indusind.scheduler.SchedulingClass   : Submitted batch from index 677500 to 678000
2025-04-21 15:17:28.263  INFO 2132 --- [scheduling-1] com.indusind.scheduler.SchedulingClass   : Submitted batch from index 678000 to 678500
2025-04-21 15:17:28.263  INFO 2132 --- [scheduling-1] com.indusind.scheduler.SchedulingClass   : Submitted batch from index 678500 to 679000
2025-04-21 15:17:28.263  INFO 2132 --- [scheduling-1] com.indusind.scheduler.SchedulingClass   : Submitted batch from index 679000 to 679500
2025-04-21 15:17:28.263  INFO 2132 --- [scheduling-1] com.indusind.scheduler.SchedulingClass   : Submitted batch from index 679500 to 680000
2025-04-21 15:17:28.263  INFO 2132 --- [scheduling-1] com.indusind.scheduler.SchedulingClass   : Submitted batch from index 680000 to 680500
2025-04-21 15:17:28.263  INFO 2132 --- [scheduling-1] com.indusind.scheduler.SchedulingClass   : Submitted batch from index 680500 to 681000
2025-04-21 15:17:28.263  INFO 2132 --- [scheduling-1] com.indusind.scheduler.SchedulingClass   : Submitted batch from index 681000 to 681500
2025-04-21 15:17:28.263  INFO 2132 --- [scheduling-1] com.indusind.scheduler.SchedulingClass   : Submitted batch from index 681500 to 682000
2025-04-21 15:17:28.263  INFO 2132 --- [scheduling-1] com.indusind.scheduler.SchedulingClass   : Submitted batch from index 682000 to 682500
2025-04-21 15:17:28.263  INFO 2132 --- [scheduling-1] com.indusind.scheduler.SchedulingClass   : Submitted batch from index 682500 to 683000
2025-04-21 15:17:28.263  INFO 2132 --- [scheduling-1] com.indusind.scheduler.SchedulingClass   : Submitted batch from index 683000 to 683500
2025-04-21 15:17:28.263  INFO 2132 --- [scheduling-1] com.indusind.scheduler.SchedulingClass   : Submitted batch from index 683500 to 684000
2025-04-21 15:17:28.263  INFO 2132 --- [scheduling-1] com.indusind.scheduler.SchedulingClass   : Submitted batch from index 684000 to 684500
2025-04-21 15:17:28.263  INFO 2132 --- [scheduling-1] com.indusind.scheduler.SchedulingClass   : Submitted batch from index 684500 to 685000
2025-04-21 15:17:28.263  INFO 2132 --- [scheduling-1] com.indusind.scheduler.SchedulingClass   : Submitted batch from index 685000 to 685500
2025-04-21 15:17:28.263  INFO 2132 --- [scheduling-1] com.indusind.scheduler.SchedulingClass   : Submitted batch from index 685500 to 686000
2025-04-21 15:17:28.263  INFO 2132 --- [scheduling-1] com.indusind.scheduler.SchedulingClass   : Submitted batch from index 686000 to 686500
2025-04-21 15:17:28.263  INFO 2132 --- [scheduling-1] com.indusind.scheduler.SchedulingClass   : Submitted batch from index 686500 to 687000
2025-04-21 15:17:28.263  INFO 2132 --- [scheduling-1] com.indusind.scheduler.SchedulingClass   : Submitted batch from index 687000 to 687500
2025-04-21 15:17:28.263  INFO 2132 --- [scheduling-1] com.indusind.scheduler.SchedulingClass   : Submitted batch from index 687500 to 688000
2025-04-21 15:17:28.263  INFO 2132 --- [scheduling-1] com.indusind.scheduler.SchedulingClass   : Submitted batch from index 688000 to 688500
2025-04-21 15:17:28.263  INFO 2132 --- [scheduling-1] com.indusind.scheduler.SchedulingClass   : Submitted batch from index 688500 to 689000
2025-04-21 15:17:28.263  INFO 2132 --- [scheduling-1] com.indusind.scheduler.SchedulingClass   : Submitted batch from index 689000 to 689500
2025-04-21 15:17:28.263  INFO 2132 --- [scheduling-1] com.indusind.scheduler.SchedulingClass   : Submitted batch from index 689500 to 690000
2025-04-21 15:17:28.263  INFO 2132 --- [scheduling-1] com.indusind.scheduler.SchedulingClass   : Submitted batch from index 690000 to 690500
2025-04-21 15:17:28.264  INFO 2132 --- [scheduling-1] com.indusind.scheduler.SchedulingClass   : Submitted batch from index 690500 to 691000
2025-04-21 15:17:28.264  INFO 2132 --- [scheduling-1] com.indusind.scheduler.SchedulingClass   : Submitted batch from index 691000 to 691500
2025-04-21 15:17:28.264  INFO 2132 --- [scheduling-1] com.indusind.scheduler.SchedulingClass   : Submitted batch from index 691500 to 692000
2025-04-21 15:17:28.264  INFO 2132 --- [scheduling-1] com.indusind.scheduler.SchedulingClass   : Submitted batch from index 692000 to 692500
2025-04-21 15:17:28.264  INFO 2132 --- [scheduling-1] com.indusind.scheduler.SchedulingClass   : Submitted batch from index 692500 to 693000
2025-04-21 15:17:28.264  INFO 2132 --- [scheduling-1] com.indusind.scheduler.SchedulingClass   : Submitted batch from index 693000 to 693500
2025-04-21 15:17:28.264  INFO 2132 --- [scheduling-1] com.indusind.scheduler.SchedulingClass   : Submitted batch from index 693500 to 694000
2025-04-21 15:17:28.264  INFO 2132 --- [scheduling-1] com.indusind.scheduler.SchedulingClass   : Submitted batch from index 694000 to 694500
2025-04-21 15:17:28.264  INFO 2132 --- [scheduling-1] com.indusind.scheduler.SchedulingClass   : Submitted batch from index 694500 to 695000
2025-04-21 15:17:28.264  INFO 2132 --- [scheduling-1] com.indusind.scheduler.SchedulingClass   : Submitted batch from index 695000 to 695500
2025-04-21 15:17:28.264  INFO 2132 --- [scheduling-1] com.indusind.scheduler.SchedulingClass   : Submitted batch from index 695500 to 696000
2025-04-21 15:17:28.264  INFO 2132 --- [scheduling-1] com.indusind.scheduler.SchedulingClass   : Submitted batch from index 696000 to 696500
2025-04-21 15:17:28.264  INFO 2132 --- [scheduling-1] com.indusind.scheduler.SchedulingClass   : Submitted batch from index 696500 to 697000
2025-04-21 15:17:28.264  INFO 2132 --- [scheduling-1] com.indusind.scheduler.SchedulingClass   : Submitted batch from index 697000 to 697500
2025-04-21 15:17:28.264  INFO 2132 --- [scheduling-1] com.indusind.scheduler.SchedulingClass   : Submitted batch from index 697500 to 698000
2025-04-21 15:17:28.264  INFO 2132 --- [scheduling-1] com.indusind.scheduler.SchedulingClass   : Submitted batch from index 698000 to 698500
2025-04-21 15:17:28.264  INFO 2132 --- [scheduling-1] com.indusind.scheduler.SchedulingClass   : Submitted batch from index 698500 to 699000
2025-04-21 15:17:28.264  INFO 2132 --- [scheduling-1] com.indusind.scheduler.SchedulingClass   : Submitted batch from index 699000 to 699500
2025-04-21 15:17:28.264  INFO 2132 --- [scheduling-1] com.indusind.scheduler.SchedulingClass   : Submitted batch from index 699500 to 700000
2025-04-21 15:17:28.264  INFO 2132 --- [scheduling-1] com.indusind.scheduler.SchedulingClass   : Submitted batch from index 700000 to 700500
2025-04-21 15:17:28.264  INFO 2132 --- [scheduling-1] com.indusind.scheduler.SchedulingClass   : Submitted batch from index 700500 to 701000
2025-04-21 15:17:28.264  INFO 2132 --- [scheduling-1] com.indusind.scheduler.SchedulingClass   : Submitted batch from index 701000 to 701500
2025-04-21 15:17:28.265  INFO 2132 --- [scheduling-1] com.indusind.scheduler.SchedulingClass   : Submitted batch from index 701500 to 702000
2025-04-21 15:17:28.265  INFO 2132 --- [scheduling-1] com.indusind.scheduler.SchedulingClass   : Submitted batch from index 702000 to 702500
2025-04-21 15:17:28.265  INFO 2132 --- [scheduling-1] com.indusind.scheduler.SchedulingClass   : Submitted batch from index 702500 to 703000
2025-04-21 15:17:28.265  INFO 2132 --- [scheduling-1] com.indusind.scheduler.SchedulingClass   : Submitted batch from index 703000 to 703500
2025-04-21 15:17:28.265  INFO 2132 --- [scheduling-1] com.indusind.scheduler.SchedulingClass   : Submitted batch from index 703500 to 704000
2025-04-21 15:17:28.265  INFO 2132 --- [scheduling-1] com.indusind.scheduler.SchedulingClass   : Submitted batch from index 704000 to 704500
2025-04-21 15:17:28.265  INFO 2132 --- [scheduling-1] com.indusind.scheduler.SchedulingClass   : Submitted batch from index 704500 to 705000
2025-04-21 15:17:28.265  INFO 2132 --- [scheduling-1] com.indusind.scheduler.SchedulingClass   : Submitted batch from index 705000 to 705500
2025-04-21 15:17:28.265  INFO 2132 --- [scheduling-1] com.indusind.scheduler.SchedulingClass   : Submitted batch from index 705500 to 706000
2025-04-21 15:17:28.265  INFO 2132 --- [scheduling-1] com.indusind.scheduler.SchedulingClass   : Submitted batch from index 706000 to 706500
2025-04-21 15:17:28.265  INFO 2132 --- [scheduling-1] com.indusind.scheduler.SchedulingClass   : Submitted batch from index 706500 to 707000
2025-04-21 15:17:28.265  INFO 2132 --- [scheduling-1] com.indusind.scheduler.SchedulingClass   : Submitted batch from index 707000 to 707500
2025-04-21 15:17:28.265  INFO 2132 --- [scheduling-1] com.indusind.scheduler.SchedulingClass   : Submitted batch from index 707500 to 708000
2025-04-21 15:17:28.265  INFO 2132 --- [scheduling-1] com.indusind.scheduler.SchedulingClass   : Submitted batch from index 708000 to 708500
2025-04-21 15:17:28.265  INFO 2132 --- [scheduling-1] com.indusind.scheduler.SchedulingClass   : Submitted batch from index 708500 to 709000
2025-04-21 15:17:28.265  INFO 2132 --- [scheduling-1] com.indusind.scheduler.SchedulingClass   : Submitted batch from index 709000 to 709500
2025-04-21 15:17:28.265  INFO 2132 --- [scheduling-1] com.indusind.scheduler.SchedulingClass   : Submitted batch from index 709500 to 710000
2025-04-21 15:17:28.265  INFO 2132 --- [scheduling-1] com.indusind.scheduler.SchedulingClass   : Submitted batch from index 710000 to 710500
2025-04-21 15:17:28.265  INFO 2132 --- [scheduling-1] com.indusind.scheduler.SchedulingClass   : Submitted batch from index 710500 to 711000
2025-04-21 15:17:28.265  INFO 2132 --- [scheduling-1] com.indusind.scheduler.SchedulingClass   : Submitted batch from index 711000 to 711500
2025-04-21 15:17:28.265  INFO 2132 --- [scheduling-1] com.indusind.scheduler.SchedulingClass   : Submitted batch from index 711500 to 712000
2025-04-21 15:17:28.265  INFO 2132 --- [scheduling-1] com.indusind.scheduler.SchedulingClass   : Submitted batch from index 712000 to 712500
2025-04-21 15:17:28.265  INFO 2132 --- [scheduling-1] com.indusind.scheduler.SchedulingClass   : Submitted batch from index 712500 to 713000
2025-04-21 15:17:28.265  INFO 2132 --- [scheduling-1] com.indusind.scheduler.SchedulingClass   : Submitted batch from index 713000 to 713500
2025-04-21 15:17:28.265  INFO 2132 --- [scheduling-1] com.indusind.scheduler.SchedulingClass   : Submitted batch from index 713500 to 714000
2025-04-21 15:17:28.265  INFO 2132 --- [scheduling-1] com.indusind.scheduler.SchedulingClass   : Submitted batch from index 714000 to 714500
2025-04-21 15:17:28.265  INFO 2132 --- [scheduling-1] com.indusind.scheduler.SchedulingClass   : Submitted batch from index 714500 to 715000
2025-04-21 15:17:28.265  INFO 2132 --- [scheduling-1] com.indusind.scheduler.SchedulingClass   : Submitted batch from index 715000 to 715500
2025-04-21 15:17:28.265  INFO 2132 --- [scheduling-1] com.indusind.scheduler.SchedulingClass   : Submitted batch from index 715500 to 716000
2025-04-21 15:17:28.265  INFO 2132 --- [scheduling-1] com.indusind.scheduler.SchedulingClass   : Submitted batch from index 716000 to 716500
2025-04-21 15:17:28.265  INFO 2132 --- [scheduling-1] com.indusind.scheduler.SchedulingClass   : Submitted batch from index 716500 to 717000
2025-04-21 15:17:28.265  INFO 2132 --- [scheduling-1] com.indusind.scheduler.SchedulingClass   : Submitted batch from index 717000 to 717500
2025-04-21 15:17:28.266  INFO 2132 --- [scheduling-1] com.indusind.scheduler.SchedulingClass   : Submitted batch from index 717500 to 718000
2025-04-21 15:17:28.266  INFO 2132 --- [scheduling-1] com.indusind.scheduler.SchedulingClass   : Submitted batch from index 718000 to 718500
2025-04-21 15:17:28.266  INFO 2132 --- [scheduling-1] com.indusind.scheduler.SchedulingClass   : Submitted batch from index 718500 to 719000
2025-04-21 15:17:28.266  INFO 2132 --- [scheduling-1] com.indusind.scheduler.SchedulingClass   : Submitted batch from index 719000 to 719500
2025-04-21 15:17:28.266  INFO 2132 --- [scheduling-1] com.indusind.scheduler.SchedulingClass   : Submitted batch from index 719500 to 720000
2025-04-21 15:17:28.266  INFO 2132 --- [scheduling-1] com.indusind.scheduler.SchedulingClass   : Submitted batch from index 720000 to 720500
2025-04-21 15:17:28.266  INFO 2132 --- [scheduling-1] com.indusind.scheduler.SchedulingClass   : Submitted batch from index 720500 to 721000
2025-04-21 15:17:28.266  INFO 2132 --- [scheduling-1] com.indusind.scheduler.SchedulingClass   : Submitted batch from index 721000 to 721500
2025-04-21 15:17:28.266  INFO 2132 --- [scheduling-1] com.indusind.scheduler.SchedulingClass   : Submitted batch from index 721500 to 722000
2025-04-21 15:17:28.266  INFO 2132 --- [scheduling-1] com.indusind.scheduler.SchedulingClass   : Submitted batch from index 722000 to 722500
2025-04-21 15:17:28.266  INFO 2132 --- [scheduling-1] com.indusind.scheduler.SchedulingClass   : Submitted batch from index 722500 to 723000
2025-04-21 15:17:28.266  INFO 2132 --- [scheduling-1] com.indusind.scheduler.SchedulingClass   : Submitted batch from index 723000 to 723500
2025-04-21 15:17:28.266  INFO 2132 --- [scheduling-1] com.indusind.scheduler.SchedulingClass   : Submitted batch from index 723500 to 724000
2025-04-21 15:17:28.266  INFO 2132 --- [scheduling-1] com.indusind.scheduler.SchedulingClass   : Submitted batch from index 724000 to 724500
2025-04-21 15:17:28.266  INFO 2132 --- [scheduling-1] com.indusind.scheduler.SchedulingClass   : Submitted batch from index 724500 to 725000
2025-04-21 15:17:28.266  INFO 2132 --- [scheduling-1] com.indusind.scheduler.SchedulingClass   : Submitted batch from index 725000 to 725500
2025-04-21 15:17:28.267  INFO 2132 --- [scheduling-1] com.indusind.scheduler.SchedulingClass   : Submitted batch from index 725500 to 726000
2025-04-21 15:17:28.267  INFO 2132 --- [scheduling-1] com.indusind.scheduler.SchedulingClass   : Submitted batch from index 726000 to 726500
2025-04-21 15:17:28.268  INFO 2132 --- [scheduling-1] com.indusind.scheduler.SchedulingClass   : Submitted batch from index 726500 to 727000
2025-04-21 15:17:28.268  INFO 2132 --- [scheduling-1] com.indusind.scheduler.SchedulingClass   : Submitted batch from index 727000 to 727500
2025-04-21 15:17:28.268  INFO 2132 --- [scheduling-1] com.indusind.scheduler.SchedulingClass   : Submitted batch from index 727500 to 728000
2025-04-21 15:17:28.268  INFO 2132 --- [scheduling-1] com.indusind.scheduler.SchedulingClass   : Submitted batch from index 728000 to 728500
2025-04-21 15:17:28.268  INFO 2132 --- [scheduling-1] com.indusind.scheduler.SchedulingClass   : Submitted batch from index 728500 to 729000
2025-04-21 15:17:28.268  INFO 2132 --- [scheduling-1] com.indusind.scheduler.SchedulingClass   : Submitted batch from index 729000 to 729500
2025-04-21 15:17:28.268  INFO 2132 --- [scheduling-1] com.indusind.scheduler.SchedulingClass   : Submitted batch from index 729500 to 730000
2025-04-21 15:17:28.268  INFO 2132 --- [scheduling-1] com.indusind.scheduler.SchedulingClass   : Submitted batch from index 730000 to 730500
2025-04-21 15:17:28.268  INFO 2132 --- [scheduling-1] com.indusind.scheduler.SchedulingClass   : Submitted batch from index 730500 to 731000
2025-04-21 15:17:28.268  INFO 2132 --- [scheduling-1] com.indusind.scheduler.SchedulingClass   : Submitted batch from index 731000 to 731500
2025-04-21 15:17:28.268  INFO 2132 --- [scheduling-1] com.indusind.scheduler.SchedulingClass   : Submitted batch from index 731500 to 732000
2025-04-21 15:17:28.268  INFO 2132 --- [scheduling-1] com.indusind.scheduler.SchedulingClass   : Submitted batch from index 732000 to 732500
2025-04-21 15:17:28.268  INFO 2132 --- [scheduling-1] com.indusind.scheduler.SchedulingClass   : Submitted batch from index 732500 to 733000
2025-04-21 15:17:28.268  INFO 2132 --- [scheduling-1] com.indusind.scheduler.SchedulingClass   : Submitted batch from index 733000 to 733500
2025-04-21 15:17:28.268  INFO 2132 --- [scheduling-1] com.indusind.scheduler.SchedulingClass   : Submitted batch from index 733500 to 734000
2025-04-21 15:17:28.268  INFO 2132 --- [scheduling-1] com.indusind.scheduler.SchedulingClass   : Submitted batch from index 734000 to 734500
2025-04-21 15:17:28.268  INFO 2132 --- [scheduling-1] com.indusind.scheduler.SchedulingClass   : Submitted batch from index 734500 to 735000
2025-04-21 15:17:28.270  INFO 2132 --- [scheduling-1] com.indusind.scheduler.SchedulingClass   : Submitted batch from index 735000 to 735500
2025-04-21 15:17:28.270  INFO 2132 --- [scheduling-1] com.indusind.scheduler.SchedulingClass   : Submitted batch from index 735500 to 736000
2025-04-21 15:17:28.270  INFO 2132 --- [scheduling-1] com.indusind.scheduler.SchedulingClass   : Submitted batch from index 736000 to 736500
2025-04-21 15:17:28.270  INFO 2132 --- [scheduling-1] com.indusind.scheduler.SchedulingClass   : Submitted batch from index 736500 to 737000
2025-04-21 15:17:28.270  INFO 2132 --- [scheduling-1] com.indusind.scheduler.SchedulingClass   : Submitted batch from index 737000 to 737500
2025-04-21 15:17:28.270  INFO 2132 --- [scheduling-1] com.indusind.scheduler.SchedulingClass   : Submitted batch from index 737500 to 738000
2025-04-21 15:17:28.270  INFO 2132 --- [scheduling-1] com.indusind.scheduler.SchedulingClass   : Submitted batch from index 738000 to 738500
2025-04-21 15:17:28.270  INFO 2132 --- [scheduling-1] com.indusind.scheduler.SchedulingClass   : Submitted batch from index 738500 to 739000
2025-04-21 15:17:28.270  INFO 2132 --- [scheduling-1] com.indusind.scheduler.SchedulingClass   : Submitted batch from index 739000 to 739500
2025-04-21 15:17:28.270  INFO 2132 --- [scheduling-1] com.indusind.scheduler.SchedulingClass   : Submitted batch from index 739500 to 740000
2025-04-21 15:17:28.270  INFO 2132 --- [scheduling-1] com.indusind.scheduler.SchedulingClass   : Submitted batch from index 740000 to 740500
2025-04-21 15:17:28.270  INFO 2132 --- [scheduling-1] com.indusind.scheduler.SchedulingClass   : Submitted batch from index 740500 to 741000
2025-04-21 15:17:28.270  INFO 2132 --- [scheduling-1] com.indusind.scheduler.SchedulingClass   : Submitted batch from index 741000 to 741500
2025-04-21 15:17:28.270  INFO 2132 --- [scheduling-1] com.indusind.scheduler.SchedulingClass   : Submitted batch from index 741500 to 742000
2025-04-21 15:17:28.270  INFO 2132 --- [scheduling-1] com.indusind.scheduler.SchedulingClass   : Submitted batch from index 742000 to 742500
2025-04-21 15:17:28.270  INFO 2132 --- [scheduling-1] com.indusind.scheduler.SchedulingClass   : Submitted batch from index 742500 to 743000
2025-04-21 15:17:28.270  INFO 2132 --- [scheduling-1] com.indusind.scheduler.SchedulingClass   : Submitted batch from index 743000 to 743500
2025-04-21 15:17:28.270  INFO 2132 --- [scheduling-1] com.indusind.scheduler.SchedulingClass   : Submitted batch from index 743500 to 744000
2025-04-21 15:17:28.270  INFO 2132 --- [scheduling-1] com.indusind.scheduler.SchedulingClass   : Submitted batch from index 744000 to 744500
2025-04-21 15:17:28.272  INFO 2132 --- [scheduling-1] com.indusind.scheduler.SchedulingClass   : Submitted batch from index 744500 to 745000
2025-04-21 15:17:28.272  INFO 2132 --- [scheduling-1] com.indusind.scheduler.SchedulingClass   : Submitted batch from index 745000 to 745500
2025-04-21 15:17:28.272  INFO 2132 --- [scheduling-1] com.indusind.scheduler.SchedulingClass   : Submitted batch from index 745500 to 746000
2025-04-21 15:17:28.272  INFO 2132 --- [scheduling-1] com.indusind.scheduler.SchedulingClass   : Submitted batch from index 746000 to 746500
2025-04-21 15:17:28.272  INFO 2132 --- [scheduling-1] com.indusind.scheduler.SchedulingClass   : Submitted batch from index 746500 to 747000
2025-04-21 15:17:28.272  INFO 2132 --- [scheduling-1] com.indusind.scheduler.SchedulingClass   : Submitted batch from index 747000 to 747500
2025-04-21 15:17:28.272  INFO 2132 --- [scheduling-1] com.indusind.scheduler.SchedulingClass   : Submitted batch from index 747500 to 748000
2025-04-21 15:17:28.272  INFO 2132 --- [scheduling-1] com.indusind.scheduler.SchedulingClass   : Submitted batch from index 748000 to 748500
2025-04-21 15:17:28.272  INFO 2132 --- [scheduling-1] com.indusind.scheduler.SchedulingClass   : Submitted batch from index 748500 to 749000
2025-04-21 15:17:28.272  INFO 2132 --- [scheduling-1] com.indusind.scheduler.SchedulingClass   : Submitted batch from index 749000 to 749500
2025-04-21 15:17:28.272  INFO 2132 --- [scheduling-1] com.indusind.scheduler.SchedulingClass   : Submitted batch from index 749500 to 750000
2025-04-21 15:17:28.272  INFO 2132 --- [scheduling-1] com.indusind.scheduler.SchedulingClass   : Submitted batch from index 750000 to 750500
2025-04-21 15:17:28.272  INFO 2132 --- [scheduling-1] com.indusind.scheduler.SchedulingClass   : Submitted batch from index 750500 to 751000
2025-04-21 15:17:28.272  INFO 2132 --- [scheduling-1] com.indusind.scheduler.SchedulingClass   : Submitted batch from index 751000 to 751500
2025-04-21 15:17:28.272  INFO 2132 --- [scheduling-1] com.indusind.scheduler.SchedulingClass   : Submitted batch from index 751500 to 752000
2025-04-21 15:17:28.272  INFO 2132 --- [scheduling-1] com.indusind.scheduler.SchedulingClass   : Submitted batch from index 752000 to 752500
2025-04-21 15:17:28.272  INFO 2132 --- [scheduling-1] com.indusind.scheduler.SchedulingClass   : Submitted batch from index 752500 to 753000
2025-04-21 15:17:28.272  INFO 2132 --- [scheduling-1] com.indusind.scheduler.SchedulingClass   : Submitted batch from index 753000 to 753500
2025-04-21 15:17:28.272  INFO 2132 --- [scheduling-1] com.indusind.scheduler.SchedulingClass   : Submitted batch from index 753500 to 754000
2025-04-21 15:17:28.272  INFO 2132 --- [scheduling-1] com.indusind.scheduler.SchedulingClass   : Submitted batch from index 754000 to 754500
2025-04-21 15:17:28.272  INFO 2132 --- [scheduling-1] com.indusind.scheduler.SchedulingClass   : Submitted batch from index 754500 to 755000
2025-04-21 15:17:28.272  INFO 2132 --- [scheduling-1] com.indusind.scheduler.SchedulingClass   : Submitted batch from index 755000 to 755500
2025-04-21 15:17:28.272  INFO 2132 --- [scheduling-1] com.indusind.scheduler.SchedulingClass   : Submitted batch from index 755500 to 756000
2025-04-21 15:17:28.275  INFO 2132 --- [scheduling-1] com.indusind.scheduler.SchedulingClass   : Submitted batch from index 756000 to 756500
2025-04-21 15:17:28.275  INFO 2132 --- [scheduling-1] com.indusind.scheduler.SchedulingClass   : Submitted batch from index 756500 to 757000
2025-04-21 15:17:28.275  INFO 2132 --- [scheduling-1] com.indusind.scheduler.SchedulingClass   : Submitted batch from index 757000 to 757500
2025-04-21 15:17:28.275  INFO 2132 --- [scheduling-1] com.indusind.scheduler.SchedulingClass   : Submitted batch from index 757500 to 758000
2025-04-21 15:17:28.275  INFO 2132 --- [scheduling-1] com.indusind.scheduler.SchedulingClass   : Submitted batch from index 758000 to 758500
2025-04-21 15:17:28.275  INFO 2132 --- [scheduling-1] com.indusind.scheduler.SchedulingClass   : Submitted batch from index 758500 to 759000
2025-04-21 15:17:28.275  INFO 2132 --- [scheduling-1] com.indusind.scheduler.SchedulingClass   : Submitted batch from index 759000 to 759500
2025-04-21 15:17:28.275  INFO 2132 --- [scheduling-1] com.indusind.scheduler.SchedulingClass   : Submitted batch from index 759500 to 760000
2025-04-21 15:17:28.275  INFO 2132 --- [scheduling-1] com.indusind.scheduler.SchedulingClass   : Submitted batch from index 760000 to 760500
2025-04-21 15:17:28.275  INFO 2132 --- [scheduling-1] com.indusind.scheduler.SchedulingClass   : Submitted batch from index 760500 to 761000
2025-04-21 15:17:28.275  INFO 2132 --- [scheduling-1] com.indusind.scheduler.SchedulingClass   : Submitted batch from index 761000 to 761500
2025-04-21 15:17:28.275  INFO 2132 --- [scheduling-1] com.indusind.scheduler.SchedulingClass   : Submitted batch from index 761500 to 762000
2025-04-21 15:17:28.275  INFO 2132 --- [scheduling-1] com.indusind.scheduler.SchedulingClass   : Submitted batch from index 762000 to 762500
2025-04-21 15:17:28.275  INFO 2132 --- [scheduling-1] com.indusind.scheduler.SchedulingClass   : Submitted batch from index 762500 to 763000
2025-04-21 15:17:28.275  INFO 2132 --- [scheduling-1] com.indusind.scheduler.SchedulingClass   : Submitted batch from index 763000 to 763500
2025-04-21 15:17:28.275  INFO 2132 --- [scheduling-1] com.indusind.scheduler.SchedulingClass   : Submitted batch from index 763500 to 764000
2025-04-21 15:17:28.275  INFO 2132 --- [scheduling-1] com.indusind.scheduler.SchedulingClass   : Submitted batch from index 764000 to 764500
2025-04-21 15:17:28.275  INFO 2132 --- [scheduling-1] com.indusind.scheduler.SchedulingClass   : Submitted batch from index 764500 to 765000
2025-04-21 15:17:28.275  INFO 2132 --- [scheduling-1] com.indusind.scheduler.SchedulingClass   : Submitted batch from index 765000 to 765500
2025-04-21 15:17:28.275  INFO 2132 --- [scheduling-1] com.indusind.scheduler.SchedulingClass   : Submitted batch from index 765500 to 766000
2025-04-21 15:17:28.275  INFO 2132 --- [scheduling-1] com.indusind.scheduler.SchedulingClass   : Submitted batch from index 766000 to 766500
2025-04-21 15:17:28.275  INFO 2132 --- [scheduling-1] com.indusind.scheduler.SchedulingClass   : Submitted batch from index 766500 to 767000
2025-04-21 15:17:28.275  INFO 2132 --- [scheduling-1] com.indusind.scheduler.SchedulingClass   : Submitted batch from index 767000 to 767500
2025-04-21 15:17:28.275  INFO 2132 --- [scheduling-1] com.indusind.scheduler.SchedulingClass   : Submitted batch from index 767500 to 768000
2025-04-21 15:17:28.275  INFO 2132 --- [scheduling-1] com.indusind.scheduler.SchedulingClass   : Submitted batch from index 768000 to 768500
2025-04-21 15:17:28.276  INFO 2132 --- [scheduling-1] com.indusind.scheduler.SchedulingClass   : Submitted batch from index 768500 to 769000
2025-04-21 15:17:28.276  INFO 2132 --- [scheduling-1] com.indusind.scheduler.SchedulingClass   : Submitted batch from index 769000 to 769500
2025-04-21 15:17:28.276  INFO 2132 --- [scheduling-1] com.indusind.scheduler.SchedulingClass   : Submitted batch from index 769500 to 770000
2025-04-21 15:17:28.276  INFO 2132 --- [scheduling-1] com.indusind.scheduler.SchedulingClass   : Submitted batch from index 770000 to 770500
2025-04-21 15:17:28.276  INFO 2132 --- [scheduling-1] com.indusind.scheduler.SchedulingClass   : Submitted batch from index 770500 to 771000
2025-04-21 15:17:28.276  INFO 2132 --- [scheduling-1] com.indusind.scheduler.SchedulingClass   : Submitted batch from index 771000 to 771500
2025-04-21 15:17:28.276  INFO 2132 --- [scheduling-1] com.indusind.scheduler.SchedulingClass   : Submitted batch from index 771500 to 772000
2025-04-21 15:17:28.276  INFO 2132 --- [scheduling-1] com.indusind.scheduler.SchedulingClass   : Submitted batch from index 772000 to 772500
2025-04-21 15:17:28.276  INFO 2132 --- [scheduling-1] com.indusind.scheduler.SchedulingClass   : Submitted batch from index 772500 to 773000
2025-04-21 15:17:28.276  INFO 2132 --- [scheduling-1] com.indusind.scheduler.SchedulingClass   : Submitted batch from index 773000 to 773500
2025-04-21 15:17:28.276  INFO 2132 --- [scheduling-1] com.indusind.scheduler.SchedulingClass   : Submitted batch from index 773500 to 774000
2025-04-21 15:17:28.276  INFO 2132 --- [scheduling-1] com.indusind.scheduler.SchedulingClass   : Submitted batch from index 774000 to 774500
2025-04-21 15:17:28.276  INFO 2132 --- [scheduling-1] com.indusind.scheduler.SchedulingClass   : Submitted batch from index 774500 to 775000
2025-04-21 15:17:28.276  INFO 2132 --- [scheduling-1] com.indusind.scheduler.SchedulingClass   : Submitted batch from index 775000 to 775500
2025-04-21 15:17:28.276  INFO 2132 --- [scheduling-1] com.indusind.scheduler.SchedulingClass   : Submitted batch from index 775500 to 776000
2025-04-21 15:17:28.276  INFO 2132 --- [scheduling-1] com.indusind.scheduler.SchedulingClass   : Submitted batch from index 776000 to 776500
2025-04-21 15:17:28.276  INFO 2132 --- [scheduling-1] com.indusind.scheduler.SchedulingClass   : Submitted batch from index 776500 to 777000
2025-04-21 15:17:28.276  INFO 2132 --- [scheduling-1] com.indusind.scheduler.SchedulingClass   : Submitted batch from index 777000 to 777500
2025-04-21 15:17:28.276  INFO 2132 --- [scheduling-1] com.indusind.scheduler.SchedulingClass   : Submitted batch from index 777500 to 778000
2025-04-21 15:17:28.276  INFO 2132 --- [scheduling-1] com.indusind.scheduler.SchedulingClass   : Submitted batch from index 778000 to 778500
2025-04-21 15:17:28.276  INFO 2132 --- [scheduling-1] com.indusind.scheduler.SchedulingClass   : Submitted batch from index 778500 to 779000
2025-04-21 15:17:28.276  INFO 2132 --- [scheduling-1] com.indusind.scheduler.SchedulingClass   : Submitted batch from index 779000 to 779500
2025-04-21 15:17:28.276  INFO 2132 --- [scheduling-1] com.indusind.scheduler.SchedulingClass   : Submitted batch from index 779500 to 780000
2025-04-21 15:17:28.276  INFO 2132 --- [scheduling-1] com.indusind.scheduler.SchedulingClass   : Submitted batch from index 780000 to 780500
2025-04-21 15:17:28.276  INFO 2132 --- [scheduling-1] com.indusind.scheduler.SchedulingClass   : Submitted batch from index 780500 to 781000
2025-04-21 15:17:28.276  INFO 2132 --- [scheduling-1] com.indusind.scheduler.SchedulingClass   : Submitted batch from index 781000 to 781500
2025-04-21 15:17:28.276  INFO 2132 --- [scheduling-1] com.indusind.scheduler.SchedulingClass   : Submitted batch from index 781500 to 782000
2025-04-21 15:17:28.276  INFO 2132 --- [scheduling-1] com.indusind.scheduler.SchedulingClass   : Submitted batch from index 782000 to 782500
2025-04-21 15:17:28.276  INFO 2132 --- [scheduling-1] com.indusind.scheduler.SchedulingClass   : Submitted batch from index 782500 to 783000
2025-04-21 15:17:28.276  INFO 2132 --- [scheduling-1] com.indusind.scheduler.SchedulingClass   : Submitted batch from index 783000 to 783500
2025-04-21 15:17:28.277  INFO 2132 --- [scheduling-1] com.indusind.scheduler.SchedulingClass   : Submitted batch from index 783500 to 784000
2025-04-21 15:17:28.277  INFO 2132 --- [scheduling-1] com.indusind.scheduler.SchedulingClass   : Submitted batch from index 784000 to 784500
2025-04-21 15:17:28.277  INFO 2132 --- [scheduling-1] com.indusind.scheduler.SchedulingClass   : Submitted batch from index 784500 to 785000
2025-04-21 15:17:28.277  INFO 2132 --- [scheduling-1] com.indusind.scheduler.SchedulingClass   : Submitted batch from index 785000 to 785500
2025-04-21 15:17:28.277  INFO 2132 --- [scheduling-1] com.indusind.scheduler.SchedulingClass   : Submitted batch from index 785500 to 786000
2025-04-21 15:17:28.277  INFO 2132 --- [scheduling-1] com.indusind.scheduler.SchedulingClass   : Submitted batch from index 786000 to 786500
2025-04-21 15:17:28.277  INFO 2132 --- [scheduling-1] com.indusind.scheduler.SchedulingClass   : Submitted batch from index 786500 to 787000
2025-04-21 15:17:28.277  INFO 2132 --- [scheduling-1] com.indusind.scheduler.SchedulingClass   : Submitted batch from index 787000 to 787500
2025-04-21 15:17:28.277  INFO 2132 --- [scheduling-1] com.indusind.scheduler.SchedulingClass   : Submitted batch from index 787500 to 788000
2025-04-21 15:17:28.277  INFO 2132 --- [scheduling-1] com.indusind.scheduler.SchedulingClass   : Submitted batch from index 788000 to 788500
2025-04-21 15:17:28.277  INFO 2132 --- [scheduling-1] com.indusind.scheduler.SchedulingClass   : Submitted batch from index 788500 to 789000
2025-04-21 15:17:28.277  INFO 2132 --- [scheduling-1] com.indusind.scheduler.SchedulingClass   : Submitted batch from index 789000 to 789500
2025-04-21 15:17:28.277  INFO 2132 --- [scheduling-1] com.indusind.scheduler.SchedulingClass   : Submitted batch from index 789500 to 790000
2025-04-21 15:17:28.277  INFO 2132 --- [scheduling-1] com.indusind.scheduler.SchedulingClass   : Submitted batch from index 790000 to 790500
2025-04-21 15:17:28.277  INFO 2132 --- [scheduling-1] com.indusind.scheduler.SchedulingClass   : Submitted batch from index 790500 to 791000
2025-04-21 15:17:28.277  INFO 2132 --- [scheduling-1] com.indusind.scheduler.SchedulingClass   : Submitted batch from index 791000 to 791500
2025-04-21 15:17:28.277  INFO 2132 --- [scheduling-1] com.indusind.scheduler.SchedulingClass   : Submitted batch from index 791500 to 792000
2025-04-21 15:17:28.277  INFO 2132 --- [scheduling-1] com.indusind.scheduler.SchedulingClass   : Submitted batch from index 792000 to 792500
2025-04-21 15:17:28.277  INFO 2132 --- [scheduling-1] com.indusind.scheduler.SchedulingClass   : Submitted batch from index 792500 to 793000
2025-04-21 15:17:28.277  INFO 2132 --- [scheduling-1] com.indusind.scheduler.SchedulingClass   : Submitted batch from index 793000 to 793500
2025-04-21 15:17:28.277  INFO 2132 --- [scheduling-1] com.indusind.scheduler.SchedulingClass   : Submitted batch from index 793500 to 794000
2025-04-21 15:17:28.277  INFO 2132 --- [scheduling-1] com.indusind.scheduler.SchedulingClass   : Submitted batch from index 794000 to 794500
2025-04-21 15:17:28.277  INFO 2132 --- [scheduling-1] com.indusind.scheduler.SchedulingClass   : Submitted batch from index 794500 to 795000
2025-04-21 15:17:28.277  INFO 2132 --- [scheduling-1] com.indusind.scheduler.SchedulingClass   : Submitted batch from index 795000 to 795500
2025-04-21 15:17:28.277  INFO 2132 --- [scheduling-1] com.indusind.scheduler.SchedulingClass   : Submitted batch from index 795500 to 796000
2025-04-21 15:17:28.277  INFO 2132 --- [scheduling-1] com.indusind.scheduler.SchedulingClass   : Submitted batch from index 796000 to 796500
2025-04-21 15:17:28.277  INFO 2132 --- [scheduling-1] com.indusind.scheduler.SchedulingClass   : Submitted batch from index 796500 to 797000
2025-04-21 15:17:28.277  INFO 2132 --- [scheduling-1] com.indusind.scheduler.SchedulingClass   : Submitted batch from index 797000 to 797500
2025-04-21 15:17:28.277  INFO 2132 --- [scheduling-1] com.indusind.scheduler.SchedulingClass   : Submitted batch from index 797500 to 798000
2025-04-21 15:17:28.277  INFO 2132 --- [scheduling-1] com.indusind.scheduler.SchedulingClass   : Submitted batch from index 798000 to 798500
2025-04-21 15:17:28.277  INFO 2132 --- [scheduling-1] com.indusind.scheduler.SchedulingClass   : Submitted batch from index 798500 to 799000
2025-04-21 15:17:28.277  INFO 2132 --- [scheduling-1] com.indusind.scheduler.SchedulingClass   : Submitted batch from index 799000 to 799500
2025-04-21 15:17:28.277  INFO 2132 --- [scheduling-1] com.indusind.scheduler.SchedulingClass   : Submitted batch from index 799500 to 800000
2025-04-21 15:17:28.277  INFO 2132 --- [scheduling-1] com.indusind.scheduler.SchedulingClass   : Submitted batch from index 800000 to 800500
2025-04-21 15:17:28.277  INFO 2132 --- [scheduling-1] com.indusind.scheduler.SchedulingClass   : Submitted batch from index 800500 to 801000
2025-04-21 15:17:28.277  INFO 2132 --- [scheduling-1] com.indusind.scheduler.SchedulingClass   : Submitted batch from index 801000 to 801500
2025-04-21 15:17:28.277  INFO 2132 --- [scheduling-1] com.indusind.scheduler.SchedulingClass   : Submitted batch from index 801500 to 802000
2025-04-21 15:17:28.277  INFO 2132 --- [scheduling-1] com.indusind.scheduler.SchedulingClass   : Submitted batch from index 802000 to 802500
2025-04-21 15:17:28.277  INFO 2132 --- [scheduling-1] com.indusind.scheduler.SchedulingClass   : Submitted batch from index 802500 to 803000
2025-04-21 15:17:28.277  INFO 2132 --- [scheduling-1] com.indusind.scheduler.SchedulingClass   : Submitted batch from index 803000 to 803500
2025-04-21 15:17:28.277  INFO 2132 --- [scheduling-1] com.indusind.scheduler.SchedulingClass   : Submitted batch from index 803500 to 804000
2025-04-21 15:17:28.277  INFO 2132 --- [scheduling-1] com.indusind.scheduler.SchedulingClass   : Submitted batch from index 804000 to 804500
2025-04-21 15:17:28.277  INFO 2132 --- [scheduling-1] com.indusind.scheduler.SchedulingClass   : Submitted batch from index 804500 to 805000
2025-04-21 15:17:28.277  INFO 2132 --- [scheduling-1] com.indusind.scheduler.SchedulingClass   : Submitted batch from index 805000 to 805500
2025-04-21 15:17:28.277  INFO 2132 --- [scheduling-1] com.indusind.scheduler.SchedulingClass   : Submitted batch from index 805500 to 806000
2025-04-21 15:17:28.277  INFO 2132 --- [scheduling-1] com.indusind.scheduler.SchedulingClass   : Submitted batch from index 806000 to 806500
2025-04-21 15:17:28.277  INFO 2132 --- [scheduling-1] com.indusind.scheduler.SchedulingClass   : Submitted batch from index 806500 to 807000
2025-04-21 15:17:28.278  INFO 2132 --- [scheduling-1] com.indusind.scheduler.SchedulingClass   : Submitted batch from index 807000 to 807500
2025-04-21 15:17:28.278  INFO 2132 --- [scheduling-1] com.indusind.scheduler.SchedulingClass   : Submitted batch from index 807500 to 808000
2025-04-21 15:17:28.278  INFO 2132 --- [scheduling-1] com.indusind.scheduler.SchedulingClass   : Submitted batch from index 808000 to 808500
2025-04-21 15:17:28.278  INFO 2132 --- [scheduling-1] com.indusind.scheduler.SchedulingClass   : Submitted batch from index 808500 to 809000
2025-04-21 15:17:28.278  INFO 2132 --- [scheduling-1] com.indusind.scheduler.SchedulingClass   : Submitted batch from index 809000 to 809500
2025-04-21 15:17:28.278  INFO 2132 --- [scheduling-1] com.indusind.scheduler.SchedulingClass   : Submitted batch from index 809500 to 810000
2025-04-21 15:17:28.278  INFO 2132 --- [scheduling-1] com.indusind.scheduler.SchedulingClass   : Submitted batch from index 810000 to 810500
2025-04-21 15:17:28.278  INFO 2132 --- [scheduling-1] com.indusind.scheduler.SchedulingClass   : Submitted batch from index 810500 to 811000
2025-04-21 15:17:28.278  INFO 2132 --- [scheduling-1] com.indusind.scheduler.SchedulingClass   : Submitted batch from index 811000 to 811500
2025-04-21 15:17:28.278  INFO 2132 --- [scheduling-1] com.indusind.scheduler.SchedulingClass   : Submitted batch from index 811500 to 812000
2025-04-21 15:17:28.278  INFO 2132 --- [scheduling-1] com.indusind.scheduler.SchedulingClass   : Submitted batch from index 812000 to 812500
2025-04-21 15:17:28.278  INFO 2132 --- [scheduling-1] com.indusind.scheduler.SchedulingClass   : Submitted batch from index 812500 to 813000
2025-04-21 15:17:28.278  INFO 2132 --- [scheduling-1] com.indusind.scheduler.SchedulingClass   : Submitted batch from index 813000 to 813500
2025-04-21 15:17:28.278  INFO 2132 --- [scheduling-1] com.indusind.scheduler.SchedulingClass   : Submitted batch from index 813500 to 814000
2025-04-21 15:17:28.279  INFO 2132 --- [scheduling-1] com.indusind.scheduler.SchedulingClass   : Submitted batch from index 814000 to 814500
2025-04-21 15:17:28.279  INFO 2132 --- [scheduling-1] com.indusind.scheduler.SchedulingClass   : Submitted batch from index 814500 to 815000
2025-04-21 15:17:28.279  INFO 2132 --- [scheduling-1] com.indusind.scheduler.SchedulingClass   : Submitted batch from index 815000 to 815500
2025-04-21 15:17:28.279  INFO 2132 --- [scheduling-1] com.indusind.scheduler.SchedulingClass   : Submitted batch from index 815500 to 816000
2025-04-21 15:17:28.279  INFO 2132 --- [scheduling-1] com.indusind.scheduler.SchedulingClass   : Submitted batch from index 816000 to 816500
2025-04-21 15:17:28.279  INFO 2132 --- [scheduling-1] com.indusind.scheduler.SchedulingClass   : Submitted batch from index 816500 to 817000
2025-04-21 15:17:28.279  INFO 2132 --- [scheduling-1] com.indusind.scheduler.SchedulingClass   : Submitted batch from index 817000 to 817500
2025-04-21 15:17:28.279  INFO 2132 --- [scheduling-1] com.indusind.scheduler.SchedulingClass   : Submitted batch from index 817500 to 818000
2025-04-21 15:17:28.279  INFO 2132 --- [scheduling-1] com.indusind.scheduler.SchedulingClass   : Submitted batch from index 818000 to 818500
2025-04-21 15:17:28.279  INFO 2132 --- [scheduling-1] com.indusind.scheduler.SchedulingClass   : Submitted batch from index 818500 to 819000
2025-04-21 15:17:28.279  INFO 2132 --- [scheduling-1] com.indusind.scheduler.SchedulingClass   : Submitted batch from index 819000 to 819500
2025-04-21 15:17:28.279  INFO 2132 --- [scheduling-1] com.indusind.scheduler.SchedulingClass   : Submitted batch from index 819500 to 820000
2025-04-21 15:17:28.279  INFO 2132 --- [scheduling-1] com.indusind.scheduler.SchedulingClass   : Submitted batch from index 820000 to 820500
2025-04-21 15:17:28.279  INFO 2132 --- [scheduling-1] com.indusind.scheduler.SchedulingClass   : Submitted batch from index 820500 to 821000
2025-04-21 15:17:28.279  INFO 2132 --- [scheduling-1] com.indusind.scheduler.SchedulingClass   : Submitted batch from index 821000 to 821500
2025-04-21 15:17:28.279  INFO 2132 --- [scheduling-1] com.indusind.scheduler.SchedulingClass   : Submitted batch from index 821500 to 822000
2025-04-21 15:17:28.279  INFO 2132 --- [scheduling-1] com.indusind.scheduler.SchedulingClass   : Submitted batch from index 822000 to 822500
2025-04-21 15:17:28.279  INFO 2132 --- [scheduling-1] com.indusind.scheduler.SchedulingClass   : Submitted batch from index 822500 to 823000
2025-04-21 15:17:28.279  INFO 2132 --- [scheduling-1] com.indusind.scheduler.SchedulingClass   : Submitted batch from index 823000 to 823500
2025-04-21 15:17:28.279  INFO 2132 --- [scheduling-1] com.indusind.scheduler.SchedulingClass   : Submitted batch from index 823500 to 824000
2025-04-21 15:17:28.279  INFO 2132 --- [scheduling-1] com.indusind.scheduler.SchedulingClass   : Submitted batch from index 824000 to 824500
2025-04-21 15:17:28.279  INFO 2132 --- [scheduling-1] com.indusind.scheduler.SchedulingClass   : Submitted batch from index 824500 to 825000
2025-04-21 15:17:28.280  INFO 2132 --- [scheduling-1] com.indusind.scheduler.SchedulingClass   : Submitted batch from index 825000 to 825500
2025-04-21 15:17:28.280  INFO 2132 --- [scheduling-1] com.indusind.scheduler.SchedulingClass   : Submitted batch from index 825500 to 826000
2025-04-21 15:17:28.280  INFO 2132 --- [scheduling-1] com.indusind.scheduler.SchedulingClass   : Submitted batch from index 826000 to 826500
2025-04-21 15:17:28.280  INFO 2132 --- [scheduling-1] com.indusind.scheduler.SchedulingClass   : Submitted batch from index 826500 to 827000
2025-04-21 15:17:28.280  INFO 2132 --- [scheduling-1] com.indusind.scheduler.SchedulingClass   : Submitted batch from index 827000 to 827500
2025-04-21 15:17:28.280  INFO 2132 --- [scheduling-1] com.indusind.scheduler.SchedulingClass   : Submitted batch from index 827500 to 828000
2025-04-21 15:17:28.280  INFO 2132 --- [scheduling-1] com.indusind.scheduler.SchedulingClass   : Submitted batch from index 828000 to 828500
2025-04-21 15:17:28.280  INFO 2132 --- [scheduling-1] com.indusind.scheduler.SchedulingClass   : Submitted batch from index 828500 to 829000
2025-04-21 15:17:28.280  INFO 2132 --- [scheduling-1] com.indusind.scheduler.SchedulingClass   : Submitted batch from index 829000 to 829500
2025-04-21 15:17:28.280  INFO 2132 --- [scheduling-1] com.indusind.scheduler.SchedulingClass   : Submitted batch from index 829500 to 830000
2025-04-21 15:17:28.280  INFO 2132 --- [scheduling-1] com.indusind.scheduler.SchedulingClass   : Submitted batch from index 830000 to 830500
2025-04-21 15:17:28.280  INFO 2132 --- [scheduling-1] com.indusind.scheduler.SchedulingClass   : Submitted batch from index 830500 to 831000
2025-04-21 15:17:28.280  INFO 2132 --- [scheduling-1] com.indusind.scheduler.SchedulingClass   : Submitted batch from index 831000 to 831500
2025-04-21 15:17:28.280  INFO 2132 --- [scheduling-1] com.indusind.scheduler.SchedulingClass   : Submitted batch from index 831500 to 832000
2025-04-21 15:17:28.280  INFO 2132 --- [scheduling-1] com.indusind.scheduler.SchedulingClass   : Submitted batch from index 832000 to 832500
2025-04-21 15:17:28.280  INFO 2132 --- [scheduling-1] com.indusind.scheduler.SchedulingClass   : Submitted batch from index 832500 to 833000
2025-04-21 15:17:28.280  INFO 2132 --- [scheduling-1] com.indusind.scheduler.SchedulingClass   : Submitted batch from index 833000 to 833500
2025-04-21 15:17:28.280  INFO 2132 --- [scheduling-1] com.indusind.scheduler.SchedulingClass   : Submitted batch from index 833500 to 834000
2025-04-21 15:17:28.280  INFO 2132 --- [scheduling-1] com.indusind.scheduler.SchedulingClass   : Submitted batch from index 834000 to 834500
2025-04-21 15:17:28.280  INFO 2132 --- [scheduling-1] com.indusind.scheduler.SchedulingClass   : Submitted batch from index 834500 to 835000
2025-04-21 15:17:28.280  INFO 2132 --- [scheduling-1] com.indusind.scheduler.SchedulingClass   : Submitted batch from index 835000 to 835500
2025-04-21 15:17:28.280  INFO 2132 --- [scheduling-1] com.indusind.scheduler.SchedulingClass   : Submitted batch from index 835500 to 836000
2025-04-21 15:17:28.281  INFO 2132 --- [scheduling-1] com.indusind.scheduler.SchedulingClass   : Submitted batch from index 836000 to 836500
2025-04-21 15:17:28.281  INFO 2132 --- [scheduling-1] com.indusind.scheduler.SchedulingClass   : Submitted batch from index 836500 to 837000
2025-04-21 15:17:28.281  INFO 2132 --- [scheduling-1] com.indusind.scheduler.SchedulingClass   : Submitted batch from index 837000 to 837500
2025-04-21 15:17:28.281  INFO 2132 --- [scheduling-1] com.indusind.scheduler.SchedulingClass   : Submitted batch from index 837500 to 838000
2025-04-21 15:17:28.281  INFO 2132 --- [scheduling-1] com.indusind.scheduler.SchedulingClass   : Submitted batch from index 838000 to 838500
2025-04-21 15:17:28.281  INFO 2132 --- [scheduling-1] com.indusind.scheduler.SchedulingClass   : Submitted batch from index 838500 to 839000
2025-04-21 15:17:28.281  INFO 2132 --- [scheduling-1] com.indusind.scheduler.SchedulingClass   : Submitted batch from index 839000 to 839500
2025-04-21 15:17:28.281  INFO 2132 --- [scheduling-1] com.indusind.scheduler.SchedulingClass   : Submitted batch from index 839500 to 840000
2025-04-21 15:17:28.281  INFO 2132 --- [scheduling-1] com.indusind.scheduler.SchedulingClass   : Submitted batch from index 840000 to 840500
2025-04-21 15:17:28.281  INFO 2132 --- [scheduling-1] com.indusind.scheduler.SchedulingClass   : Submitted batch from index 840500 to 841000
2025-04-21 15:17:28.281  INFO 2132 --- [scheduling-1] com.indusind.scheduler.SchedulingClass   : Submitted batch from index 841000 to 841500
2025-04-21 15:17:28.281  INFO 2132 --- [scheduling-1] com.indusind.scheduler.SchedulingClass   : Submitted batch from index 841500 to 842000
2025-04-21 15:17:28.281  INFO 2132 --- [scheduling-1] com.indusind.scheduler.SchedulingClass   : Submitted batch from index 842000 to 842500
2025-04-21 15:17:28.281  INFO 2132 --- [scheduling-1] com.indusind.scheduler.SchedulingClass   : Submitted batch from index 842500 to 843000
2025-04-21 15:17:28.281  INFO 2132 --- [scheduling-1] com.indusind.scheduler.SchedulingClass   : Submitted batch from index 843000 to 843500
2025-04-21 15:17:28.281  INFO 2132 --- [scheduling-1] com.indusind.scheduler.SchedulingClass   : Submitted batch from index 843500 to 844000
2025-04-21 15:17:28.281  INFO 2132 --- [scheduling-1] com.indusind.scheduler.SchedulingClass   : Submitted batch from index 844000 to 844500
2025-04-21 15:17:28.281  INFO 2132 --- [scheduling-1] com.indusind.scheduler.SchedulingClass   : Submitted batch from index 844500 to 845000
2025-04-21 15:17:28.281  INFO 2132 --- [scheduling-1] com.indusind.scheduler.SchedulingClass   : Submitted batch from index 845000 to 845500
2025-04-21 15:17:28.281  INFO 2132 --- [scheduling-1] com.indusind.scheduler.SchedulingClass   : Submitted batch from index 845500 to 846000
2025-04-21 15:17:28.281  INFO 2132 --- [scheduling-1] com.indusind.scheduler.SchedulingClass   : Submitted batch from index 846000 to 846500
2025-04-21 15:17:28.281  INFO 2132 --- [scheduling-1] com.indusind.scheduler.SchedulingClass   : Submitted batch from index 846500 to 847000
2025-04-21 15:17:28.281  INFO 2132 --- [scheduling-1] com.indusind.scheduler.SchedulingClass   : Submitted batch from index 847000 to 847500
2025-04-21 15:17:28.281  INFO 2132 --- [scheduling-1] com.indusind.scheduler.SchedulingClass   : Submitted batch from index 847500 to 848000
2025-04-21 15:17:28.281  INFO 2132 --- [scheduling-1] com.indusind.scheduler.SchedulingClass   : Submitted batch from index 848000 to 848500
2025-04-21 15:17:28.281  INFO 2132 --- [scheduling-1] com.indusind.scheduler.SchedulingClass   : Submitted batch from index 848500 to 849000
2025-04-21 15:17:28.281  INFO 2132 --- [scheduling-1] com.indusind.scheduler.SchedulingClass   : Submitted batch from index 849000 to 849500
2025-04-21 15:17:28.281  INFO 2132 --- [scheduling-1] com.indusind.scheduler.SchedulingClass   : Submitted batch from index 849500 to 850000
2025-04-21 15:17:28.281  INFO 2132 --- [scheduling-1] com.indusind.scheduler.SchedulingClass   : Submitted batch from index 850000 to 850500
2025-04-21 15:17:28.281  INFO 2132 --- [scheduling-1] com.indusind.scheduler.SchedulingClass   : Submitted batch from index 850500 to 851000
2025-04-21 15:17:28.281  INFO 2132 --- [scheduling-1] com.indusind.scheduler.SchedulingClass   : Submitted batch from index 851000 to 851500
2025-04-21 15:17:28.281  INFO 2132 --- [scheduling-1] com.indusind.scheduler.SchedulingClass   : Submitted batch from index 851500 to 852000
2025-04-21 15:17:28.282  INFO 2132 --- [scheduling-1] com.indusind.scheduler.SchedulingClass   : Submitted batch from index 852000 to 852500
2025-04-21 15:17:28.282  INFO 2132 --- [scheduling-1] com.indusind.scheduler.SchedulingClass   : Submitted batch from index 852500 to 853000
2025-04-21 15:17:28.282  INFO 2132 --- [scheduling-1] com.indusind.scheduler.SchedulingClass   : Submitted batch from index 853000 to 853500
2025-04-21 15:17:28.282  INFO 2132 --- [scheduling-1] com.indusind.scheduler.SchedulingClass   : Submitted batch from index 853500 to 854000
2025-04-21 15:17:28.282  INFO 2132 --- [scheduling-1] com.indusind.scheduler.SchedulingClass   : Submitted batch from index 854000 to 854500
2025-04-21 15:17:28.282  INFO 2132 --- [scheduling-1] com.indusind.scheduler.SchedulingClass   : Submitted batch from index 854500 to 855000
2025-04-21 15:17:28.282  INFO 2132 --- [scheduling-1] com.indusind.scheduler.SchedulingClass   : Submitted batch from index 855000 to 855500
2025-04-21 15:17:28.282  INFO 2132 --- [scheduling-1] com.indusind.scheduler.SchedulingClass   : Submitted batch from index 855500 to 856000
2025-04-21 15:17:28.282  INFO 2132 --- [scheduling-1] com.indusind.scheduler.SchedulingClass   : Submitted batch from index 856000 to 856500
2025-04-21 15:17:28.282  INFO 2132 --- [scheduling-1] com.indusind.scheduler.SchedulingClass   : Submitted batch from index 856500 to 857000
2025-04-21 15:17:28.282  INFO 2132 --- [scheduling-1] com.indusind.scheduler.SchedulingClass   : Submitted batch from index 857000 to 857500
2025-04-21 15:17:28.282  INFO 2132 --- [scheduling-1] com.indusind.scheduler.SchedulingClass   : Submitted batch from index 857500 to 858000
2025-04-21 15:17:28.282  INFO 2132 --- [scheduling-1] com.indusind.scheduler.SchedulingClass   : Submitted batch from index 858000 to 858500
2025-04-21 15:17:28.282  INFO 2132 --- [scheduling-1] com.indusind.scheduler.SchedulingClass   : Submitted batch from index 858500 to 859000
2025-04-21 15:17:28.282  INFO 2132 --- [scheduling-1] com.indusind.scheduler.SchedulingClass   : Submitted batch from index 859000 to 859500
2025-04-21 15:17:28.282  INFO 2132 --- [scheduling-1] com.indusind.scheduler.SchedulingClass   : Submitted batch from index 859500 to 860000
2025-04-21 15:17:28.282  INFO 2132 --- [scheduling-1] com.indusind.scheduler.SchedulingClass   : Submitted batch from index 860000 to 860500
2025-04-21 15:17:28.282  INFO 2132 --- [scheduling-1] com.indusind.scheduler.SchedulingClass   : Submitted batch from index 860500 to 861000
2025-04-21 15:17:28.282  INFO 2132 --- [scheduling-1] com.indusind.scheduler.SchedulingClass   : Submitted batch from index 861000 to 861500
2025-04-21 15:17:28.282  INFO 2132 --- [scheduling-1] com.indusind.scheduler.SchedulingClass   : Submitted batch from index 861500 to 862000
2025-04-21 15:17:28.282  INFO 2132 --- [scheduling-1] com.indusind.scheduler.SchedulingClass   : Submitted batch from index 862000 to 862500
2025-04-21 15:17:28.282  INFO 2132 --- [scheduling-1] com.indusind.scheduler.SchedulingClass   : Submitted batch from index 862500 to 863000
2025-04-21 15:17:28.282  INFO 2132 --- [scheduling-1] com.indusind.scheduler.SchedulingClass   : Submitted batch from index 863000 to 863500
2025-04-21 15:17:28.282  INFO 2132 --- [scheduling-1] com.indusind.scheduler.SchedulingClass   : Submitted batch from index 863500 to 864000
2025-04-21 15:17:28.282  INFO 2132 --- [scheduling-1] com.indusind.scheduler.SchedulingClass   : Submitted batch from index 864000 to 864500
2025-04-21 15:17:28.282  INFO 2132 --- [scheduling-1] com.indusind.scheduler.SchedulingClass   : Submitted batch from index 864500 to 865000
2025-04-21 15:17:28.282  INFO 2132 --- [scheduling-1] com.indusind.scheduler.SchedulingClass   : Submitted batch from index 865000 to 865500
2025-04-21 15:17:28.282  INFO 2132 --- [scheduling-1] com.indusind.scheduler.SchedulingClass   : Submitted batch from index 865500 to 866000
2025-04-21 15:17:28.282  INFO 2132 --- [scheduling-1] com.indusind.scheduler.SchedulingClass   : Submitted batch from index 866000 to 866500
2025-04-21 15:17:28.282  INFO 2132 --- [scheduling-1] com.indusind.scheduler.SchedulingClass   : Submitted batch from index 866500 to 867000
2025-04-21 15:17:28.282  INFO 2132 --- [scheduling-1] com.indusind.scheduler.SchedulingClass   : Submitted batch from index 867000 to 867500
2025-04-21 15:17:28.283  INFO 2132 --- [scheduling-1] com.indusind.scheduler.SchedulingClass   : Submitted batch from index 867500 to 868000
2025-04-21 15:17:28.283  INFO 2132 --- [scheduling-1] com.indusind.scheduler.SchedulingClass   : Submitted batch from index 868000 to 868500
2025-04-21 15:17:28.283  INFO 2132 --- [scheduling-1] com.indusind.scheduler.SchedulingClass   : Submitted batch from index 868500 to 869000
2025-04-21 15:17:28.283  INFO 2132 --- [scheduling-1] com.indusind.scheduler.SchedulingClass   : Submitted batch from index 869000 to 869500
2025-04-21 15:17:28.283  INFO 2132 --- [scheduling-1] com.indusind.scheduler.SchedulingClass   : Submitted batch from index 869500 to 870000
2025-04-21 15:17:28.283  INFO 2132 --- [scheduling-1] com.indusind.scheduler.SchedulingClass   : Submitted batch from index 870000 to 870500
2025-04-21 15:17:28.283  INFO 2132 --- [scheduling-1] com.indusind.scheduler.SchedulingClass   : Submitted batch from index 870500 to 871000
2025-04-21 15:17:28.283  INFO 2132 --- [scheduling-1] com.indusind.scheduler.SchedulingClass   : Submitted batch from index 871000 to 871500
2025-04-21 15:17:28.283  INFO 2132 --- [scheduling-1] com.indusind.scheduler.SchedulingClass   : Submitted batch from index 871500 to 872000
2025-04-21 15:17:28.283  INFO 2132 --- [scheduling-1] com.indusind.scheduler.SchedulingClass   : Submitted batch from index 872000 to 872500
2025-04-21 15:17:28.283  INFO 2132 --- [scheduling-1] com.indusind.scheduler.SchedulingClass   : Submitted batch from index 872500 to 873000
2025-04-21 15:17:28.283  INFO 2132 --- [scheduling-1] com.indusind.scheduler.SchedulingClass   : Submitted batch from index 873000 to 873500
2025-04-21 15:17:28.283  INFO 2132 --- [scheduling-1] com.indusind.scheduler.SchedulingClass   : Submitted batch from index 873500 to 874000
2025-04-21 15:17:28.283  INFO 2132 --- [scheduling-1] com.indusind.scheduler.SchedulingClass   : Submitted batch from index 874000 to 874500
2025-04-21 15:17:28.283  INFO 2132 --- [scheduling-1] com.indusind.scheduler.SchedulingClass   : Submitted batch from index 874500 to 875000
2025-04-21 15:17:28.283  INFO 2132 --- [scheduling-1] com.indusind.scheduler.SchedulingClass   : Submitted batch from index 875000 to 875500
2025-04-21 15:17:28.283  INFO 2132 --- [scheduling-1] com.indusind.scheduler.SchedulingClass   : Submitted batch from index 875500 to 876000
2025-04-21 15:17:28.283  INFO 2132 --- [scheduling-1] com.indusind.scheduler.SchedulingClass   : Submitted batch from index 876000 to 876500
2025-04-21 15:17:28.283  INFO 2132 --- [scheduling-1] com.indusind.scheduler.SchedulingClass   : Submitted batch from index 876500 to 877000
2025-04-21 15:17:28.283  INFO 2132 --- [scheduling-1] com.indusind.scheduler.SchedulingClass   : Submitted batch from index 877000 to 877500
2025-04-21 15:17:28.283  INFO 2132 --- [scheduling-1] com.indusind.scheduler.SchedulingClass   : Submitted batch from index 877500 to 878000
2025-04-21 15:17:28.283  INFO 2132 --- [scheduling-1] com.indusind.scheduler.SchedulingClass   : Submitted batch from index 878000 to 878500
2025-04-21 15:17:28.283  INFO 2132 --- [scheduling-1] com.indusind.scheduler.SchedulingClass   : Submitted batch from index 878500 to 879000
2025-04-21 15:17:28.283  INFO 2132 --- [scheduling-1] com.indusind.scheduler.SchedulingClass   : Submitted batch from index 879000 to 879500
2025-04-21 15:17:28.284  INFO 2132 --- [scheduling-1] com.indusind.scheduler.SchedulingClass   : Submitted batch from index 879500 to 880000
2025-04-21 15:17:28.284  INFO 2132 --- [scheduling-1] com.indusind.scheduler.SchedulingClass   : Submitted batch from index 880000 to 880500
2025-04-21 15:17:28.284  INFO 2132 --- [scheduling-1] com.indusind.scheduler.SchedulingClass   : Submitted batch from index 880500 to 881000
2025-04-21 15:17:28.284  INFO 2132 --- [scheduling-1] com.indusind.scheduler.SchedulingClass   : Submitted batch from index 881000 to 881500
2025-04-21 15:17:28.284  INFO 2132 --- [scheduling-1] com.indusind.scheduler.SchedulingClass   : Submitted batch from index 881500 to 882000
2025-04-21 15:17:28.284  INFO 2132 --- [scheduling-1] com.indusind.scheduler.SchedulingClass   : Submitted batch from index 882000 to 882500
2025-04-21 15:17:28.284  INFO 2132 --- [scheduling-1] com.indusind.scheduler.SchedulingClass   : Submitted batch from index 882500 to 883000
2025-04-21 15:17:28.284  INFO 2132 --- [scheduling-1] com.indusind.scheduler.SchedulingClass   : Submitted batch from index 883000 to 883500
2025-04-21 15:17:28.284  INFO 2132 --- [scheduling-1] com.indusind.scheduler.SchedulingClass   : Submitted batch from index 883500 to 884000
2025-04-21 15:17:28.284  INFO 2132 --- [scheduling-1] com.indusind.scheduler.SchedulingClass   : Submitted batch from index 884000 to 884500
2025-04-21 15:17:28.284  INFO 2132 --- [scheduling-1] com.indusind.scheduler.SchedulingClass   : Submitted batch from index 884500 to 885000
2025-04-21 15:17:28.284  INFO 2132 --- [scheduling-1] com.indusind.scheduler.SchedulingClass   : Submitted batch from index 885000 to 885500
2025-04-21 15:17:28.284  INFO 2132 --- [scheduling-1] com.indusind.scheduler.SchedulingClass   : Submitted batch from index 885500 to 886000
2025-04-21 15:17:28.284  INFO 2132 --- [scheduling-1] com.indusind.scheduler.SchedulingClass   : Submitted batch from index 886000 to 886500
2025-04-21 15:17:28.284  INFO 2132 --- [scheduling-1] com.indusind.scheduler.SchedulingClass   : Submitted batch from index 886500 to 887000
2025-04-21 15:17:28.284  INFO 2132 --- [scheduling-1] com.indusind.scheduler.SchedulingClass   : Submitted batch from index 887000 to 887500
2025-04-21 15:17:28.284  INFO 2132 --- [scheduling-1] com.indusind.scheduler.SchedulingClass   : Submitted batch from index 887500 to 888000
2025-04-21 15:17:28.284  INFO 2132 --- [scheduling-1] com.indusind.scheduler.SchedulingClass   : Submitted batch from index 888000 to 888500
2025-04-21 15:17:28.284  INFO 2132 --- [scheduling-1] com.indusind.scheduler.SchedulingClass   : Submitted batch from index 888500 to 889000
2025-04-21 15:17:28.284  INFO 2132 --- [scheduling-1] com.indusind.scheduler.SchedulingClass   : Submitted batch from index 889000 to 889500
2025-04-21 15:17:28.284  INFO 2132 --- [scheduling-1] com.indusind.scheduler.SchedulingClass   : Submitted batch from index 889500 to 890000
2025-04-21 15:17:28.284  INFO 2132 --- [scheduling-1] com.indusind.scheduler.SchedulingClass   : Submitted batch from index 890000 to 890500
2025-04-21 15:17:28.284  INFO 2132 --- [scheduling-1] com.indusind.scheduler.SchedulingClass   : Submitted batch from index 890500 to 891000
2025-04-21 15:17:28.284  INFO 2132 --- [scheduling-1] com.indusind.scheduler.SchedulingClass   : Submitted batch from index 891000 to 891500
2025-04-21 15:17:28.284  INFO 2132 --- [scheduling-1] com.indusind.scheduler.SchedulingClass   : Submitted batch from index 891500 to 892000
2025-04-21 15:17:28.284  INFO 2132 --- [scheduling-1] com.indusind.scheduler.SchedulingClass   : Submitted batch from index 892000 to 892500
2025-04-21 15:17:28.284  INFO 2132 --- [scheduling-1] com.indusind.scheduler.SchedulingClass   : Submitted batch from index 892500 to 893000
2025-04-21 15:17:28.284  INFO 2132 --- [scheduling-1] com.indusind.scheduler.SchedulingClass   : Submitted batch from index 893000 to 893500
2025-04-21 15:17:28.284  INFO 2132 --- [scheduling-1] com.indusind.scheduler.SchedulingClass   : Submitted batch from index 893500 to 894000
2025-04-21 15:17:28.284  INFO 2132 --- [scheduling-1] com.indusind.scheduler.SchedulingClass   : Submitted batch from index 894000 to 894500
2025-04-21 15:17:28.284  INFO 2132 --- [scheduling-1] com.indusind.scheduler.SchedulingClass   : Submitted batch from index 894500 to 895000
2025-04-21 15:17:28.284  INFO 2132 --- [scheduling-1] com.indusind.scheduler.SchedulingClass   : Submitted batch from index 895000 to 895500
2025-04-21 15:17:28.284  INFO 2132 --- [scheduling-1] com.indusind.scheduler.SchedulingClass   : Submitted batch from index 895500 to 896000
2025-04-21 15:17:28.285  INFO 2132 --- [scheduling-1] com.indusind.scheduler.SchedulingClass   : Submitted batch from index 896000 to 896500
2025-04-21 15:17:28.285  INFO 2132 --- [scheduling-1] com.indusind.scheduler.SchedulingClass   : Submitted batch from index 896500 to 897000
2025-04-21 15:17:28.285  INFO 2132 --- [scheduling-1] com.indusind.scheduler.SchedulingClass   : Submitted batch from index 897000 to 897500
2025-04-21 15:17:28.285  INFO 2132 --- [scheduling-1] com.indusind.scheduler.SchedulingClass   : Submitted batch from index 897500 to 898000
2025-04-21 15:17:28.285  INFO 2132 --- [scheduling-1] com.indusind.scheduler.SchedulingClass   : Submitted batch from index 898000 to 898500
2025-04-21 15:17:28.285  INFO 2132 --- [scheduling-1] com.indusind.scheduler.SchedulingClass   : Submitted batch from index 898500 to 899000
2025-04-21 15:17:28.285  INFO 2132 --- [scheduling-1] com.indusind.scheduler.SchedulingClass   : Submitted batch from index 899000 to 899500
2025-04-21 15:17:28.285  INFO 2132 --- [scheduling-1] com.indusind.scheduler.SchedulingClass   : Submitted batch from index 899500 to 900000
2025-04-21 15:17:28.285  INFO 2132 --- [scheduling-1] com.indusind.scheduler.SchedulingClass   : Submitted batch from index 900000 to 900500
2025-04-21 15:17:28.285  INFO 2132 --- [scheduling-1] com.indusind.scheduler.SchedulingClass   : Submitted batch from index 900500 to 901000
2025-04-21 15:17:28.285  INFO 2132 --- [scheduling-1] com.indusind.scheduler.SchedulingClass   : Submitted batch from index 901000 to 901500
2025-04-21 15:17:28.285  INFO 2132 --- [scheduling-1] com.indusind.scheduler.SchedulingClass   : Submitted batch from index 901500 to 902000
2025-04-21 15:17:28.285  INFO 2132 --- [scheduling-1] com.indusind.scheduler.SchedulingClass   : Submitted batch from index 902000 to 902500
2025-04-21 15:17:28.285  INFO 2132 --- [scheduling-1] com.indusind.scheduler.SchedulingClass   : Submitted batch from index 902500 to 903000
2025-04-21 15:17:28.285  INFO 2132 --- [scheduling-1] com.indusind.scheduler.SchedulingClass   : Submitted batch from index 903000 to 903500
2025-04-21 15:17:28.285  INFO 2132 --- [scheduling-1] com.indusind.scheduler.SchedulingClass   : Submitted batch from index 903500 to 904000
2025-04-21 15:17:28.285  INFO 2132 --- [scheduling-1] com.indusind.scheduler.SchedulingClass   : Submitted batch from index 904000 to 904500
2025-04-21 15:17:28.285  INFO 2132 --- [scheduling-1] com.indusind.scheduler.SchedulingClass   : Submitted batch from index 904500 to 905000
2025-04-21 15:17:28.285  INFO 2132 --- [scheduling-1] com.indusind.scheduler.SchedulingClass   : Submitted batch from index 905000 to 905500
2025-04-21 15:17:28.285  INFO 2132 --- [scheduling-1] com.indusind.scheduler.SchedulingClass   : Submitted batch from index 905500 to 906000
2025-04-21 15:17:28.285  INFO 2132 --- [scheduling-1] com.indusind.scheduler.SchedulingClass   : Submitted batch from index 906000 to 906500
2025-04-21 15:17:28.285  INFO 2132 --- [scheduling-1] com.indusind.scheduler.SchedulingClass   : Submitted batch from index 906500 to 907000
2025-04-21 15:17:28.285  INFO 2132 --- [scheduling-1] com.indusind.scheduler.SchedulingClass   : Submitted batch from index 907000 to 907500
2025-04-21 15:17:28.285  INFO 2132 --- [scheduling-1] com.indusind.scheduler.SchedulingClass   : Submitted batch from index 907500 to 908000
2025-04-21 15:17:28.285  INFO 2132 --- [scheduling-1] com.indusind.scheduler.SchedulingClass   : Submitted batch from index 908000 to 908500
2025-04-21 15:17:28.285  INFO 2132 --- [scheduling-1] com.indusind.scheduler.SchedulingClass   : Submitted batch from index 908500 to 909000
2025-04-21 15:17:28.285  INFO 2132 --- [scheduling-1] com.indusind.scheduler.SchedulingClass   : Submitted batch from index 909000 to 909500
2025-04-21 15:17:28.285  INFO 2132 --- [scheduling-1] com.indusind.scheduler.SchedulingClass   : Submitted batch from index 909500 to 910000
2025-04-21 15:17:28.285  INFO 2132 --- [scheduling-1] com.indusind.scheduler.SchedulingClass   : Submitted batch from index 910000 to 910500
2025-04-21 15:17:28.285  INFO 2132 --- [scheduling-1] com.indusind.scheduler.SchedulingClass   : Submitted batch from index 910500 to 911000
2025-04-21 15:17:28.285  INFO 2132 --- [scheduling-1] com.indusind.scheduler.SchedulingClass   : Submitted batch from index 911000 to 911500
2025-04-21 15:17:28.285  INFO 2132 --- [scheduling-1] com.indusind.scheduler.SchedulingClass   : Submitted batch from index 911500 to 912000
2025-04-21 15:17:28.285  INFO 2132 --- [scheduling-1] com.indusind.scheduler.SchedulingClass   : Submitted batch from index 912000 to 912500
2025-04-21 15:17:28.285  INFO 2132 --- [scheduling-1] com.indusind.scheduler.SchedulingClass   : Submitted batch from index 912500 to 913000
2025-04-21 15:17:28.285  INFO 2132 --- [scheduling-1] com.indusind.scheduler.SchedulingClass   : Submitted batch from index 913000 to 913500
2025-04-21 15:17:28.286  INFO 2132 --- [scheduling-1] com.indusind.scheduler.SchedulingClass   : Submitted batch from index 913500 to 914000
2025-04-21 15:17:28.286  INFO 2132 --- [scheduling-1] com.indusind.scheduler.SchedulingClass   : Submitted batch from index 914000 to 914500
2025-04-21 15:17:28.286  INFO 2132 --- [scheduling-1] com.indusind.scheduler.SchedulingClass   : Submitted batch from index 914500 to 915000
2025-04-21 15:17:28.286  INFO 2132 --- [scheduling-1] com.indusind.scheduler.SchedulingClass   : Submitted batch from index 915000 to 915500
2025-04-21 15:17:28.286  INFO 2132 --- [scheduling-1] com.indusind.scheduler.SchedulingClass   : Submitted batch from index 915500 to 916000
2025-04-21 15:17:28.286  INFO 2132 --- [scheduling-1] com.indusind.scheduler.SchedulingClass   : Submitted batch from index 916000 to 916500
2025-04-21 15:17:28.286  INFO 2132 --- [scheduling-1] com.indusind.scheduler.SchedulingClass   : Submitted batch from index 916500 to 917000
2025-04-21 15:17:28.286  INFO 2132 --- [scheduling-1] com.indusind.scheduler.SchedulingClass   : Submitted batch from index 917000 to 917500
2025-04-21 15:17:28.286  INFO 2132 --- [scheduling-1] com.indusind.scheduler.SchedulingClass   : Submitted batch from index 917500 to 918000
2025-04-21 15:17:28.286  INFO 2132 --- [scheduling-1] com.indusind.scheduler.SchedulingClass   : Submitted batch from index 918000 to 918500
2025-04-21 15:17:28.286  INFO 2132 --- [scheduling-1] com.indusind.scheduler.SchedulingClass   : Submitted batch from index 918500 to 919000
2025-04-21 15:17:28.286  INFO 2132 --- [scheduling-1] com.indusind.scheduler.SchedulingClass   : Submitted batch from index 919000 to 919500
2025-04-21 15:17:28.286  INFO 2132 --- [scheduling-1] com.indusind.scheduler.SchedulingClass   : Submitted batch from index 919500 to 920000
2025-04-21 15:17:28.286  INFO 2132 --- [scheduling-1] com.indusind.scheduler.SchedulingClass   : Submitted batch from index 920000 to 920500
2025-04-21 15:17:28.286  INFO 2132 --- [scheduling-1] com.indusind.scheduler.SchedulingClass   : Submitted batch from index 920500 to 921000
2025-04-21 15:17:28.286  INFO 2132 --- [scheduling-1] com.indusind.scheduler.SchedulingClass   : Submitted batch from index 921000 to 921500
2025-04-21 15:17:28.286  INFO 2132 --- [scheduling-1] com.indusind.scheduler.SchedulingClass   : Submitted batch from index 921500 to 922000
2025-04-21 15:17:28.286  INFO 2132 --- [scheduling-1] com.indusind.scheduler.SchedulingClass   : Submitted batch from index 922000 to 922500
2025-04-21 15:17:28.286  INFO 2132 --- [scheduling-1] com.indusind.scheduler.SchedulingClass   : Submitted batch from index 922500 to 923000
2025-04-21 15:17:28.286  INFO 2132 --- [scheduling-1] com.indusind.scheduler.SchedulingClass   : Submitted batch from index 923000 to 923500
2025-04-21 15:17:28.286  INFO 2132 --- [scheduling-1] com.indusind.scheduler.SchedulingClass   : Submitted batch from index 923500 to 924000
2025-04-21 15:17:28.286  INFO 2132 --- [scheduling-1] com.indusind.scheduler.SchedulingClass   : Submitted batch from index 924000 to 924500
2025-04-21 15:17:28.286  INFO 2132 --- [scheduling-1] com.indusind.scheduler.SchedulingClass   : Submitted batch from index 924500 to 925000
2025-04-21 15:17:28.286  INFO 2132 --- [scheduling-1] com.indusind.scheduler.SchedulingClass   : Submitted batch from index 925000 to 925500
2025-04-21 15:17:28.286  INFO 2132 --- [scheduling-1] com.indusind.scheduler.SchedulingClass   : Submitted batch from index 925500 to 926000
2025-04-21 15:17:28.286  INFO 2132 --- [scheduling-1] com.indusind.scheduler.SchedulingClass   : Submitted batch from index 926000 to 926500
2025-04-21 15:17:28.286  INFO 2132 --- [scheduling-1] com.indusind.scheduler.SchedulingClass   : Submitted batch from index 926500 to 927000
2025-04-21 15:17:28.286  INFO 2132 --- [scheduling-1] com.indusind.scheduler.SchedulingClass   : Submitted batch from index 927000 to 927500
2025-04-21 15:17:28.286  INFO 2132 --- [scheduling-1] com.indusind.scheduler.SchedulingClass   : Submitted batch from index 927500 to 928000
2025-04-21 15:17:28.286  INFO 2132 --- [scheduling-1] com.indusind.scheduler.SchedulingClass   : Submitted batch from index 928000 to 928500
2025-04-21 15:17:28.286  INFO 2132 --- [scheduling-1] com.indusind.scheduler.SchedulingClass   : Submitted batch from index 928500 to 929000
2025-04-21 15:17:28.286  INFO 2132 --- [scheduling-1] com.indusind.scheduler.SchedulingClass   : Submitted batch from index 929000 to 929500
2025-04-21 15:17:28.286  INFO 2132 --- [scheduling-1] com.indusind.scheduler.SchedulingClass   : Submitted batch from index 929500 to 930000
2025-04-21 15:17:28.286  INFO 2132 --- [scheduling-1] com.indusind.scheduler.SchedulingClass   : Submitted batch from index 930000 to 930500
2025-04-21 15:17:28.286  INFO 2132 --- [scheduling-1] com.indusind.scheduler.SchedulingClass   : Submitted batch from index 930500 to 931000
2025-04-21 15:17:28.286  INFO 2132 --- [scheduling-1] com.indusind.scheduler.SchedulingClass   : Submitted batch from index 931000 to 931500
2025-04-21 15:17:28.286  INFO 2132 --- [scheduling-1] com.indusind.scheduler.SchedulingClass   : Submitted batch from index 931500 to 932000
2025-04-21 15:17:28.286  INFO 2132 --- [scheduling-1] com.indusind.scheduler.SchedulingClass   : Submitted batch from index 932000 to 932500
2025-04-21 15:17:28.287  INFO 2132 --- [scheduling-1] com.indusind.scheduler.SchedulingClass   : Submitted batch from index 932500 to 933000
2025-04-21 15:17:28.287  INFO 2132 --- [scheduling-1] com.indusind.scheduler.SchedulingClass   : Submitted batch from index 933000 to 933500
2025-04-21 15:17:28.287  INFO 2132 --- [scheduling-1] com.indusind.scheduler.SchedulingClass   : Submitted batch from index 933500 to 934000
2025-04-21 15:17:28.287  INFO 2132 --- [scheduling-1] com.indusind.scheduler.SchedulingClass   : Submitted batch from index 934000 to 934500
2025-04-21 15:17:28.287  INFO 2132 --- [scheduling-1] com.indusind.scheduler.SchedulingClass   : Submitted batch from index 934500 to 935000
2025-04-21 15:17:28.287  INFO 2132 --- [scheduling-1] com.indusind.scheduler.SchedulingClass   : Submitted batch from index 935000 to 935500
2025-04-21 15:17:28.287  INFO 2132 --- [scheduling-1] com.indusind.scheduler.SchedulingClass   : Submitted batch from index 935500 to 936000
2025-04-21 15:17:28.287  INFO 2132 --- [scheduling-1] com.indusind.scheduler.SchedulingClass   : Submitted batch from index 936000 to 936500
2025-04-21 15:17:28.287  INFO 2132 --- [scheduling-1] com.indusind.scheduler.SchedulingClass   : Submitted batch from index 936500 to 937000
2025-04-21 15:17:28.287  INFO 2132 --- [scheduling-1] com.indusind.scheduler.SchedulingClass   : Submitted batch from index 937000 to 937500
2025-04-21 15:17:28.287  INFO 2132 --- [scheduling-1] com.indusind.scheduler.SchedulingClass   : Submitted batch from index 937500 to 938000
2025-04-21 15:17:28.287  INFO 2132 --- [scheduling-1] com.indusind.scheduler.SchedulingClass   : Submitted batch from index 938000 to 938500
2025-04-21 15:17:28.287  INFO 2132 --- [scheduling-1] com.indusind.scheduler.SchedulingClass   : Submitted batch from index 938500 to 939000
2025-04-21 15:17:28.287  INFO 2132 --- [scheduling-1] com.indusind.scheduler.SchedulingClass   : Submitted batch from index 939000 to 939500
2025-04-21 15:17:28.287  INFO 2132 --- [scheduling-1] com.indusind.scheduler.SchedulingClass   : Submitted batch from index 939500 to 940000
2025-04-21 15:17:28.287  INFO 2132 --- [scheduling-1] com.indusind.scheduler.SchedulingClass   : Submitted batch from index 940000 to 940500
2025-04-21 15:17:28.287  INFO 2132 --- [scheduling-1] com.indusind.scheduler.SchedulingClass   : Submitted batch from index 940500 to 941000
2025-04-21 15:17:28.287  INFO 2132 --- [scheduling-1] com.indusind.scheduler.SchedulingClass   : Submitted batch from index 941000 to 941500
2025-04-21 15:17:28.287  INFO 2132 --- [scheduling-1] com.indusind.scheduler.SchedulingClass   : Submitted batch from index 941500 to 942000
2025-04-21 15:17:28.287  INFO 2132 --- [scheduling-1] com.indusind.scheduler.SchedulingClass   : Submitted batch from index 942000 to 942500
2025-04-21 15:17:28.287  INFO 2132 --- [scheduling-1] com.indusind.scheduler.SchedulingClass   : Submitted batch from index 942500 to 943000
2025-04-21 15:17:28.287  INFO 2132 --- [scheduling-1] com.indusind.scheduler.SchedulingClass   : Submitted batch from index 943000 to 943500
2025-04-21 15:17:28.287  INFO 2132 --- [scheduling-1] com.indusind.scheduler.SchedulingClass   : Submitted batch from index 943500 to 944000
2025-04-21 15:17:28.287  INFO 2132 --- [scheduling-1] com.indusind.scheduler.SchedulingClass   : Submitted batch from index 944000 to 944500
2025-04-21 15:17:28.287  INFO 2132 --- [scheduling-1] com.indusind.scheduler.SchedulingClass   : Submitted batch from index 944500 to 945000
2025-04-21 15:17:28.287  INFO 2132 --- [scheduling-1] com.indusind.scheduler.SchedulingClass   : Submitted batch from index 945000 to 945500
2025-04-21 15:17:28.287  INFO 2132 --- [scheduling-1] com.indusind.scheduler.SchedulingClass   : Submitted batch from index 945500 to 946000
2025-04-21 15:17:28.287  INFO 2132 --- [scheduling-1] com.indusind.scheduler.SchedulingClass   : Submitted batch from index 946000 to 946500
2025-04-21 15:17:28.287  INFO 2132 --- [scheduling-1] com.indusind.scheduler.SchedulingClass   : Submitted batch from index 946500 to 947000
2025-04-21 15:17:28.287  INFO 2132 --- [scheduling-1] com.indusind.scheduler.SchedulingClass   : Submitted batch from index 947000 to 947500
2025-04-21 15:17:28.287  INFO 2132 --- [scheduling-1] com.indusind.scheduler.SchedulingClass   : Submitted batch from index 947500 to 948000
2025-04-21 15:17:28.287  INFO 2132 --- [scheduling-1] com.indusind.scheduler.SchedulingClass   : Submitted batch from index 948000 to 948500
2025-04-21 15:17:28.287  INFO 2132 --- [scheduling-1] com.indusind.scheduler.SchedulingClass   : Submitted batch from index 948500 to 949000
2025-04-21 15:17:28.287  INFO 2132 --- [scheduling-1] com.indusind.scheduler.SchedulingClass   : Submitted batch from index 949000 to 949500
2025-04-21 15:17:28.287  INFO 2132 --- [scheduling-1] com.indusind.scheduler.SchedulingClass   : Submitted batch from index 949500 to 950000
2025-04-21 15:17:28.287  INFO 2132 --- [scheduling-1] com.indusind.scheduler.SchedulingClass   : Submitted batch from index 950000 to 950500
2025-04-21 15:17:28.287  INFO 2132 --- [scheduling-1] com.indusind.scheduler.SchedulingClass   : Submitted batch from index 950500 to 951000
2025-04-21 15:17:28.287  INFO 2132 --- [scheduling-1] com.indusind.scheduler.SchedulingClass   : Submitted batch from index 951000 to 951500
2025-04-21 15:17:28.287  INFO 2132 --- [scheduling-1] com.indusind.scheduler.SchedulingClass   : Submitted batch from index 951500 to 952000
2025-04-21 15:17:28.287  INFO 2132 --- [scheduling-1] com.indusind.scheduler.SchedulingClass   : Submitted batch from index 952000 to 952500
2025-04-21 15:17:28.287  INFO 2132 --- [scheduling-1] com.indusind.scheduler.SchedulingClass   : Submitted batch from index 952500 to 953000
2025-04-21 15:17:28.287  INFO 2132 --- [scheduling-1] com.indusind.scheduler.SchedulingClass   : Submitted batch from index 953000 to 953500
2025-04-21 15:17:28.287  INFO 2132 --- [scheduling-1] com.indusind.scheduler.SchedulingClass   : Submitted batch from index 953500 to 954000
2025-04-21 15:17:28.288  INFO 2132 --- [scheduling-1] com.indusind.scheduler.SchedulingClass   : Submitted batch from index 954000 to 954500
2025-04-21 15:17:28.288  INFO 2132 --- [scheduling-1] com.indusind.scheduler.SchedulingClass   : Submitted batch from index 954500 to 955000
2025-04-21 15:17:28.288  INFO 2132 --- [scheduling-1] com.indusind.scheduler.SchedulingClass   : Submitted batch from index 955000 to 955500
2025-04-21 15:17:28.288  INFO 2132 --- [scheduling-1] com.indusind.scheduler.SchedulingClass   : Submitted batch from index 955500 to 956000
2025-04-21 15:17:28.288  INFO 2132 --- [scheduling-1] com.indusind.scheduler.SchedulingClass   : Submitted batch from index 956000 to 956500
2025-04-21 15:17:28.288  INFO 2132 --- [scheduling-1] com.indusind.scheduler.SchedulingClass   : Submitted batch from index 956500 to 957000
2025-04-21 15:17:28.288  INFO 2132 --- [scheduling-1] com.indusind.scheduler.SchedulingClass   : Submitted batch from index 957000 to 957500
2025-04-21 15:17:28.288  INFO 2132 --- [scheduling-1] com.indusind.scheduler.SchedulingClass   : Submitted batch from index 957500 to 958000
2025-04-21 15:17:28.288  INFO 2132 --- [scheduling-1] com.indusind.scheduler.SchedulingClass   : Submitted batch from index 958000 to 958500
2025-04-21 15:17:28.288  INFO 2132 --- [scheduling-1] com.indusind.scheduler.SchedulingClass   : Submitted batch from index 958500 to 959000
2025-04-21 15:17:28.288  INFO 2132 --- [scheduling-1] com.indusind.scheduler.SchedulingClass   : Submitted batch from index 959000 to 959500
2025-04-21 15:17:28.288  INFO 2132 --- [scheduling-1] com.indusind.scheduler.SchedulingClass   : Submitted batch from index 959500 to 960000
2025-04-21 15:17:28.288  INFO 2132 --- [scheduling-1] com.indusind.scheduler.SchedulingClass   : Submitted batch from index 960000 to 960500
2025-04-21 15:17:28.288  INFO 2132 --- [scheduling-1] com.indusind.scheduler.SchedulingClass   : Submitted batch from index 960500 to 961000
2025-04-21 15:17:28.288  INFO 2132 --- [scheduling-1] com.indusind.scheduler.SchedulingClass   : Submitted batch from index 961000 to 961500
2025-04-21 15:17:28.288  INFO 2132 --- [scheduling-1] com.indusind.scheduler.SchedulingClass   : Submitted batch from index 961500 to 962000
2025-04-21 15:17:28.288  INFO 2132 --- [scheduling-1] com.indusind.scheduler.SchedulingClass   : Submitted batch from index 962000 to 962500
2025-04-21 15:17:28.288  INFO 2132 --- [scheduling-1] com.indusind.scheduler.SchedulingClass   : Submitted batch from index 962500 to 963000
2025-04-21 15:17:28.288  INFO 2132 --- [scheduling-1] com.indusind.scheduler.SchedulingClass   : Submitted batch from index 963000 to 963500
2025-04-21 15:17:28.288  INFO 2132 --- [scheduling-1] com.indusind.scheduler.SchedulingClass   : Submitted batch from index 963500 to 964000
2025-04-21 15:17:28.288  INFO 2132 --- [scheduling-1] com.indusind.scheduler.SchedulingClass   : Submitted batch from index 964000 to 964500
2025-04-21 15:17:28.288  INFO 2132 --- [scheduling-1] com.indusind.scheduler.SchedulingClass   : Submitted batch from index 964500 to 965000
2025-04-21 15:17:28.288  INFO 2132 --- [scheduling-1] com.indusind.scheduler.SchedulingClass   : Submitted batch from index 965000 to 965500
2025-04-21 15:17:28.288  INFO 2132 --- [scheduling-1] com.indusind.scheduler.SchedulingClass   : Submitted batch from index 965500 to 966000
2025-04-21 15:17:28.288  INFO 2132 --- [scheduling-1] com.indusind.scheduler.SchedulingClass   : Submitted batch from index 966000 to 966500
2025-04-21 15:17:28.288  INFO 2132 --- [scheduling-1] com.indusind.scheduler.SchedulingClass   : Submitted batch from index 966500 to 967000
2025-04-21 15:17:28.288  INFO 2132 --- [scheduling-1] com.indusind.scheduler.SchedulingClass   : Submitted batch from index 967000 to 967500
2025-04-21 15:17:28.288  INFO 2132 --- [scheduling-1] com.indusind.scheduler.SchedulingClass   : Submitted batch from index 967500 to 968000
2025-04-21 15:17:28.288  INFO 2132 --- [scheduling-1] com.indusind.scheduler.SchedulingClass   : Submitted batch from index 968000 to 968500
2025-04-21 15:17:28.288  INFO 2132 --- [scheduling-1] com.indusind.scheduler.SchedulingClass   : Submitted batch from index 968500 to 969000
2025-04-21 15:17:28.288  INFO 2132 --- [scheduling-1] com.indusind.scheduler.SchedulingClass   : Submitted batch from index 969000 to 969500
2025-04-21 15:17:28.288  INFO 2132 --- [scheduling-1] com.indusind.scheduler.SchedulingClass   : Submitted batch from index 969500 to 970000
2025-04-21 15:17:28.288  INFO 2132 --- [scheduling-1] com.indusind.scheduler.SchedulingClass   : Submitted batch from index 970000 to 970500
2025-04-21 15:17:28.288  INFO 2132 --- [scheduling-1] com.indusind.scheduler.SchedulingClass   : Submitted batch from index 970500 to 971000
2025-04-21 15:17:28.288  INFO 2132 --- [scheduling-1] com.indusind.scheduler.SchedulingClass   : Submitted batch from index 971000 to 971500
2025-04-21 15:17:28.288  INFO 2132 --- [scheduling-1] com.indusind.scheduler.SchedulingClass   : Submitted batch from index 971500 to 972000
2025-04-21 15:17:28.288  INFO 2132 --- [scheduling-1] com.indusind.scheduler.SchedulingClass   : Submitted batch from index 972000 to 972500
2025-04-21 15:17:28.289  INFO 2132 --- [scheduling-1] com.indusind.scheduler.SchedulingClass   : Submitted batch from index 972500 to 973000
2025-04-21 15:17:28.289  INFO 2132 --- [scheduling-1] com.indusind.scheduler.SchedulingClass   : Submitted batch from index 973000 to 973500
2025-04-21 15:17:28.289  INFO 2132 --- [scheduling-1] com.indusind.scheduler.SchedulingClass   : Submitted batch from index 973500 to 974000
2025-04-21 15:17:28.289  INFO 2132 --- [scheduling-1] com.indusind.scheduler.SchedulingClass   : Submitted batch from index 974000 to 974500
2025-04-21 15:17:28.289  INFO 2132 --- [scheduling-1] com.indusind.scheduler.SchedulingClass   : Submitted batch from index 974500 to 975000
2025-04-21 15:17:28.289  INFO 2132 --- [scheduling-1] com.indusind.scheduler.SchedulingClass   : Submitted batch from index 975000 to 975500
2025-04-21 15:17:28.289  INFO 2132 --- [scheduling-1] com.indusind.scheduler.SchedulingClass   : Submitted batch from index 975500 to 976000
2025-04-21 15:17:28.289  INFO 2132 --- [scheduling-1] com.indusind.scheduler.SchedulingClass   : Submitted batch from index 976000 to 976500
2025-04-21 15:17:28.289  INFO 2132 --- [scheduling-1] com.indusind.scheduler.SchedulingClass   : Submitted batch from index 976500 to 977000
2025-04-21 15:17:28.289  INFO 2132 --- [scheduling-1] com.indusind.scheduler.SchedulingClass   : Submitted batch from index 977000 to 977500
2025-04-21 15:17:28.289  INFO 2132 --- [scheduling-1] com.indusind.scheduler.SchedulingClass   : Submitted batch from index 977500 to 978000
2025-04-21 15:17:28.289  INFO 2132 --- [scheduling-1] com.indusind.scheduler.SchedulingClass   : Submitted batch from index 978000 to 978500
2025-04-21 15:17:28.289  INFO 2132 --- [scheduling-1] com.indusind.scheduler.SchedulingClass   : Submitted batch from index 978500 to 979000
2025-04-21 15:17:28.289  INFO 2132 --- [scheduling-1] com.indusind.scheduler.SchedulingClass   : Submitted batch from index 979000 to 979500
2025-04-21 15:17:28.289  INFO 2132 --- [scheduling-1] com.indusind.scheduler.SchedulingClass   : Submitted batch from index 979500 to 980000
2025-04-21 15:17:28.289  INFO 2132 --- [scheduling-1] com.indusind.scheduler.SchedulingClass   : Submitted batch from index 980000 to 980500
2025-04-21 15:17:28.289  INFO 2132 --- [scheduling-1] com.indusind.scheduler.SchedulingClass   : Submitted batch from index 980500 to 981000
2025-04-21 15:17:28.289  INFO 2132 --- [scheduling-1] com.indusind.scheduler.SchedulingClass   : Submitted batch from index 981000 to 981500
2025-04-21 15:17:28.289  INFO 2132 --- [scheduling-1] com.indusind.scheduler.SchedulingClass   : Submitted batch from index 981500 to 982000
2025-04-21 15:17:28.289  INFO 2132 --- [scheduling-1] com.indusind.scheduler.SchedulingClass   : Submitted batch from index 982000 to 982500
2025-04-21 15:17:28.289  INFO 2132 --- [scheduling-1] com.indusind.scheduler.SchedulingClass   : Submitted batch from index 982500 to 983000
2025-04-21 15:17:28.289  INFO 2132 --- [scheduling-1] com.indusind.scheduler.SchedulingClass   : Submitted batch from index 983000 to 983500
2025-04-21 15:17:28.289  INFO 2132 --- [scheduling-1] com.indusind.scheduler.SchedulingClass   : Submitted batch from index 983500 to 984000
2025-04-21 15:17:28.289  INFO 2132 --- [scheduling-1] com.indusind.scheduler.SchedulingClass   : Submitted batch from index 984000 to 984500
2025-04-21 15:17:28.289  INFO 2132 --- [scheduling-1] com.indusind.scheduler.SchedulingClass   : Submitted batch from index 984500 to 985000
2025-04-21 15:17:28.289  INFO 2132 --- [scheduling-1] com.indusind.scheduler.SchedulingClass   : Submitted batch from index 985000 to 985500
2025-04-21 15:17:28.289  INFO 2132 --- [scheduling-1] com.indusind.scheduler.SchedulingClass   : Submitted batch from index 985500 to 986000
2025-04-21 15:17:28.289  INFO 2132 --- [scheduling-1] com.indusind.scheduler.SchedulingClass   : Submitted batch from index 986000 to 986500
2025-04-21 15:17:28.289  INFO 2132 --- [scheduling-1] com.indusind.scheduler.SchedulingClass   : Submitted batch from index 986500 to 987000
2025-04-21 15:17:28.289  INFO 2132 --- [scheduling-1] com.indusind.scheduler.SchedulingClass   : Submitted batch from index 987000 to 987500
2025-04-21 15:17:28.289  INFO 2132 --- [scheduling-1] com.indusind.scheduler.SchedulingClass   : Submitted batch from index 987500 to 988000
2025-04-21 15:17:28.289  INFO 2132 --- [scheduling-1] com.indusind.scheduler.SchedulingClass   : Submitted batch from index 988000 to 988500
2025-04-21 15:17:28.289  INFO 2132 --- [scheduling-1] com.indusind.scheduler.SchedulingClass   : Submitted batch from index 988500 to 989000
2025-04-21 15:17:28.289  INFO 2132 --- [scheduling-1] com.indusind.scheduler.SchedulingClass   : Submitted batch from index 989000 to 989500
2025-04-21 15:17:28.289  INFO 2132 --- [scheduling-1] com.indusind.scheduler.SchedulingClass   : Submitted batch from index 989500 to 990000
2025-04-21 15:17:28.289  INFO 2132 --- [scheduling-1] com.indusind.scheduler.SchedulingClass   : Submitted batch from index 990000 to 990500
2025-04-21 15:17:28.289  INFO 2132 --- [scheduling-1] com.indusind.scheduler.SchedulingClass   : Submitted batch from index 990500 to 991000
2025-04-21 15:17:28.289  INFO 2132 --- [scheduling-1] com.indusind.scheduler.SchedulingClass   : Submitted batch from index 991000 to 991500
2025-04-21 15:17:28.289  INFO 2132 --- [scheduling-1] com.indusind.scheduler.SchedulingClass   : Submitted batch from index 991500 to 992000
2025-04-21 15:17:28.290  INFO 2132 --- [scheduling-1] com.indusind.scheduler.SchedulingClass   : Submitted batch from index 992000 to 992500
2025-04-21 15:17:28.290  INFO 2132 --- [scheduling-1] com.indusind.scheduler.SchedulingClass   : Submitted batch from index 992500 to 993000
2025-04-21 15:17:28.290  INFO 2132 --- [scheduling-1] com.indusind.scheduler.SchedulingClass   : Submitted batch from index 993000 to 993500
2025-04-21 15:17:28.290  INFO 2132 --- [scheduling-1] com.indusind.scheduler.SchedulingClass   : Submitted batch from index 993500 to 994000
2025-04-21 15:17:28.290  INFO 2132 --- [scheduling-1] com.indusind.scheduler.SchedulingClass   : Submitted batch from index 994000 to 994500
2025-04-21 15:17:28.290  INFO 2132 --- [scheduling-1] com.indusind.scheduler.SchedulingClass   : Submitted batch from index 994500 to 995000
2025-04-21 15:17:28.290  INFO 2132 --- [scheduling-1] com.indusind.scheduler.SchedulingClass   : Submitted batch from index 995000 to 995500
2025-04-21 15:17:28.290  INFO 2132 --- [scheduling-1] com.indusind.scheduler.SchedulingClass   : Submitted batch from index 995500 to 996000
2025-04-21 15:17:28.290  INFO 2132 --- [scheduling-1] com.indusind.scheduler.SchedulingClass   : Submitted batch from index 996000 to 996500
2025-04-21 15:17:28.290  INFO 2132 --- [scheduling-1] com.indusind.scheduler.SchedulingClass   : Submitted batch from index 996500 to 997000
2025-04-21 15:17:28.290  INFO 2132 --- [scheduling-1] com.indusind.scheduler.SchedulingClass   : Submitted batch from index 997000 to 997500
2025-04-21 15:17:28.290  INFO 2132 --- [scheduling-1] com.indusind.scheduler.SchedulingClass   : Submitted batch from index 997500 to 998000
2025-04-21 15:17:28.290  INFO 2132 --- [scheduling-1] com.indusind.scheduler.SchedulingClass   : Submitted batch from index 998000 to 998500
2025-04-21 15:17:28.290  INFO 2132 --- [scheduling-1] com.indusind.scheduler.SchedulingClass   : Submitted batch from index 998500 to 999000
2025-04-21 15:17:28.290  INFO 2132 --- [scheduling-1] com.indusind.scheduler.SchedulingClass   : Submitted batch from index 999000 to 999500
2025-04-21 15:17:28.290  INFO 2132 --- [scheduling-1] com.indusind.scheduler.SchedulingClass   : Submitted batch from index 999500 to 1000000
2025-04-21 15:17:28.290  INFO 2132 --- [scheduling-1] com.indusind.scheduler.SchedulingClass   : Submitted batch from index 1000000 to 1000005
2025-04-21 15:17:28.898  INFO 2132 --- [pool-6-thread-1] com.indusind.service.DataUpdateService   : Data Not Found With This ACID : 321654984
2025-04-21 15:18:14.858  WARN 2132 --- [cb-events] com.couchbase.tracing                    : [com.couchbase.tracing][OverThresholdRequestsRecordedEvent][10s] Requests over Threshold found: {"query":{"top_requests":[{"operation_name":"query","last_dispatch_duration_us":1729424,"last_remote_socket":"127.0.0.1:8093","last_local_socket":"127.0.0.1:63729","total_dispatch_duration_us":1729424,"operation_id":"cf09c05d-21f2-4aa1-8708-974ff0350833","timeout_ms":75000,"total_duration_us":1729696}],"total_count":1}}
2025-04-21 15:18:34.914  WARN 2132 --- [cb-events] com.couchbase.tracing                    : [com.couchbase.tracing][OverThresholdRequestsRecordedEvent][10s] Requests over Threshold found: {"query":{"top_requests":[{"operation_name":"query","last_dispatch_duration_us":1282739,"last_remote_socket":"127.0.0.1:8093","last_local_socket":"127.0.0.1:63721","total_dispatch_duration_us":1282739,"operation_id":"4105b3f4-b986-4a43-9595-5cae870c7078","timeout_ms":75000,"total_duration_us":1282990}],"total_count":1}}
2025-04-21 15:18:55.106  WARN 2132 --- [cb-events] com.couchbase.tracing                    : [com.couchbase.tracing][OverThresholdRequestsRecordedEvent][10s] Requests over Threshold found: {"query":{"top_requests":[{"operation_name":"query","last_dispatch_duration_us":1438327,"last_remote_socket":"127.0.0.1:8093","last_local_socket":"127.0.0.1:63719","total_dispatch_duration_us":1438327,"operation_id":"ca53a060-24aa-4ada-8e27-62238d53bb6c","timeout_ms":75000,"total_duration_us":1438544}],"total_count":1}}
2025-04-21 15:19:07.258  INFO 2132 --- [RMI TCP Connection(5)-127.0.0.1] inMXBeanRegistrar$SpringApplicationAdmin : Application shutdown requested.
2025-04-21 15:19:07.279  INFO 2132 --- [RMI TCP Connection(5)-127.0.0.1] o.apache.catalina.core.StandardService   : Stopping service [Tomcat]
2025-04-21 15:20:02.221  INFO 23612 --- [main] c.i.CsvToJsonExtractorApplication        : Starting CsvToJsonExtractorApplication using Java 17.0.14 on DESKTOP-NIQ60O7 with PID 23612 (C:\Users\Yamini Garudachalam\Documents\workspace-spring-tool-suite-4-4.28.0.RELEASE\AKS_FILD\CsvToJsonExtractor\target\classes started by Yamini Garudachalam in C:\Users\Yamini Garudachalam\Documents\workspace-spring-tool-suite-4-4.28.0.RELEASE\AKS_FILD\CsvToJsonExtractor)
2025-04-21 15:20:02.224  INFO 23612 --- [main] c.i.CsvToJsonExtractorApplication        : The following 1 profile is active: "uat"
2025-04-21 15:20:03.145  INFO 23612 --- [main] o.s.b.w.embedded.tomcat.TomcatWebServer  : Tomcat initialized with port(s): 8080 (http)
2025-04-21 15:20:03.154  INFO 23612 --- [main] o.apache.catalina.core.StandardService   : Starting service [Tomcat]
2025-04-21 15:20:03.155  INFO 23612 --- [main] org.apache.catalina.core.StandardEngine  : Starting Servlet engine: [Apache Tomcat/9.0.73]
2025-04-21 15:20:03.249  INFO 23612 --- [main] o.a.c.c.C.[Tomcat].[localhost].[/]       : Initializing Spring embedded WebApplicationContext
2025-04-21 15:20:03.249  INFO 23612 --- [main] w.s.c.ServletWebServerApplicationContext : Root WebApplicationContext: initialization completed in 978 ms
2025-04-21 15:20:03.298  INFO 23612 --- [main] com.indusind.config.CouchbaseConfig      : init method invoked : 127.0.0.1
2025-04-21 15:20:04.047  INFO 23612 --- [cb-events] com.couchbase.core                       : [com.couchbase.core][CoreCreatedEvent] {"clientVersion":"3.3.4","clientGitHash":"${buildNumber}","coreVersion":"2.3.4","coreGitHash":"${buildNumber}","userAgent":"couchbase-java/3.3.4 (Windows 10 10.0 amd64; Java HotSpot(TM) 64-Bit Server VM 17.0.14+8-LTS-191)","maxNumRequestsInRetry":32768,"ioEnvironment":{"nativeIoEnabled":true,"eventLoopThreadCount":4,"eventLoopGroups":["NioEventLoopGroup"]},"ioConfig":{"captureTraffic":[],"mutationTokensEnabled":true,"networkResolution":"auto","dnsSrvEnabled":true,"tcpKeepAlivesEnabled":true,"tcpKeepAliveTimeMs":60000,"configPollIntervalMs":2500,"kvCircuitBreakerConfig":"disabled","queryCircuitBreakerConfig":"disabled","viewCircuitBreakerConfig":"disabled","searchCircuitBreakerConfig":"disabled","analyticsCircuitBreakerConfig":"disabled","managerCircuitBreakerConfig":"disabled","eventingCircuitBreakerConfig":"disabled","backupCircuitBreakerConfig":"disabled","numKvConnections":1,"maxHttpConnections":12,"idleHttpConnectionTimeoutMs":4500,"configIdleRedialTimeoutMs":300000,"memcachedHashingStrategy":"StandardMemcachedHashingStrategy"},"compressionConfig":{"enabled":true,"minRatio":0.83,"minSize":32},"securityConfig":{"tlsEnabled":false,"nativeTlsEnabled":true,"hostnameVerificationEnabled":true,"trustCertificates":null,"trustManagerFactory":null,"ciphers":[]},"timeoutConfig":{"kvMs":2500,"kvDurableMs":10000,"managementMs":75000,"queryMs":75000,"viewMs":75000,"searchMs":75000,"analyticsMs":75000,"connectMs":10000,"disconnectMs":10000,"eventingMs":75000,"backupMs":75000},"loggerConfig":{"customLogger":null,"fallbackToConsole":false,"consoleLogLevel":{"name":"INFO","resourceBundleName":"sun.util.logging.resources.logging","localizedName":"INFO"},"consoleLoggerFormatter":"DefaultLoggerFormatter","disableSlf4j":false,"loggerName":"CouchbaseLogger","diagnosticContextEnabled":false},"orphanReporterConfig":{"emitIntervalMs":10000,"sampleSize":10,"queueLength":1024,"enabled":true},"thresholdLoggingTracerConfig":{"enabled":true,"emitIntervalMs":10000,"sampleSize":10,"queueLength":1024,"kvThresholdMs":500,"queryThresholdMs":1000,"searchThresholdMs":1000,"analyticsThresholdMs":1000,"viewThresholdMs":1000},"loggingMeterConfig":{"enabled":true,"emitIntervalMs":600000},"retryStrategy":"BestEffortRetryStrategy","requestTracer":"ThresholdLoggingTracer","meter":"LoggingMeter","numRequestCallbacks":0,"scheduler":"ParallelScheduler","schedulerThreadCount":8,"transactionsConfig":{"durabilityLevel":"MAJORITY","timeoutMs":15000,"cleanupConfig":{"runLostAttemptsCleanupThread":true,"runRegularAttemptsCleanupThread":true,"cleanupWindowMs":60000,"cleanupSet":""},"numAtrs":1024,"metadataCollection":"none","scanConsistency":"none"}} {"connectionString":"127.0.0.1","coreId":"0xfe5f29b100000001","numCoreInstances":1,"seedNodes":[{"address":"127.0.0.1"}]}
2025-04-21 15:20:04.048  INFO 23612 --- [cb-events] com.couchbase.transactions               : [com.couchbase.transactions][TransactionsStartedEvent] Transactions successfully initialised, regular cleanup enabled=true, lost cleanup enabled=true
2025-04-21 15:20:04.051  INFO 23612 --- [cb-events] com.couchbase.node                       : [com.couchbase.node][NodeConnectedEvent] Node connected {"coreId":"0xfe5f29b100000001","managerPort":"8091","remote":"127.0.0.1"}
2025-04-21 15:20:04.657  INFO 23612 --- [main] com.indusind.config.CouchbaseConfig      : Couchbase connection established successfully.
2025-04-21 15:20:04.675  INFO 23612 --- [cb-events] com.couchbase.core                       : [com.couchbase.core][BucketOpenedEvent][148ms] Opened bucket "uat_iCache" {"coreId":"0xfe5f29b100000001"}
2025-04-21 15:20:05.052  INFO 23612 --- [main] o.s.b.w.embedded.tomcat.TomcatWebServer  : Tomcat started on port(s): 8080 (http) with context path ''
2025-04-21 15:20:05.060  INFO 23612 --- [scheduling-1] com.indusind.scheduler.SchedulingClass   : Scheduled
2025-04-21 15:20:05.063  INFO 23612 --- [main] c.i.CsvToJsonExtractorApplication        : Started CsvToJsonExtractorApplication in 3.22 seconds (JVM running for 3.751)
2025-04-21 15:20:07.193  INFO 23612 --- [scheduling-1] com.indusind.scheduler.SchedulingClass   : listOfCSVFileData extraction is done
2025-04-21 15:20:07.195  INFO 23612 --- [scheduling-1] com.indusind.scheduler.SchedulingClass   : Submitted batch from index 0 to 500
2025-04-21 15:20:07.195  INFO 23612 --- [scheduling-1] com.indusind.scheduler.SchedulingClass   : Submitted batch from index 500 to 1000
2025-04-21 15:20:07.196  INFO 23612 --- [scheduling-1] com.indusind.scheduler.SchedulingClass   : Submitted batch from index 1000 to 1500
2025-04-21 15:20:07.196  INFO 23612 --- [scheduling-1] com.indusind.scheduler.SchedulingClass   : Submitted batch from index 1500 to 2000
2025-04-21 15:20:07.197  INFO 23612 --- [scheduling-1] com.indusind.scheduler.SchedulingClass   : Submitted batch from index 2000 to 2500
2025-04-21 15:20:07.197  INFO 23612 --- [scheduling-1] com.indusind.scheduler.SchedulingClass   : Submitted batch from index 2500 to 3000
2025-04-21 15:20:07.197  INFO 23612 --- [scheduling-1] com.indusind.scheduler.SchedulingClass   : Submitted batch from index 3000 to 3500
2025-04-21 15:20:07.197  INFO 23612 --- [scheduling-1] com.indusind.scheduler.SchedulingClass   : Submitted batch from index 3500 to 4000
2025-04-21 15:20:07.198  INFO 23612 --- [scheduling-1] com.indusind.scheduler.SchedulingClass   : Submitted batch from index 4000 to 4500
2025-04-21 15:20:07.198  INFO 23612 --- [scheduling-1] com.indusind.scheduler.SchedulingClass   : Submitted batch from index 4500 to 5000
2025-04-21 15:20:07.199  INFO 23612 --- [scheduling-1] com.indusind.scheduler.SchedulingClass   : Submitted batch from index 5000 to 5500
2025-04-21 15:20:07.199  INFO 23612 --- [scheduling-1] com.indusind.scheduler.SchedulingClass   : Submitted batch from index 5500 to 6000
2025-04-21 15:20:07.199  INFO 23612 --- [scheduling-1] com.indusind.scheduler.SchedulingClass   : Submitted batch from index 6000 to 6500
2025-04-21 15:20:07.199  INFO 23612 --- [scheduling-1] com.indusind.scheduler.SchedulingClass   : Submitted batch from index 6500 to 7000
2025-04-21 15:20:07.199  INFO 23612 --- [scheduling-1] com.indusind.scheduler.SchedulingClass   : Submitted batch from index 7000 to 7500
2025-04-21 15:20:07.200  INFO 23612 --- [scheduling-1] com.indusind.scheduler.SchedulingClass   : Submitted batch from index 7500 to 8000
2025-04-21 15:20:07.200  INFO 23612 --- [scheduling-1] com.indusind.scheduler.SchedulingClass   : Submitted batch from index 8000 to 8500
2025-04-21 15:20:07.201  INFO 23612 --- [scheduling-1] com.indusind.scheduler.SchedulingClass   : Submitted batch from index 8500 to 9000
2025-04-21 15:20:07.201  INFO 23612 --- [scheduling-1] com.indusind.scheduler.SchedulingClass   : Submitted batch from index 9000 to 9500
2025-04-21 15:20:07.202  INFO 23612 --- [scheduling-1] com.indusind.scheduler.SchedulingClass   : Submitted batch from index 9500 to 10000
2025-04-21 15:20:07.202  INFO 23612 --- [scheduling-1] com.indusind.scheduler.SchedulingClass   : Submitted batch from index 10000 to 10500
2025-04-21 15:20:07.202  INFO 23612 --- [scheduling-1] com.indusind.scheduler.SchedulingClass   : Submitted batch from index 10500 to 11000
2025-04-21 15:20:07.202  INFO 23612 --- [scheduling-1] com.indusind.scheduler.SchedulingClass   : Submitted batch from index 11000 to 11500
2025-04-21 15:20:07.202  INFO 23612 --- [scheduling-1] com.indusind.scheduler.SchedulingClass   : Submitted batch from index 11500 to 12000
2025-04-21 15:20:07.202  INFO 23612 --- [scheduling-1] com.indusind.scheduler.SchedulingClass   : Submitted batch from index 12000 to 12500
2025-04-21 15:20:07.203  INFO 23612 --- [scheduling-1] com.indusind.scheduler.SchedulingClass   : Submitted batch from index 12500 to 13000
2025-04-21 15:20:07.203  INFO 23612 --- [scheduling-1] com.indusind.scheduler.SchedulingClass   : Submitted batch from index 13000 to 13500
2025-04-21 15:20:07.203  INFO 23612 --- [scheduling-1] com.indusind.scheduler.SchedulingClass   : Submitted batch from index 13500 to 14000
2025-04-21 15:20:07.203  INFO 23612 --- [scheduling-1] com.indusind.scheduler.SchedulingClass   : Submitted batch from index 14000 to 14500
2025-04-21 15:20:07.203  INFO 23612 --- [scheduling-1] com.indusind.scheduler.SchedulingClass   : Submitted batch from index 14500 to 15000
2025-04-21 15:20:07.203  INFO 23612 --- [scheduling-1] com.indusind.scheduler.SchedulingClass   : Submitted batch from index 15000 to 15500
2025-04-21 15:20:07.203  INFO 23612 --- [scheduling-1] com.indusind.scheduler.SchedulingClass   : Submitted batch from index 15500 to 16000
2025-04-21 15:20:07.204  INFO 23612 --- [scheduling-1] com.indusind.scheduler.SchedulingClass   : Submitted batch from index 16000 to 16500
2025-04-21 15:20:07.204  INFO 23612 --- [scheduling-1] com.indusind.scheduler.SchedulingClass   : Submitted batch from index 16500 to 17000
2025-04-21 15:20:07.204  INFO 23612 --- [scheduling-1] com.indusind.scheduler.SchedulingClass   : Submitted batch from index 17000 to 17500
2025-04-21 15:20:07.204  INFO 23612 --- [scheduling-1] com.indusind.scheduler.SchedulingClass   : Submitted batch from index 17500 to 18000
2025-04-21 15:20:07.204  INFO 23612 --- [scheduling-1] com.indusind.scheduler.SchedulingClass   : Submitted batch from index 18000 to 18500
2025-04-21 15:20:07.204  INFO 23612 --- [scheduling-1] com.indusind.scheduler.SchedulingClass   : Submitted batch from index 18500 to 19000
2025-04-21 15:20:07.204  INFO 23612 --- [scheduling-1] com.indusind.scheduler.SchedulingClass   : Submitted batch from index 19000 to 19500
2025-04-21 15:20:07.204  INFO 23612 --- [scheduling-1] com.indusind.scheduler.SchedulingClass   : Submitted batch from index 19500 to 20000
2025-04-21 15:20:07.204  INFO 23612 --- [scheduling-1] com.indusind.scheduler.SchedulingClass   : Submitted batch from index 20000 to 20500
2025-04-21 15:20:07.204  INFO 23612 --- [scheduling-1] com.indusind.scheduler.SchedulingClass   : Submitted batch from index 20500 to 21000
2025-04-21 15:20:07.205  INFO 23612 --- [scheduling-1] com.indusind.scheduler.SchedulingClass   : Submitted batch from index 21000 to 21500
2025-04-21 15:20:07.205  INFO 23612 --- [scheduling-1] com.indusind.scheduler.SchedulingClass   : Submitted batch from index 21500 to 22000
2025-04-21 15:20:07.205  INFO 23612 --- [scheduling-1] com.indusind.scheduler.SchedulingClass   : Submitted batch from index 22000 to 22500
2025-04-21 15:20:07.205  INFO 23612 --- [scheduling-1] com.indusind.scheduler.SchedulingClass   : Submitted batch from index 22500 to 23000
2025-04-21 15:20:07.205  INFO 23612 --- [scheduling-1] com.indusind.scheduler.SchedulingClass   : Submitted batch from index 23000 to 23500
2025-04-21 15:20:07.205  INFO 23612 --- [scheduling-1] com.indusind.scheduler.SchedulingClass   : Submitted batch from index 23500 to 24000
2025-04-21 15:20:07.205  INFO 23612 --- [scheduling-1] com.indusind.scheduler.SchedulingClass   : Submitted batch from index 24000 to 24500
2025-04-21 15:20:07.206  INFO 23612 --- [scheduling-1] com.indusind.scheduler.SchedulingClass   : Submitted batch from index 24500 to 25000
2025-04-21 15:20:07.206  INFO 23612 --- [scheduling-1] com.indusind.scheduler.SchedulingClass   : Submitted batch from index 25000 to 25500
2025-04-21 15:20:07.206  INFO 23612 --- [scheduling-1] com.indusind.scheduler.SchedulingClass   : Submitted batch from index 25500 to 26000
2025-04-21 15:20:07.206  INFO 23612 --- [scheduling-1] com.indusind.scheduler.SchedulingClass   : Submitted batch from index 26000 to 26500
2025-04-21 15:20:07.206  INFO 23612 --- [scheduling-1] com.indusind.scheduler.SchedulingClass   : Submitted batch from index 26500 to 27000
2025-04-21 15:20:07.206  INFO 23612 --- [scheduling-1] com.indusind.scheduler.SchedulingClass   : Submitted batch from index 27000 to 27500
2025-04-21 15:20:07.206  INFO 23612 --- [scheduling-1] com.indusind.scheduler.SchedulingClass   : Submitted batch from index 27500 to 28000
2025-04-21 15:20:07.206  INFO 23612 --- [scheduling-1] com.indusind.scheduler.SchedulingClass   : Submitted batch from index 28000 to 28500
2025-04-21 15:20:07.206  INFO 23612 --- [scheduling-1] com.indusind.scheduler.SchedulingClass   : Submitted batch from index 28500 to 29000
2025-04-21 15:20:07.207  INFO 23612 --- [scheduling-1] com.indusind.scheduler.SchedulingClass   : Submitted batch from index 29000 to 29500
2025-04-21 15:20:07.207  INFO 23612 --- [scheduling-1] com.indusind.scheduler.SchedulingClass   : Submitted batch from index 29500 to 30000
2025-04-21 15:20:07.207  INFO 23612 --- [scheduling-1] com.indusind.scheduler.SchedulingClass   : Submitted batch from index 30000 to 30500
2025-04-21 15:20:07.207  INFO 23612 --- [scheduling-1] com.indusind.scheduler.SchedulingClass   : Submitted batch from index 30500 to 31000
2025-04-21 15:20:07.207  INFO 23612 --- [scheduling-1] com.indusind.scheduler.SchedulingClass   : Submitted batch from index 31000 to 31500
2025-04-21 15:20:07.207  INFO 23612 --- [scheduling-1] com.indusind.scheduler.SchedulingClass   : Submitted batch from index 31500 to 32000
2025-04-21 15:20:07.207  INFO 23612 --- [scheduling-1] com.indusind.scheduler.SchedulingClass   : Submitted batch from index 32000 to 32500
2025-04-21 15:20:07.207  INFO 23612 --- [scheduling-1] com.indusind.scheduler.SchedulingClass   : Submitted batch from index 32500 to 33000
2025-04-21 15:20:07.207  INFO 23612 --- [scheduling-1] com.indusind.scheduler.SchedulingClass   : Submitted batch from index 33000 to 33500
2025-04-21 15:20:07.207  INFO 23612 --- [scheduling-1] com.indusind.scheduler.SchedulingClass   : Submitted batch from index 33500 to 34000
2025-04-21 15:20:07.207  INFO 23612 --- [scheduling-1] com.indusind.scheduler.SchedulingClass   : Submitted batch from index 34000 to 34500
2025-04-21 15:20:07.208  INFO 23612 --- [scheduling-1] com.indusind.scheduler.SchedulingClass   : Submitted batch from index 34500 to 35000
2025-04-21 15:20:07.208  INFO 23612 --- [scheduling-1] com.indusind.scheduler.SchedulingClass   : Submitted batch from index 35000 to 35500
2025-04-21 15:20:07.208  INFO 23612 --- [scheduling-1] com.indusind.scheduler.SchedulingClass   : Submitted batch from index 35500 to 36000
2025-04-21 15:20:07.208  INFO 23612 --- [scheduling-1] com.indusind.scheduler.SchedulingClass   : Submitted batch from index 36000 to 36500
2025-04-21 15:20:07.208  INFO 23612 --- [scheduling-1] com.indusind.scheduler.SchedulingClass   : Submitted batch from index 36500 to 37000
2025-04-21 15:20:07.208  INFO 23612 --- [scheduling-1] com.indusind.scheduler.SchedulingClass   : Submitted batch from index 37000 to 37500
2025-04-21 15:20:07.208  INFO 23612 --- [scheduling-1] com.indusind.scheduler.SchedulingClass   : Submitted batch from index 37500 to 38000
2025-04-21 15:20:07.208  INFO 23612 --- [scheduling-1] com.indusind.scheduler.SchedulingClass   : Submitted batch from index 38000 to 38500
2025-04-21 15:20:07.208  INFO 23612 --- [scheduling-1] com.indusind.scheduler.SchedulingClass   : Submitted batch from index 38500 to 39000
2025-04-21 15:20:07.208  INFO 23612 --- [scheduling-1] com.indusind.scheduler.SchedulingClass   : Submitted batch from index 39000 to 39500
2025-04-21 15:20:07.208  INFO 23612 --- [scheduling-1] com.indusind.scheduler.SchedulingClass   : Submitted batch from index 39500 to 40000
2025-04-21 15:20:07.208  INFO 23612 --- [scheduling-1] com.indusind.scheduler.SchedulingClass   : Submitted batch from index 40000 to 40500
2025-04-21 15:20:07.208  INFO 23612 --- [scheduling-1] com.indusind.scheduler.SchedulingClass   : Submitted batch from index 40500 to 41000
2025-04-21 15:20:07.209  INFO 23612 --- [scheduling-1] com.indusind.scheduler.SchedulingClass   : Submitted batch from index 41000 to 41500
2025-04-21 15:20:07.209  INFO 23612 --- [scheduling-1] com.indusind.scheduler.SchedulingClass   : Submitted batch from index 41500 to 42000
2025-04-21 15:20:07.209  INFO 23612 --- [scheduling-1] com.indusind.scheduler.SchedulingClass   : Submitted batch from index 42000 to 42500
2025-04-21 15:20:07.209  INFO 23612 --- [scheduling-1] com.indusind.scheduler.SchedulingClass   : Submitted batch from index 42500 to 43000
2025-04-21 15:20:07.209  INFO 23612 --- [scheduling-1] com.indusind.scheduler.SchedulingClass   : Submitted batch from index 43000 to 43500
2025-04-21 15:20:07.209  INFO 23612 --- [scheduling-1] com.indusind.scheduler.SchedulingClass   : Submitted batch from index 43500 to 44000
2025-04-21 15:20:07.209  INFO 23612 --- [scheduling-1] com.indusind.scheduler.SchedulingClass   : Submitted batch from index 44000 to 44500
2025-04-21 15:20:07.209  INFO 23612 --- [scheduling-1] com.indusind.scheduler.SchedulingClass   : Submitted batch from index 44500 to 45000
2025-04-21 15:20:07.209  INFO 23612 --- [scheduling-1] com.indusind.scheduler.SchedulingClass   : Submitted batch from index 45000 to 45500
2025-04-21 15:20:07.209  INFO 23612 --- [scheduling-1] com.indusind.scheduler.SchedulingClass   : Submitted batch from index 45500 to 46000
2025-04-21 15:20:07.209  INFO 23612 --- [scheduling-1] com.indusind.scheduler.SchedulingClass   : Submitted batch from index 46000 to 46500
2025-04-21 15:20:07.209  INFO 23612 --- [scheduling-1] com.indusind.scheduler.SchedulingClass   : Submitted batch from index 46500 to 47000
2025-04-21 15:20:07.209  INFO 23612 --- [scheduling-1] com.indusind.scheduler.SchedulingClass   : Submitted batch from index 47000 to 47500
2025-04-21 15:20:07.209  INFO 23612 --- [scheduling-1] com.indusind.scheduler.SchedulingClass   : Submitted batch from index 47500 to 48000
2025-04-21 15:20:07.209  INFO 23612 --- [scheduling-1] com.indusind.scheduler.SchedulingClass   : Submitted batch from index 48000 to 48500
2025-04-21 15:20:07.210  INFO 23612 --- [scheduling-1] com.indusind.scheduler.SchedulingClass   : Submitted batch from index 48500 to 49000
2025-04-21 15:20:07.210  INFO 23612 --- [scheduling-1] com.indusind.scheduler.SchedulingClass   : Submitted batch from index 49000 to 49500
2025-04-21 15:20:07.210  INFO 23612 --- [scheduling-1] com.indusind.scheduler.SchedulingClass   : Submitted batch from index 49500 to 50000
2025-04-21 15:20:07.210  INFO 23612 --- [scheduling-1] com.indusind.scheduler.SchedulingClass   : Submitted batch from index 50000 to 50500
2025-04-21 15:20:07.210  INFO 23612 --- [scheduling-1] com.indusind.scheduler.SchedulingClass   : Submitted batch from index 50500 to 51000
2025-04-21 15:20:07.210  INFO 23612 --- [scheduling-1] com.indusind.scheduler.SchedulingClass   : Submitted batch from index 51000 to 51500
2025-04-21 15:20:07.210  INFO 23612 --- [scheduling-1] com.indusind.scheduler.SchedulingClass   : Submitted batch from index 51500 to 52000
2025-04-21 15:20:07.210  INFO 23612 --- [scheduling-1] com.indusind.scheduler.SchedulingClass   : Submitted batch from index 52000 to 52500
2025-04-21 15:20:07.210  INFO 23612 --- [scheduling-1] com.indusind.scheduler.SchedulingClass   : Submitted batch from index 52500 to 53000
2025-04-21 15:20:07.210  INFO 23612 --- [scheduling-1] com.indusind.scheduler.SchedulingClass   : Submitted batch from index 53000 to 53500
2025-04-21 15:20:07.210  INFO 23612 --- [scheduling-1] com.indusind.scheduler.SchedulingClass   : Submitted batch from index 53500 to 54000
2025-04-21 15:20:07.210  INFO 23612 --- [scheduling-1] com.indusind.scheduler.SchedulingClass   : Submitted batch from index 54000 to 54500
2025-04-21 15:20:07.210  INFO 23612 --- [scheduling-1] com.indusind.scheduler.SchedulingClass   : Submitted batch from index 54500 to 55000
2025-04-21 15:20:07.210  INFO 23612 --- [scheduling-1] com.indusind.scheduler.SchedulingClass   : Submitted batch from index 55000 to 55500
2025-04-21 15:20:07.211  INFO 23612 --- [scheduling-1] com.indusind.scheduler.SchedulingClass   : Submitted batch from index 55500 to 56000
2025-04-21 15:20:07.211  INFO 23612 --- [scheduling-1] com.indusind.scheduler.SchedulingClass   : Submitted batch from index 56000 to 56500
2025-04-21 15:20:07.211  INFO 23612 --- [scheduling-1] com.indusind.scheduler.SchedulingClass   : Submitted batch from index 56500 to 57000
2025-04-21 15:20:07.211  INFO 23612 --- [scheduling-1] com.indusind.scheduler.SchedulingClass   : Submitted batch from index 57000 to 57500
2025-04-21 15:20:07.211  INFO 23612 --- [scheduling-1] com.indusind.scheduler.SchedulingClass   : Submitted batch from index 57500 to 58000
2025-04-21 15:20:07.211  INFO 23612 --- [scheduling-1] com.indusind.scheduler.SchedulingClass   : Submitted batch from index 58000 to 58500
2025-04-21 15:20:07.211  INFO 23612 --- [scheduling-1] com.indusind.scheduler.SchedulingClass   : Submitted batch from index 58500 to 59000
2025-04-21 15:20:07.211  INFO 23612 --- [scheduling-1] com.indusind.scheduler.SchedulingClass   : Submitted batch from index 59000 to 59500
2025-04-21 15:20:07.212  INFO 23612 --- [scheduling-1] com.indusind.scheduler.SchedulingClass   : Submitted batch from index 59500 to 60000
2025-04-21 15:20:07.212  INFO 23612 --- [scheduling-1] com.indusind.scheduler.SchedulingClass   : Submitted batch from index 60000 to 60500
2025-04-21 15:20:07.212  INFO 23612 --- [scheduling-1] com.indusind.scheduler.SchedulingClass   : Submitted batch from index 60500 to 61000
2025-04-21 15:20:07.212  INFO 23612 --- [scheduling-1] com.indusind.scheduler.SchedulingClass   : Submitted batch from index 61000 to 61500
2025-04-21 15:20:07.212  INFO 23612 --- [scheduling-1] com.indusind.scheduler.SchedulingClass   : Submitted batch from index 61500 to 62000
2025-04-21 15:20:07.212  INFO 23612 --- [scheduling-1] com.indusind.scheduler.SchedulingClass   : Submitted batch from index 62000 to 62500
2025-04-21 15:20:07.212  INFO 23612 --- [scheduling-1] com.indusind.scheduler.SchedulingClass   : Submitted batch from index 62500 to 63000
2025-04-21 15:20:07.212  INFO 23612 --- [scheduling-1] com.indusind.scheduler.SchedulingClass   : Submitted batch from index 63000 to 63500
2025-04-21 15:20:07.212  INFO 23612 --- [scheduling-1] com.indusind.scheduler.SchedulingClass   : Submitted batch from index 63500 to 64000
2025-04-21 15:20:07.212  INFO 23612 --- [scheduling-1] com.indusind.scheduler.SchedulingClass   : Submitted batch from index 64000 to 64500
2025-04-21 15:20:07.212  INFO 23612 --- [scheduling-1] com.indusind.scheduler.SchedulingClass   : Submitted batch from index 64500 to 65000
2025-04-21 15:20:07.213  INFO 23612 --- [scheduling-1] com.indusind.scheduler.SchedulingClass   : Submitted batch from index 65000 to 65500
2025-04-21 15:20:07.213  INFO 23612 --- [scheduling-1] com.indusind.scheduler.SchedulingClass   : Submitted batch from index 65500 to 66000
2025-04-21 15:20:07.213  INFO 23612 --- [scheduling-1] com.indusind.scheduler.SchedulingClass   : Submitted batch from index 66000 to 66500
2025-04-21 15:20:07.213  INFO 23612 --- [scheduling-1] com.indusind.scheduler.SchedulingClass   : Submitted batch from index 66500 to 67000
2025-04-21 15:20:07.213  INFO 23612 --- [scheduling-1] com.indusind.scheduler.SchedulingClass   : Submitted batch from index 67000 to 67500
2025-04-21 15:20:07.213  INFO 23612 --- [scheduling-1] com.indusind.scheduler.SchedulingClass   : Submitted batch from index 67500 to 68000
2025-04-21 15:20:07.213  INFO 23612 --- [scheduling-1] com.indusind.scheduler.SchedulingClass   : Submitted batch from index 68000 to 68500
2025-04-21 15:20:07.213  INFO 23612 --- [scheduling-1] com.indusind.scheduler.SchedulingClass   : Submitted batch from index 68500 to 69000
2025-04-21 15:20:07.213  INFO 23612 --- [scheduling-1] com.indusind.scheduler.SchedulingClass   : Submitted batch from index 69000 to 69500
2025-04-21 15:20:07.213  INFO 23612 --- [scheduling-1] com.indusind.scheduler.SchedulingClass   : Submitted batch from index 69500 to 70000
2025-04-21 15:20:07.213  INFO 23612 --- [scheduling-1] com.indusind.scheduler.SchedulingClass   : Submitted batch from index 70000 to 70500
2025-04-21 15:20:07.213  INFO 23612 --- [scheduling-1] com.indusind.scheduler.SchedulingClass   : Submitted batch from index 70500 to 71000
2025-04-21 15:20:07.213  INFO 23612 --- [scheduling-1] com.indusind.scheduler.SchedulingClass   : Submitted batch from index 71000 to 71500
2025-04-21 15:20:07.213  INFO 23612 --- [scheduling-1] com.indusind.scheduler.SchedulingClass   : Submitted batch from index 71500 to 72000
2025-04-21 15:20:07.213  INFO 23612 --- [scheduling-1] com.indusind.scheduler.SchedulingClass   : Submitted batch from index 72000 to 72500
2025-04-21 15:20:07.213  INFO 23612 --- [scheduling-1] com.indusind.scheduler.SchedulingClass   : Submitted batch from index 72500 to 73000
2025-04-21 15:20:07.213  INFO 23612 --- [scheduling-1] com.indusind.scheduler.SchedulingClass   : Submitted batch from index 73000 to 73500
2025-04-21 15:20:07.213  INFO 23612 --- [scheduling-1] com.indusind.scheduler.SchedulingClass   : Submitted batch from index 73500 to 74000
2025-04-21 15:20:07.213  INFO 23612 --- [scheduling-1] com.indusind.scheduler.SchedulingClass   : Submitted batch from index 74000 to 74500
2025-04-21 15:20:07.214  INFO 23612 --- [scheduling-1] com.indusind.scheduler.SchedulingClass   : Submitted batch from index 74500 to 75000
2025-04-21 15:20:07.214  INFO 23612 --- [scheduling-1] com.indusind.scheduler.SchedulingClass   : Submitted batch from index 75000 to 75500
2025-04-21 15:20:07.214  INFO 23612 --- [scheduling-1] com.indusind.scheduler.SchedulingClass   : Submitted batch from index 75500 to 76000
2025-04-21 15:20:07.214  INFO 23612 --- [scheduling-1] com.indusind.scheduler.SchedulingClass   : Submitted batch from index 76000 to 76500
2025-04-21 15:20:07.214  INFO 23612 --- [scheduling-1] com.indusind.scheduler.SchedulingClass   : Submitted batch from index 76500 to 77000
2025-04-21 15:20:07.214  INFO 23612 --- [scheduling-1] com.indusind.scheduler.SchedulingClass   : Submitted batch from index 77000 to 77500
2025-04-21 15:20:07.214  INFO 23612 --- [scheduling-1] com.indusind.scheduler.SchedulingClass   : Submitted batch from index 77500 to 78000
2025-04-21 15:20:07.214  INFO 23612 --- [scheduling-1] com.indusind.scheduler.SchedulingClass   : Submitted batch from index 78000 to 78500
2025-04-21 15:20:07.214  INFO 23612 --- [scheduling-1] com.indusind.scheduler.SchedulingClass   : Submitted batch from index 78500 to 79000
2025-04-21 15:20:07.214  INFO 23612 --- [scheduling-1] com.indusind.scheduler.SchedulingClass   : Submitted batch from index 79000 to 79500
2025-04-21 15:20:07.214  INFO 23612 --- [scheduling-1] com.indusind.scheduler.SchedulingClass   : Submitted batch from index 79500 to 80000
2025-04-21 15:20:07.214  INFO 23612 --- [scheduling-1] com.indusind.scheduler.SchedulingClass   : Submitted batch from index 80000 to 80500
2025-04-21 15:20:07.214  INFO 23612 --- [scheduling-1] com.indusind.scheduler.SchedulingClass   : Submitted batch from index 80500 to 81000
2025-04-21 15:20:07.214  INFO 23612 --- [scheduling-1] com.indusind.scheduler.SchedulingClass   : Submitted batch from index 81000 to 81500
2025-04-21 15:20:07.214  INFO 23612 --- [scheduling-1] com.indusind.scheduler.SchedulingClass   : Submitted batch from index 81500 to 82000
2025-04-21 15:20:07.214  INFO 23612 --- [scheduling-1] com.indusind.scheduler.SchedulingClass   : Submitted batch from index 82000 to 82500
2025-04-21 15:20:07.214  INFO 23612 --- [scheduling-1] com.indusind.scheduler.SchedulingClass   : Submitted batch from index 82500 to 83000
2025-04-21 15:20:07.214  INFO 23612 --- [scheduling-1] com.indusind.scheduler.SchedulingClass   : Submitted batch from index 83000 to 83500
2025-04-21 15:20:07.214  INFO 23612 --- [scheduling-1] com.indusind.scheduler.SchedulingClass   : Submitted batch from index 83500 to 84000
2025-04-21 15:20:07.214  INFO 23612 --- [scheduling-1] com.indusind.scheduler.SchedulingClass   : Submitted batch from index 84000 to 84500
2025-04-21 15:20:07.214  INFO 23612 --- [scheduling-1] com.indusind.scheduler.SchedulingClass   : Submitted batch from index 84500 to 85000
2025-04-21 15:20:07.215  INFO 23612 --- [scheduling-1] com.indusind.scheduler.SchedulingClass   : Submitted batch from index 85000 to 85500
2025-04-21 15:20:07.215  INFO 23612 --- [scheduling-1] com.indusind.scheduler.SchedulingClass   : Submitted batch from index 85500 to 86000
2025-04-21 15:20:07.215  INFO 23612 --- [scheduling-1] com.indusind.scheduler.SchedulingClass   : Submitted batch from index 86000 to 86500
2025-04-21 15:20:07.215  INFO 23612 --- [scheduling-1] com.indusind.scheduler.SchedulingClass   : Submitted batch from index 86500 to 87000
2025-04-21 15:20:07.215  INFO 23612 --- [scheduling-1] com.indusind.scheduler.SchedulingClass   : Submitted batch from index 87000 to 87500
2025-04-21 15:20:07.215  INFO 23612 --- [scheduling-1] com.indusind.scheduler.SchedulingClass   : Submitted batch from index 87500 to 88000
2025-04-21 15:20:07.215  INFO 23612 --- [scheduling-1] com.indusind.scheduler.SchedulingClass   : Submitted batch from index 88000 to 88500
2025-04-21 15:20:07.215  INFO 23612 --- [scheduling-1] com.indusind.scheduler.SchedulingClass   : Submitted batch from index 88500 to 89000
2025-04-21 15:20:07.215  INFO 23612 --- [scheduling-1] com.indusind.scheduler.SchedulingClass   : Submitted batch from index 89000 to 89500
2025-04-21 15:20:07.215  INFO 23612 --- [scheduling-1] com.indusind.scheduler.SchedulingClass   : Submitted batch from index 89500 to 90000
2025-04-21 15:20:07.215  INFO 23612 --- [scheduling-1] com.indusind.scheduler.SchedulingClass   : Submitted batch from index 90000 to 90500
2025-04-21 15:20:07.216  INFO 23612 --- [scheduling-1] com.indusind.scheduler.SchedulingClass   : Submitted batch from index 90500 to 91000
2025-04-21 15:20:07.216  INFO 23612 --- [scheduling-1] com.indusind.scheduler.SchedulingClass   : Submitted batch from index 91000 to 91500
2025-04-21 15:20:07.216  INFO 23612 --- [scheduling-1] com.indusind.scheduler.SchedulingClass   : Submitted batch from index 91500 to 92000
2025-04-21 15:20:07.216  INFO 23612 --- [scheduling-1] com.indusind.scheduler.SchedulingClass   : Submitted batch from index 92000 to 92500
2025-04-21 15:20:07.216  INFO 23612 --- [scheduling-1] com.indusind.scheduler.SchedulingClass   : Submitted batch from index 92500 to 93000
2025-04-21 15:20:07.216  INFO 23612 --- [scheduling-1] com.indusind.scheduler.SchedulingClass   : Submitted batch from index 93000 to 93500
2025-04-21 15:20:07.216  INFO 23612 --- [scheduling-1] com.indusind.scheduler.SchedulingClass   : Submitted batch from index 93500 to 94000
2025-04-21 15:20:07.216  INFO 23612 --- [scheduling-1] com.indusind.scheduler.SchedulingClass   : Submitted batch from index 94000 to 94500
2025-04-21 15:20:07.216  INFO 23612 --- [scheduling-1] com.indusind.scheduler.SchedulingClass   : Submitted batch from index 94500 to 95000
2025-04-21 15:20:07.216  INFO 23612 --- [scheduling-1] com.indusind.scheduler.SchedulingClass   : Submitted batch from index 95000 to 95500
2025-04-21 15:20:07.216  INFO 23612 --- [scheduling-1] com.indusind.scheduler.SchedulingClass   : Submitted batch from index 95500 to 96000
2025-04-21 15:20:07.216  INFO 23612 --- [scheduling-1] com.indusind.scheduler.SchedulingClass   : Submitted batch from index 96000 to 96500
2025-04-21 15:20:07.216  INFO 23612 --- [scheduling-1] com.indusind.scheduler.SchedulingClass   : Submitted batch from index 96500 to 97000
2025-04-21 15:20:07.217  INFO 23612 --- [scheduling-1] com.indusind.scheduler.SchedulingClass   : Submitted batch from index 97000 to 97500
2025-04-21 15:20:07.217  INFO 23612 --- [scheduling-1] com.indusind.scheduler.SchedulingClass   : Submitted batch from index 97500 to 98000
2025-04-21 15:20:07.217  INFO 23612 --- [scheduling-1] com.indusind.scheduler.SchedulingClass   : Submitted batch from index 98000 to 98500
2025-04-21 15:20:07.217  INFO 23612 --- [scheduling-1] com.indusind.scheduler.SchedulingClass   : Submitted batch from index 98500 to 99000
2025-04-21 15:20:07.217  INFO 23612 --- [scheduling-1] com.indusind.scheduler.SchedulingClass   : Submitted batch from index 99000 to 99500
2025-04-21 15:20:07.217  INFO 23612 --- [scheduling-1] com.indusind.scheduler.SchedulingClass   : Submitted batch from index 99500 to 100000
2025-04-21 15:20:07.217  INFO 23612 --- [scheduling-1] com.indusind.scheduler.SchedulingClass   : Submitted batch from index 100000 to 100500
2025-04-21 15:20:07.217  INFO 23612 --- [scheduling-1] com.indusind.scheduler.SchedulingClass   : Submitted batch from index 100500 to 101000
2025-04-21 15:20:07.217  INFO 23612 --- [scheduling-1] com.indusind.scheduler.SchedulingClass   : Submitted batch from index 101000 to 101500
2025-04-21 15:20:07.217  INFO 23612 --- [scheduling-1] com.indusind.scheduler.SchedulingClass   : Submitted batch from index 101500 to 102000
2025-04-21 15:20:07.217  INFO 23612 --- [scheduling-1] com.indusind.scheduler.SchedulingClass   : Submitted batch from index 102000 to 102500
2025-04-21 15:20:07.217  INFO 23612 --- [scheduling-1] com.indusind.scheduler.SchedulingClass   : Submitted batch from index 102500 to 103000
2025-04-21 15:20:07.217  INFO 23612 --- [scheduling-1] com.indusind.scheduler.SchedulingClass   : Submitted batch from index 103000 to 103500
2025-04-21 15:20:07.218  INFO 23612 --- [scheduling-1] com.indusind.scheduler.SchedulingClass   : Submitted batch from index 103500 to 104000
2025-04-21 15:20:07.218  INFO 23612 --- [scheduling-1] com.indusind.scheduler.SchedulingClass   : Submitted batch from index 104000 to 104500
2025-04-21 15:20:07.218  INFO 23612 --- [scheduling-1] com.indusind.scheduler.SchedulingClass   : Submitted batch from index 104500 to 105000
2025-04-21 15:20:07.218  INFO 23612 --- [scheduling-1] com.indusind.scheduler.SchedulingClass   : Submitted batch from index 105000 to 105500
2025-04-21 15:20:07.218  INFO 23612 --- [scheduling-1] com.indusind.scheduler.SchedulingClass   : Submitted batch from index 105500 to 106000
2025-04-21 15:20:07.218  INFO 23612 --- [scheduling-1] com.indusind.scheduler.SchedulingClass   : Submitted batch from index 106000 to 106500
2025-04-21 15:20:07.218  INFO 23612 --- [scheduling-1] com.indusind.scheduler.SchedulingClass   : Submitted batch from index 106500 to 107000
2025-04-21 15:20:07.218  INFO 23612 --- [scheduling-1] com.indusind.scheduler.SchedulingClass   : Submitted batch from index 107000 to 107500
2025-04-21 15:20:07.219  INFO 23612 --- [scheduling-1] com.indusind.scheduler.SchedulingClass   : Submitted batch from index 107500 to 108000
2025-04-21 15:20:07.219  INFO 23612 --- [scheduling-1] com.indusind.scheduler.SchedulingClass   : Submitted batch from index 108000 to 108500
2025-04-21 15:20:07.219  INFO 23612 --- [scheduling-1] com.indusind.scheduler.SchedulingClass   : Submitted batch from index 108500 to 109000
2025-04-21 15:20:07.219  INFO 23612 --- [scheduling-1] com.indusind.scheduler.SchedulingClass   : Submitted batch from index 109000 to 109500
2025-04-21 15:20:07.219  INFO 23612 --- [scheduling-1] com.indusind.scheduler.SchedulingClass   : Submitted batch from index 109500 to 110000
2025-04-21 15:20:07.219  INFO 23612 --- [scheduling-1] com.indusind.scheduler.SchedulingClass   : Submitted batch from index 110000 to 110500
2025-04-21 15:20:07.219  INFO 23612 --- [scheduling-1] com.indusind.scheduler.SchedulingClass   : Submitted batch from index 110500 to 111000
2025-04-21 15:20:07.219  INFO 23612 --- [scheduling-1] com.indusind.scheduler.SchedulingClass   : Submitted batch from index 111000 to 111500
2025-04-21 15:20:07.219  INFO 23612 --- [scheduling-1] com.indusind.scheduler.SchedulingClass   : Submitted batch from index 111500 to 112000
2025-04-21 15:20:07.219  INFO 23612 --- [scheduling-1] com.indusind.scheduler.SchedulingClass   : Submitted batch from index 112000 to 112500
2025-04-21 15:20:07.219  INFO 23612 --- [scheduling-1] com.indusind.scheduler.SchedulingClass   : Submitted batch from index 112500 to 113000
2025-04-21 15:20:07.220  INFO 23612 --- [scheduling-1] com.indusind.scheduler.SchedulingClass   : Submitted batch from index 113000 to 113500
2025-04-21 15:20:07.220  INFO 23612 --- [scheduling-1] com.indusind.scheduler.SchedulingClass   : Submitted batch from index 113500 to 114000
2025-04-21 15:20:07.220  INFO 23612 --- [scheduling-1] com.indusind.scheduler.SchedulingClass   : Submitted batch from index 114000 to 114500
2025-04-21 15:20:07.220  INFO 23612 --- [scheduling-1] com.indusind.scheduler.SchedulingClass   : Submitted batch from index 114500 to 115000
2025-04-21 15:20:07.220  INFO 23612 --- [scheduling-1] com.indusind.scheduler.SchedulingClass   : Submitted batch from index 115000 to 115500
2025-04-21 15:20:07.220  INFO 23612 --- [scheduling-1] com.indusind.scheduler.SchedulingClass   : Submitted batch from index 115500 to 116000
2025-04-21 15:20:07.220  INFO 23612 --- [scheduling-1] com.indusind.scheduler.SchedulingClass   : Submitted batch from index 116000 to 116500
2025-04-21 15:20:07.220  INFO 23612 --- [scheduling-1] com.indusind.scheduler.SchedulingClass   : Submitted batch from index 116500 to 117000
2025-04-21 15:20:07.220  INFO 23612 --- [scheduling-1] com.indusind.scheduler.SchedulingClass   : Submitted batch from index 117000 to 117500
2025-04-21 15:20:07.220  INFO 23612 --- [scheduling-1] com.indusind.scheduler.SchedulingClass   : Submitted batch from index 117500 to 118000
2025-04-21 15:20:07.220  INFO 23612 --- [scheduling-1] com.indusind.scheduler.SchedulingClass   : Submitted batch from index 118000 to 118500
2025-04-21 15:20:07.220  INFO 23612 --- [scheduling-1] com.indusind.scheduler.SchedulingClass   : Submitted batch from index 118500 to 119000
2025-04-21 15:20:07.220  INFO 23612 --- [scheduling-1] com.indusind.scheduler.SchedulingClass   : Submitted batch from index 119000 to 119500
2025-04-21 15:20:07.221  INFO 23612 --- [scheduling-1] com.indusind.scheduler.SchedulingClass   : Submitted batch from index 119500 to 120000
2025-04-21 15:20:07.221  INFO 23612 --- [scheduling-1] com.indusind.scheduler.SchedulingClass   : Submitted batch from index 120000 to 120500
2025-04-21 15:20:07.221  INFO 23612 --- [scheduling-1] com.indusind.scheduler.SchedulingClass   : Submitted batch from index 120500 to 121000
2025-04-21 15:20:07.221  INFO 23612 --- [scheduling-1] com.indusind.scheduler.SchedulingClass   : Submitted batch from index 121000 to 121500
2025-04-21 15:20:07.221  INFO 23612 --- [scheduling-1] com.indusind.scheduler.SchedulingClass   : Submitted batch from index 121500 to 122000
2025-04-21 15:20:07.221  INFO 23612 --- [scheduling-1] com.indusind.scheduler.SchedulingClass   : Submitted batch from index 122000 to 122500
2025-04-21 15:20:07.221  INFO 23612 --- [scheduling-1] com.indusind.scheduler.SchedulingClass   : Submitted batch from index 122500 to 123000
2025-04-21 15:20:07.221  INFO 23612 --- [scheduling-1] com.indusind.scheduler.SchedulingClass   : Submitted batch from index 123000 to 123500
2025-04-21 15:20:07.221  INFO 23612 --- [scheduling-1] com.indusind.scheduler.SchedulingClass   : Submitted batch from index 123500 to 124000
2025-04-21 15:20:07.221  INFO 23612 --- [scheduling-1] com.indusind.scheduler.SchedulingClass   : Submitted batch from index 124000 to 124500
2025-04-21 15:20:07.221  INFO 23612 --- [scheduling-1] com.indusind.scheduler.SchedulingClass   : Submitted batch from index 124500 to 125000
2025-04-21 15:20:07.221  INFO 23612 --- [scheduling-1] com.indusind.scheduler.SchedulingClass   : Submitted batch from index 125000 to 125500
2025-04-21 15:20:07.221  INFO 23612 --- [scheduling-1] com.indusind.scheduler.SchedulingClass   : Submitted batch from index 125500 to 126000
2025-04-21 15:20:07.221  INFO 23612 --- [scheduling-1] com.indusind.scheduler.SchedulingClass   : Submitted batch from index 126000 to 126500
2025-04-21 15:20:07.221  INFO 23612 --- [scheduling-1] com.indusind.scheduler.SchedulingClass   : Submitted batch from index 126500 to 127000
2025-04-21 15:20:07.221  INFO 23612 --- [scheduling-1] com.indusind.scheduler.SchedulingClass   : Submitted batch from index 127000 to 127500
2025-04-21 15:20:07.221  INFO 23612 --- [scheduling-1] com.indusind.scheduler.SchedulingClass   : Submitted batch from index 127500 to 128000
2025-04-21 15:20:07.221  INFO 23612 --- [scheduling-1] com.indusind.scheduler.SchedulingClass   : Submitted batch from index 128000 to 128500
2025-04-21 15:20:07.222  INFO 23612 --- [scheduling-1] com.indusind.scheduler.SchedulingClass   : Submitted batch from index 128500 to 129000
2025-04-21 15:20:07.222  INFO 23612 --- [scheduling-1] com.indusind.scheduler.SchedulingClass   : Submitted batch from index 129000 to 129500
2025-04-21 15:20:07.222  INFO 23612 --- [scheduling-1] com.indusind.scheduler.SchedulingClass   : Submitted batch from index 129500 to 130000
2025-04-21 15:20:07.222  INFO 23612 --- [scheduling-1] com.indusind.scheduler.SchedulingClass   : Submitted batch from index 130000 to 130500
2025-04-21 15:20:07.222  INFO 23612 --- [scheduling-1] com.indusind.scheduler.SchedulingClass   : Submitted batch from index 130500 to 131000
2025-04-21 15:20:07.222  INFO 23612 --- [scheduling-1] com.indusind.scheduler.SchedulingClass   : Submitted batch from index 131000 to 131500
2025-04-21 15:20:07.222  INFO 23612 --- [scheduling-1] com.indusind.scheduler.SchedulingClass   : Submitted batch from index 131500 to 132000
2025-04-21 15:20:07.222  INFO 23612 --- [scheduling-1] com.indusind.scheduler.SchedulingClass   : Submitted batch from index 132000 to 132500
2025-04-21 15:20:07.222  INFO 23612 --- [scheduling-1] com.indusind.scheduler.SchedulingClass   : Submitted batch from index 132500 to 133000
2025-04-21 15:20:07.222  INFO 23612 --- [scheduling-1] com.indusind.scheduler.SchedulingClass   : Submitted batch from index 133000 to 133500
2025-04-21 15:20:07.222  INFO 23612 --- [scheduling-1] com.indusind.scheduler.SchedulingClass   : Submitted batch from index 133500 to 134000
2025-04-21 15:20:07.222  INFO 23612 --- [scheduling-1] com.indusind.scheduler.SchedulingClass   : Submitted batch from index 134000 to 134500
2025-04-21 15:20:07.222  INFO 23612 --- [scheduling-1] com.indusind.scheduler.SchedulingClass   : Submitted batch from index 134500 to 135000
2025-04-21 15:20:07.222  INFO 23612 --- [scheduling-1] com.indusind.scheduler.SchedulingClass   : Submitted batch from index 135000 to 135500
2025-04-21 15:20:07.222  INFO 23612 --- [scheduling-1] com.indusind.scheduler.SchedulingClass   : Submitted batch from index 135500 to 136000
2025-04-21 15:20:07.222  INFO 23612 --- [scheduling-1] com.indusind.scheduler.SchedulingClass   : Submitted batch from index 136000 to 136500
2025-04-21 15:20:07.222  INFO 23612 --- [scheduling-1] com.indusind.scheduler.SchedulingClass   : Submitted batch from index 136500 to 137000
2025-04-21 15:20:07.222  INFO 23612 --- [scheduling-1] com.indusind.scheduler.SchedulingClass   : Submitted batch from index 137000 to 137500
2025-04-21 15:20:07.222  INFO 23612 --- [scheduling-1] com.indusind.scheduler.SchedulingClass   : Submitted batch from index 137500 to 138000
2025-04-21 15:20:07.222  INFO 23612 --- [scheduling-1] com.indusind.scheduler.SchedulingClass   : Submitted batch from index 138000 to 138500
2025-04-21 15:20:07.222  INFO 23612 --- [scheduling-1] com.indusind.scheduler.SchedulingClass   : Submitted batch from index 138500 to 139000
2025-04-21 15:20:07.223  INFO 23612 --- [scheduling-1] com.indusind.scheduler.SchedulingClass   : Submitted batch from index 139000 to 139500
2025-04-21 15:20:07.223  INFO 23612 --- [scheduling-1] com.indusind.scheduler.SchedulingClass   : Submitted batch from index 139500 to 140000
2025-04-21 15:20:07.223  INFO 23612 --- [scheduling-1] com.indusind.scheduler.SchedulingClass   : Submitted batch from index 140000 to 140500
2025-04-21 15:20:07.223  INFO 23612 --- [scheduling-1] com.indusind.scheduler.SchedulingClass   : Submitted batch from index 140500 to 141000
2025-04-21 15:20:07.223  INFO 23612 --- [scheduling-1] com.indusind.scheduler.SchedulingClass   : Submitted batch from index 141000 to 141500
2025-04-21 15:20:07.223  INFO 23612 --- [scheduling-1] com.indusind.scheduler.SchedulingClass   : Submitted batch from index 141500 to 142000
2025-04-21 15:20:07.223  INFO 23612 --- [scheduling-1] com.indusind.scheduler.SchedulingClass   : Submitted batch from index 142000 to 142500
2025-04-21 15:20:07.223  INFO 23612 --- [scheduling-1] com.indusind.scheduler.SchedulingClass   : Submitted batch from index 142500 to 143000
2025-04-21 15:20:07.223  INFO 23612 --- [scheduling-1] com.indusind.scheduler.SchedulingClass   : Submitted batch from index 143000 to 143500
2025-04-21 15:20:07.223  INFO 23612 --- [scheduling-1] com.indusind.scheduler.SchedulingClass   : Submitted batch from index 143500 to 144000
2025-04-21 15:20:07.223  INFO 23612 --- [scheduling-1] com.indusind.scheduler.SchedulingClass   : Submitted batch from index 144000 to 144500
2025-04-21 15:20:07.223  INFO 23612 --- [scheduling-1] com.indusind.scheduler.SchedulingClass   : Submitted batch from index 144500 to 145000
2025-04-21 15:20:07.223  INFO 23612 --- [scheduling-1] com.indusind.scheduler.SchedulingClass   : Submitted batch from index 145000 to 145500
2025-04-21 15:20:07.223  INFO 23612 --- [scheduling-1] com.indusind.scheduler.SchedulingClass   : Submitted batch from index 145500 to 146000
2025-04-21 15:20:07.223  INFO 23612 --- [scheduling-1] com.indusind.scheduler.SchedulingClass   : Submitted batch from index 146000 to 146500
2025-04-21 15:20:07.223  INFO 23612 --- [scheduling-1] com.indusind.scheduler.SchedulingClass   : Submitted batch from index 146500 to 147000
2025-04-21 15:20:07.223  INFO 23612 --- [scheduling-1] com.indusind.scheduler.SchedulingClass   : Submitted batch from index 147000 to 147500
2025-04-21 15:20:07.223  INFO 23612 --- [scheduling-1] com.indusind.scheduler.SchedulingClass   : Submitted batch from index 147500 to 148000
2025-04-21 15:20:07.223  INFO 23612 --- [scheduling-1] com.indusind.scheduler.SchedulingClass   : Submitted batch from index 148000 to 148500
2025-04-21 15:20:07.223  INFO 23612 --- [scheduling-1] com.indusind.scheduler.SchedulingClass   : Submitted batch from index 148500 to 149000
2025-04-21 15:20:07.223  INFO 23612 --- [scheduling-1] com.indusind.scheduler.SchedulingClass   : Submitted batch from index 149000 to 149500
2025-04-21 15:20:07.224  INFO 23612 --- [scheduling-1] com.indusind.scheduler.SchedulingClass   : Submitted batch from index 149500 to 150000
2025-04-21 15:20:07.224  INFO 23612 --- [scheduling-1] com.indusind.scheduler.SchedulingClass   : Submitted batch from index 150000 to 150500
2025-04-21 15:20:07.224  INFO 23612 --- [scheduling-1] com.indusind.scheduler.SchedulingClass   : Submitted batch from index 150500 to 151000
2025-04-21 15:20:07.224  INFO 23612 --- [scheduling-1] com.indusind.scheduler.SchedulingClass   : Submitted batch from index 151000 to 151500
2025-04-21 15:20:07.224  INFO 23612 --- [scheduling-1] com.indusind.scheduler.SchedulingClass   : Submitted batch from index 151500 to 152000
2025-04-21 15:20:07.224  INFO 23612 --- [scheduling-1] com.indusind.scheduler.SchedulingClass   : Submitted batch from index 152000 to 152500
2025-04-21 15:20:07.224  INFO 23612 --- [scheduling-1] com.indusind.scheduler.SchedulingClass   : Submitted batch from index 152500 to 153000
2025-04-21 15:20:07.224  INFO 23612 --- [scheduling-1] com.indusind.scheduler.SchedulingClass   : Submitted batch from index 153000 to 153500
2025-04-21 15:20:07.224  INFO 23612 --- [scheduling-1] com.indusind.scheduler.SchedulingClass   : Submitted batch from index 153500 to 154000
2025-04-21 15:20:07.224  INFO 23612 --- [scheduling-1] com.indusind.scheduler.SchedulingClass   : Submitted batch from index 154000 to 154500
2025-04-21 15:20:07.224  INFO 23612 --- [scheduling-1] com.indusind.scheduler.SchedulingClass   : Submitted batch from index 154500 to 155000
2025-04-21 15:20:07.224  INFO 23612 --- [scheduling-1] com.indusind.scheduler.SchedulingClass   : Submitted batch from index 155000 to 155500
2025-04-21 15:20:07.224  INFO 23612 --- [scheduling-1] com.indusind.scheduler.SchedulingClass   : Submitted batch from index 155500 to 156000
2025-04-21 15:20:07.224  INFO 23612 --- [scheduling-1] com.indusind.scheduler.SchedulingClass   : Submitted batch from index 156000 to 156500
2025-04-21 15:20:07.224  INFO 23612 --- [scheduling-1] com.indusind.scheduler.SchedulingClass   : Submitted batch from index 156500 to 157000
2025-04-21 15:20:07.224  INFO 23612 --- [scheduling-1] com.indusind.scheduler.SchedulingClass   : Submitted batch from index 157000 to 157500
2025-04-21 15:20:07.224  INFO 23612 --- [scheduling-1] com.indusind.scheduler.SchedulingClass   : Submitted batch from index 157500 to 158000
2025-04-21 15:20:07.224  INFO 23612 --- [scheduling-1] com.indusind.scheduler.SchedulingClass   : Submitted batch from index 158000 to 158500
2025-04-21 15:20:07.224  INFO 23612 --- [scheduling-1] com.indusind.scheduler.SchedulingClass   : Submitted batch from index 158500 to 159000
2025-04-21 15:20:07.224  INFO 23612 --- [scheduling-1] com.indusind.scheduler.SchedulingClass   : Submitted batch from index 159000 to 159500
2025-04-21 15:20:07.224  INFO 23612 --- [scheduling-1] com.indusind.scheduler.SchedulingClass   : Submitted batch from index 159500 to 160000
2025-04-21 15:20:07.224  INFO 23612 --- [scheduling-1] com.indusind.scheduler.SchedulingClass   : Submitted batch from index 160000 to 160500
2025-04-21 15:20:07.224  INFO 23612 --- [scheduling-1] com.indusind.scheduler.SchedulingClass   : Submitted batch from index 160500 to 161000
2025-04-21 15:20:07.224  INFO 23612 --- [scheduling-1] com.indusind.scheduler.SchedulingClass   : Submitted batch from index 161000 to 161500
2025-04-21 15:20:07.224  INFO 23612 --- [scheduling-1] com.indusind.scheduler.SchedulingClass   : Submitted batch from index 161500 to 162000
2025-04-21 15:20:07.224  INFO 23612 --- [scheduling-1] com.indusind.scheduler.SchedulingClass   : Submitted batch from index 162000 to 162500
2025-04-21 15:20:07.224  INFO 23612 --- [scheduling-1] com.indusind.scheduler.SchedulingClass   : Submitted batch from index 162500 to 163000
2025-04-21 15:20:07.225  INFO 23612 --- [scheduling-1] com.indusind.scheduler.SchedulingClass   : Submitted batch from index 163000 to 163500
2025-04-21 15:20:07.225  INFO 23612 --- [scheduling-1] com.indusind.scheduler.SchedulingClass   : Submitted batch from index 163500 to 164000
2025-04-21 15:20:07.225  INFO 23612 --- [scheduling-1] com.indusind.scheduler.SchedulingClass   : Submitted batch from index 164000 to 164500
2025-04-21 15:20:07.225  INFO 23612 --- [scheduling-1] com.indusind.scheduler.SchedulingClass   : Submitted batch from index 164500 to 165000
2025-04-21 15:20:07.225  INFO 23612 --- [scheduling-1] com.indusind.scheduler.SchedulingClass   : Submitted batch from index 165000 to 165500
2025-04-21 15:20:07.225  INFO 23612 --- [scheduling-1] com.indusind.scheduler.SchedulingClass   : Submitted batch from index 165500 to 166000
2025-04-21 15:20:07.225  INFO 23612 --- [scheduling-1] com.indusind.scheduler.SchedulingClass   : Submitted batch from index 166000 to 166500
2025-04-21 15:20:07.225  INFO 23612 --- [scheduling-1] com.indusind.scheduler.SchedulingClass   : Submitted batch from index 166500 to 167000
2025-04-21 15:20:07.225  INFO 23612 --- [scheduling-1] com.indusind.scheduler.SchedulingClass   : Submitted batch from index 167000 to 167500
2025-04-21 15:20:07.225  INFO 23612 --- [scheduling-1] com.indusind.scheduler.SchedulingClass   : Submitted batch from index 167500 to 168000
2025-04-21 15:20:07.225  INFO 23612 --- [scheduling-1] com.indusind.scheduler.SchedulingClass   : Submitted batch from index 168000 to 168500
2025-04-21 15:20:07.225  INFO 23612 --- [scheduling-1] com.indusind.scheduler.SchedulingClass   : Submitted batch from index 168500 to 169000
2025-04-21 15:20:07.225  INFO 23612 --- [scheduling-1] com.indusind.scheduler.SchedulingClass   : Submitted batch from index 169000 to 169500
2025-04-21 15:20:07.225  INFO 23612 --- [scheduling-1] com.indusind.scheduler.SchedulingClass   : Submitted batch from index 169500 to 170000
2025-04-21 15:20:07.225  INFO 23612 --- [scheduling-1] com.indusind.scheduler.SchedulingClass   : Submitted batch from index 170000 to 170500
2025-04-21 15:20:07.225  INFO 23612 --- [scheduling-1] com.indusind.scheduler.SchedulingClass   : Submitted batch from index 170500 to 171000
2025-04-21 15:20:07.225  INFO 23612 --- [scheduling-1] com.indusind.scheduler.SchedulingClass   : Submitted batch from index 171000 to 171500
2025-04-21 15:20:07.225  INFO 23612 --- [scheduling-1] com.indusind.scheduler.SchedulingClass   : Submitted batch from index 171500 to 172000
2025-04-21 15:20:07.225  INFO 23612 --- [scheduling-1] com.indusind.scheduler.SchedulingClass   : Submitted batch from index 172000 to 172500
2025-04-21 15:20:07.225  INFO 23612 --- [scheduling-1] com.indusind.scheduler.SchedulingClass   : Submitted batch from index 172500 to 173000
2025-04-21 15:20:07.226  INFO 23612 --- [scheduling-1] com.indusind.scheduler.SchedulingClass   : Submitted batch from index 173000 to 173500
2025-04-21 15:20:07.226  INFO 23612 --- [scheduling-1] com.indusind.scheduler.SchedulingClass   : Submitted batch from index 173500 to 174000
2025-04-21 15:20:07.226  INFO 23612 --- [scheduling-1] com.indusind.scheduler.SchedulingClass   : Submitted batch from index 174000 to 174500
2025-04-21 15:20:07.226  INFO 23612 --- [scheduling-1] com.indusind.scheduler.SchedulingClass   : Submitted batch from index 174500 to 175000
2025-04-21 15:20:07.226  INFO 23612 --- [scheduling-1] com.indusind.scheduler.SchedulingClass   : Submitted batch from index 175000 to 175500
2025-04-21 15:20:07.226  INFO 23612 --- [scheduling-1] com.indusind.scheduler.SchedulingClass   : Submitted batch from index 175500 to 176000
2025-04-21 15:20:07.226  INFO 23612 --- [scheduling-1] com.indusind.scheduler.SchedulingClass   : Submitted batch from index 176000 to 176500
2025-04-21 15:20:07.226  INFO 23612 --- [scheduling-1] com.indusind.scheduler.SchedulingClass   : Submitted batch from index 176500 to 177000
2025-04-21 15:20:07.226  INFO 23612 --- [scheduling-1] com.indusind.scheduler.SchedulingClass   : Submitted batch from index 177000 to 177500
2025-04-21 15:20:07.226  INFO 23612 --- [scheduling-1] com.indusind.scheduler.SchedulingClass   : Submitted batch from index 177500 to 178000
2025-04-21 15:20:07.226  INFO 23612 --- [scheduling-1] com.indusind.scheduler.SchedulingClass   : Submitted batch from index 178000 to 178500
2025-04-21 15:20:07.226  INFO 23612 --- [scheduling-1] com.indusind.scheduler.SchedulingClass   : Submitted batch from index 178500 to 179000
2025-04-21 15:20:07.226  INFO 23612 --- [scheduling-1] com.indusind.scheduler.SchedulingClass   : Submitted batch from index 179000 to 179500
2025-04-21 15:20:07.226  INFO 23612 --- [scheduling-1] com.indusind.scheduler.SchedulingClass   : Submitted batch from index 179500 to 180000
2025-04-21 15:20:07.226  INFO 23612 --- [scheduling-1] com.indusind.scheduler.SchedulingClass   : Submitted batch from index 180000 to 180500
2025-04-21 15:20:07.226  INFO 23612 --- [scheduling-1] com.indusind.scheduler.SchedulingClass   : Submitted batch from index 180500 to 181000
2025-04-21 15:20:07.226  INFO 23612 --- [scheduling-1] com.indusind.scheduler.SchedulingClass   : Submitted batch from index 181000 to 181500
2025-04-21 15:20:07.226  INFO 23612 --- [scheduling-1] com.indusind.scheduler.SchedulingClass   : Submitted batch from index 181500 to 182000
2025-04-21 15:20:07.226  INFO 23612 --- [scheduling-1] com.indusind.scheduler.SchedulingClass   : Submitted batch from index 182000 to 182500
2025-04-21 15:20:07.226  INFO 23612 --- [scheduling-1] com.indusind.scheduler.SchedulingClass   : Submitted batch from index 182500 to 183000
2025-04-21 15:20:07.226  INFO 23612 --- [scheduling-1] com.indusind.scheduler.SchedulingClass   : Submitted batch from index 183000 to 183500
2025-04-21 15:20:07.226  INFO 23612 --- [scheduling-1] com.indusind.scheduler.SchedulingClass   : Submitted batch from index 183500 to 184000
2025-04-21 15:20:07.226  INFO 23612 --- [scheduling-1] com.indusind.scheduler.SchedulingClass   : Submitted batch from index 184000 to 184500
2025-04-21 15:20:07.226  INFO 23612 --- [scheduling-1] com.indusind.scheduler.SchedulingClass   : Submitted batch from index 184500 to 185000
2025-04-21 15:20:07.227  INFO 23612 --- [scheduling-1] com.indusind.scheduler.SchedulingClass   : Submitted batch from index 185000 to 185500
2025-04-21 15:20:07.227  INFO 23612 --- [scheduling-1] com.indusind.scheduler.SchedulingClass   : Submitted batch from index 185500 to 186000
2025-04-21 15:20:07.227  INFO 23612 --- [scheduling-1] com.indusind.scheduler.SchedulingClass   : Submitted batch from index 186000 to 186500
2025-04-21 15:20:07.227  INFO 23612 --- [scheduling-1] com.indusind.scheduler.SchedulingClass   : Submitted batch from index 186500 to 187000
2025-04-21 15:20:07.227  INFO 23612 --- [scheduling-1] com.indusind.scheduler.SchedulingClass   : Submitted batch from index 187000 to 187500
2025-04-21 15:20:07.227  INFO 23612 --- [scheduling-1] com.indusind.scheduler.SchedulingClass   : Submitted batch from index 187500 to 188000
2025-04-21 15:20:07.227  INFO 23612 --- [scheduling-1] com.indusind.scheduler.SchedulingClass   : Submitted batch from index 188000 to 188500
2025-04-21 15:20:07.227  INFO 23612 --- [scheduling-1] com.indusind.scheduler.SchedulingClass   : Submitted batch from index 188500 to 189000
2025-04-21 15:20:07.227  INFO 23612 --- [scheduling-1] com.indusind.scheduler.SchedulingClass   : Submitted batch from index 189000 to 189500
2025-04-21 15:20:07.227  INFO 23612 --- [scheduling-1] com.indusind.scheduler.SchedulingClass   : Submitted batch from index 189500 to 190000
2025-04-21 15:20:07.227  INFO 23612 --- [scheduling-1] com.indusind.scheduler.SchedulingClass   : Submitted batch from index 190000 to 190500
2025-04-21 15:20:07.227  INFO 23612 --- [scheduling-1] com.indusind.scheduler.SchedulingClass   : Submitted batch from index 190500 to 191000
2025-04-21 15:20:07.227  INFO 23612 --- [scheduling-1] com.indusind.scheduler.SchedulingClass   : Submitted batch from index 191000 to 191500
2025-04-21 15:20:07.227  INFO 23612 --- [scheduling-1] com.indusind.scheduler.SchedulingClass   : Submitted batch from index 191500 to 192000
2025-04-21 15:20:07.227  INFO 23612 --- [scheduling-1] com.indusind.scheduler.SchedulingClass   : Submitted batch from index 192000 to 192500
2025-04-21 15:20:07.227  INFO 23612 --- [scheduling-1] com.indusind.scheduler.SchedulingClass   : Submitted batch from index 192500 to 193000
2025-04-21 15:20:07.227  INFO 23612 --- [scheduling-1] com.indusind.scheduler.SchedulingClass   : Submitted batch from index 193000 to 193500
2025-04-21 15:20:07.227  INFO 23612 --- [scheduling-1] com.indusind.scheduler.SchedulingClass   : Submitted batch from index 193500 to 194000
2025-04-21 15:20:07.227  INFO 23612 --- [scheduling-1] com.indusind.scheduler.SchedulingClass   : Submitted batch from index 194000 to 194500
2025-04-21 15:20:07.227  INFO 23612 --- [scheduling-1] com.indusind.scheduler.SchedulingClass   : Submitted batch from index 194500 to 195000
2025-04-21 15:20:07.227  INFO 23612 --- [scheduling-1] com.indusind.scheduler.SchedulingClass   : Submitted batch from index 195000 to 195500
2025-04-21 15:20:07.227  INFO 23612 --- [scheduling-1] com.indusind.scheduler.SchedulingClass   : Submitted batch from index 195500 to 196000
2025-04-21 15:20:07.227  INFO 23612 --- [scheduling-1] com.indusind.scheduler.SchedulingClass   : Submitted batch from index 196000 to 196500
2025-04-21 15:20:07.227  INFO 23612 --- [scheduling-1] com.indusind.scheduler.SchedulingClass   : Submitted batch from index 196500 to 197000
2025-04-21 15:20:07.228  INFO 23612 --- [scheduling-1] com.indusind.scheduler.SchedulingClass   : Submitted batch from index 197000 to 197500
2025-04-21 15:20:07.228  INFO 23612 --- [scheduling-1] com.indusind.scheduler.SchedulingClass   : Submitted batch from index 197500 to 198000
2025-04-21 15:20:07.228  INFO 23612 --- [scheduling-1] com.indusind.scheduler.SchedulingClass   : Submitted batch from index 198000 to 198500
2025-04-21 15:20:07.228  INFO 23612 --- [scheduling-1] com.indusind.scheduler.SchedulingClass   : Submitted batch from index 198500 to 199000
2025-04-21 15:20:07.228  INFO 23612 --- [scheduling-1] com.indusind.scheduler.SchedulingClass   : Submitted batch from index 199000 to 199500
2025-04-21 15:20:07.228  INFO 23612 --- [scheduling-1] com.indusind.scheduler.SchedulingClass   : Submitted batch from index 199500 to 200000
2025-04-21 15:20:07.228  INFO 23612 --- [scheduling-1] com.indusind.scheduler.SchedulingClass   : Submitted batch from index 200000 to 200500
2025-04-21 15:20:07.228  INFO 23612 --- [scheduling-1] com.indusind.scheduler.SchedulingClass   : Submitted batch from index 200500 to 201000
2025-04-21 15:20:07.228  INFO 23612 --- [scheduling-1] com.indusind.scheduler.SchedulingClass   : Submitted batch from index 201000 to 201500
2025-04-21 15:20:07.228  INFO 23612 --- [scheduling-1] com.indusind.scheduler.SchedulingClass   : Submitted batch from index 201500 to 202000
2025-04-21 15:20:07.228  INFO 23612 --- [scheduling-1] com.indusind.scheduler.SchedulingClass   : Submitted batch from index 202000 to 202500
2025-04-21 15:20:07.228  INFO 23612 --- [scheduling-1] com.indusind.scheduler.SchedulingClass   : Submitted batch from index 202500 to 203000
2025-04-21 15:20:07.228  INFO 23612 --- [scheduling-1] com.indusind.scheduler.SchedulingClass   : Submitted batch from index 203000 to 203500
2025-04-21 15:20:07.228  INFO 23612 --- [scheduling-1] com.indusind.scheduler.SchedulingClass   : Submitted batch from index 203500 to 204000
2025-04-21 15:20:07.228  INFO 23612 --- [scheduling-1] com.indusind.scheduler.SchedulingClass   : Submitted batch from index 204000 to 204500
2025-04-21 15:20:07.228  INFO 23612 --- [scheduling-1] com.indusind.scheduler.SchedulingClass   : Submitted batch from index 204500 to 205000
2025-04-21 15:20:07.228  INFO 23612 --- [scheduling-1] com.indusind.scheduler.SchedulingClass   : Submitted batch from index 205000 to 205500
2025-04-21 15:20:07.228  INFO 23612 --- [scheduling-1] com.indusind.scheduler.SchedulingClass   : Submitted batch from index 205500 to 206000
2025-04-21 15:20:07.228  INFO 23612 --- [scheduling-1] com.indusind.scheduler.SchedulingClass   : Submitted batch from index 206000 to 206500
2025-04-21 15:20:07.228  INFO 23612 --- [scheduling-1] com.indusind.scheduler.SchedulingClass   : Submitted batch from index 206500 to 207000
2025-04-21 15:20:07.228  INFO 23612 --- [scheduling-1] com.indusind.scheduler.SchedulingClass   : Submitted batch from index 207000 to 207500
2025-04-21 15:20:07.228  INFO 23612 --- [scheduling-1] com.indusind.scheduler.SchedulingClass   : Submitted batch from index 207500 to 208000
2025-04-21 15:20:07.229  INFO 23612 --- [scheduling-1] com.indusind.scheduler.SchedulingClass   : Submitted batch from index 208000 to 208500
2025-04-21 15:20:07.229  INFO 23612 --- [scheduling-1] com.indusind.scheduler.SchedulingClass   : Submitted batch from index 208500 to 209000
2025-04-21 15:20:07.229  INFO 23612 --- [scheduling-1] com.indusind.scheduler.SchedulingClass   : Submitted batch from index 209000 to 209500
2025-04-21 15:20:07.229  INFO 23612 --- [scheduling-1] com.indusind.scheduler.SchedulingClass   : Submitted batch from index 209500 to 210000
2025-04-21 15:20:07.229  INFO 23612 --- [scheduling-1] com.indusind.scheduler.SchedulingClass   : Submitted batch from index 210000 to 210500
2025-04-21 15:20:07.229  INFO 23612 --- [scheduling-1] com.indusind.scheduler.SchedulingClass   : Submitted batch from index 210500 to 211000
2025-04-21 15:20:07.229  INFO 23612 --- [scheduling-1] com.indusind.scheduler.SchedulingClass   : Submitted batch from index 211000 to 211500
2025-04-21 15:20:07.229  INFO 23612 --- [scheduling-1] com.indusind.scheduler.SchedulingClass   : Submitted batch from index 211500 to 212000
2025-04-21 15:20:07.229  INFO 23612 --- [scheduling-1] com.indusind.scheduler.SchedulingClass   : Submitted batch from index 212000 to 212500
2025-04-21 15:20:07.229  INFO 23612 --- [scheduling-1] com.indusind.scheduler.SchedulingClass   : Submitted batch from index 212500 to 213000
2025-04-21 15:20:07.229  INFO 23612 --- [scheduling-1] com.indusind.scheduler.SchedulingClass   : Submitted batch from index 213000 to 213500
2025-04-21 15:20:07.229  INFO 23612 --- [scheduling-1] com.indusind.scheduler.SchedulingClass   : Submitted batch from index 213500 to 214000
2025-04-21 15:20:07.229  INFO 23612 --- [scheduling-1] com.indusind.scheduler.SchedulingClass   : Submitted batch from index 214000 to 214500
2025-04-21 15:20:07.229  INFO 23612 --- [scheduling-1] com.indusind.scheduler.SchedulingClass   : Submitted batch from index 214500 to 215000
2025-04-21 15:20:07.229  INFO 23612 --- [scheduling-1] com.indusind.scheduler.SchedulingClass   : Submitted batch from index 215000 to 215500
2025-04-21 15:20:07.229  INFO 23612 --- [scheduling-1] com.indusind.scheduler.SchedulingClass   : Submitted batch from index 215500 to 216000
2025-04-21 15:20:07.229  INFO 23612 --- [scheduling-1] com.indusind.scheduler.SchedulingClass   : Submitted batch from index 216000 to 216500
2025-04-21 15:20:07.229  INFO 23612 --- [scheduling-1] com.indusind.scheduler.SchedulingClass   : Submitted batch from index 216500 to 217000
2025-04-21 15:20:07.229  INFO 23612 --- [scheduling-1] com.indusind.scheduler.SchedulingClass   : Submitted batch from index 217000 to 217500
2025-04-21 15:20:07.229  INFO 23612 --- [scheduling-1] com.indusind.scheduler.SchedulingClass   : Submitted batch from index 217500 to 218000
2025-04-21 15:20:07.229  INFO 23612 --- [scheduling-1] com.indusind.scheduler.SchedulingClass   : Submitted batch from index 218000 to 218500
2025-04-21 15:20:07.229  INFO 23612 --- [scheduling-1] com.indusind.scheduler.SchedulingClass   : Submitted batch from index 218500 to 219000
2025-04-21 15:20:07.229  INFO 23612 --- [scheduling-1] com.indusind.scheduler.SchedulingClass   : Submitted batch from index 219000 to 219500
2025-04-21 15:20:07.229  INFO 23612 --- [scheduling-1] com.indusind.scheduler.SchedulingClass   : Submitted batch from index 219500 to 220000
2025-04-21 15:20:07.230  INFO 23612 --- [scheduling-1] com.indusind.scheduler.SchedulingClass   : Submitted batch from index 220000 to 220500
2025-04-21 15:20:07.230  INFO 23612 --- [scheduling-1] com.indusind.scheduler.SchedulingClass   : Submitted batch from index 220500 to 221000
2025-04-21 15:20:07.230  INFO 23612 --- [scheduling-1] com.indusind.scheduler.SchedulingClass   : Submitted batch from index 221000 to 221500
2025-04-21 15:20:07.230  INFO 23612 --- [scheduling-1] com.indusind.scheduler.SchedulingClass   : Submitted batch from index 221500 to 222000
2025-04-21 15:20:07.230  INFO 23612 --- [scheduling-1] com.indusind.scheduler.SchedulingClass   : Submitted batch from index 222000 to 222500
2025-04-21 15:20:07.230  INFO 23612 --- [scheduling-1] com.indusind.scheduler.SchedulingClass   : Submitted batch from index 222500 to 223000
2025-04-21 15:20:07.230  INFO 23612 --- [scheduling-1] com.indusind.scheduler.SchedulingClass   : Submitted batch from index 223000 to 223500
2025-04-21 15:20:07.230  INFO 23612 --- [scheduling-1] com.indusind.scheduler.SchedulingClass   : Submitted batch from index 223500 to 224000
2025-04-21 15:20:07.230  INFO 23612 --- [scheduling-1] com.indusind.scheduler.SchedulingClass   : Submitted batch from index 224000 to 224500
2025-04-21 15:20:07.230  INFO 23612 --- [scheduling-1] com.indusind.scheduler.SchedulingClass   : Submitted batch from index 224500 to 225000
2025-04-21 15:20:07.230  INFO 23612 --- [scheduling-1] com.indusind.scheduler.SchedulingClass   : Submitted batch from index 225000 to 225500
2025-04-21 15:20:07.230  INFO 23612 --- [scheduling-1] com.indusind.scheduler.SchedulingClass   : Submitted batch from index 225500 to 226000
2025-04-21 15:20:07.230  INFO 23612 --- [scheduling-1] com.indusind.scheduler.SchedulingClass   : Submitted batch from index 226000 to 226500
2025-04-21 15:20:07.230  INFO 23612 --- [scheduling-1] com.indusind.scheduler.SchedulingClass   : Submitted batch from index 226500 to 227000
2025-04-21 15:20:07.230  INFO 23612 --- [scheduling-1] com.indusind.scheduler.SchedulingClass   : Submitted batch from index 227000 to 227500
2025-04-21 15:20:07.230  INFO 23612 --- [scheduling-1] com.indusind.scheduler.SchedulingClass   : Submitted batch from index 227500 to 228000
2025-04-21 15:20:07.230  INFO 23612 --- [scheduling-1] com.indusind.scheduler.SchedulingClass   : Submitted batch from index 228000 to 228500
2025-04-21 15:20:07.230  INFO 23612 --- [scheduling-1] com.indusind.scheduler.SchedulingClass   : Submitted batch from index 228500 to 229000
2025-04-21 15:20:07.230  INFO 23612 --- [scheduling-1] com.indusind.scheduler.SchedulingClass   : Submitted batch from index 229000 to 229500
2025-04-21 15:20:07.230  INFO 23612 --- [scheduling-1] com.indusind.scheduler.SchedulingClass   : Submitted batch from index 229500 to 230000
2025-04-21 15:20:07.230  INFO 23612 --- [scheduling-1] com.indusind.scheduler.SchedulingClass   : Submitted batch from index 230000 to 230500
2025-04-21 15:20:07.230  INFO 23612 --- [scheduling-1] com.indusind.scheduler.SchedulingClass   : Submitted batch from index 230500 to 231000
2025-04-21 15:20:07.230  INFO 23612 --- [scheduling-1] com.indusind.scheduler.SchedulingClass   : Submitted batch from index 231000 to 231500
2025-04-21 15:20:07.230  INFO 23612 --- [scheduling-1] com.indusind.scheduler.SchedulingClass   : Submitted batch from index 231500 to 232000
2025-04-21 15:20:07.231  INFO 23612 --- [scheduling-1] com.indusind.scheduler.SchedulingClass   : Submitted batch from index 232000 to 232500
2025-04-21 15:20:07.231  INFO 23612 --- [scheduling-1] com.indusind.scheduler.SchedulingClass   : Submitted batch from index 232500 to 233000
2025-04-21 15:20:07.231  INFO 23612 --- [scheduling-1] com.indusind.scheduler.SchedulingClass   : Submitted batch from index 233000 to 233500
2025-04-21 15:20:07.231  INFO 23612 --- [scheduling-1] com.indusind.scheduler.SchedulingClass   : Submitted batch from index 233500 to 234000
2025-04-21 15:20:07.231  INFO 23612 --- [scheduling-1] com.indusind.scheduler.SchedulingClass   : Submitted batch from index 234000 to 234500
2025-04-21 15:20:07.231  INFO 23612 --- [scheduling-1] com.indusind.scheduler.SchedulingClass   : Submitted batch from index 234500 to 235000
2025-04-21 15:20:07.231  INFO 23612 --- [scheduling-1] com.indusind.scheduler.SchedulingClass   : Submitted batch from index 235000 to 235500
2025-04-21 15:20:07.231  INFO 23612 --- [scheduling-1] com.indusind.scheduler.SchedulingClass   : Submitted batch from index 235500 to 236000
2025-04-21 15:20:07.231  INFO 23612 --- [scheduling-1] com.indusind.scheduler.SchedulingClass   : Submitted batch from index 236000 to 236500
2025-04-21 15:20:07.231  INFO 23612 --- [scheduling-1] com.indusind.scheduler.SchedulingClass   : Submitted batch from index 236500 to 237000
2025-04-21 15:20:07.231  INFO 23612 --- [scheduling-1] com.indusind.scheduler.SchedulingClass   : Submitted batch from index 237000 to 237500
2025-04-21 15:20:07.231  INFO 23612 --- [scheduling-1] com.indusind.scheduler.SchedulingClass   : Submitted batch from index 237500 to 238000
2025-04-21 15:20:07.231  INFO 23612 --- [scheduling-1] com.indusind.scheduler.SchedulingClass   : Submitted batch from index 238000 to 238500
2025-04-21 15:20:07.231  INFO 23612 --- [scheduling-1] com.indusind.scheduler.SchedulingClass   : Submitted batch from index 238500 to 239000
2025-04-21 15:20:07.231  INFO 23612 --- [scheduling-1] com.indusind.scheduler.SchedulingClass   : Submitted batch from index 239000 to 239500
2025-04-21 15:20:07.231  INFO 23612 --- [scheduling-1] com.indusind.scheduler.SchedulingClass   : Submitted batch from index 239500 to 240000
2025-04-21 15:20:07.231  INFO 23612 --- [scheduling-1] com.indusind.scheduler.SchedulingClass   : Submitted batch from index 240000 to 240500
2025-04-21 15:20:07.231  INFO 23612 --- [scheduling-1] com.indusind.scheduler.SchedulingClass   : Submitted batch from index 240500 to 241000
2025-04-21 15:20:07.231  INFO 23612 --- [scheduling-1] com.indusind.scheduler.SchedulingClass   : Submitted batch from index 241000 to 241500
2025-04-21 15:20:07.231  INFO 23612 --- [scheduling-1] com.indusind.scheduler.SchedulingClass   : Submitted batch from index 241500 to 242000
2025-04-21 15:20:07.232  INFO 23612 --- [scheduling-1] com.indusind.scheduler.SchedulingClass   : Submitted batch from index 242000 to 242500
2025-04-21 15:20:07.232  INFO 23612 --- [scheduling-1] com.indusind.scheduler.SchedulingClass   : Submitted batch from index 242500 to 243000
2025-04-21 15:20:07.232  INFO 23612 --- [scheduling-1] com.indusind.scheduler.SchedulingClass   : Submitted batch from index 243000 to 243500
2025-04-21 15:20:07.232  INFO 23612 --- [scheduling-1] com.indusind.scheduler.SchedulingClass   : Submitted batch from index 243500 to 244000
2025-04-21 15:20:07.232  INFO 23612 --- [scheduling-1] com.indusind.scheduler.SchedulingClass   : Submitted batch from index 244000 to 244500
2025-04-21 15:20:07.232  INFO 23612 --- [scheduling-1] com.indusind.scheduler.SchedulingClass   : Submitted batch from index 244500 to 245000
2025-04-21 15:20:07.232  INFO 23612 --- [scheduling-1] com.indusind.scheduler.SchedulingClass   : Submitted batch from index 245000 to 245500
2025-04-21 15:20:07.232  INFO 23612 --- [scheduling-1] com.indusind.scheduler.SchedulingClass   : Submitted batch from index 245500 to 246000
2025-04-21 15:20:07.232  INFO 23612 --- [scheduling-1] com.indusind.scheduler.SchedulingClass   : Submitted batch from index 246000 to 246500
2025-04-21 15:20:07.232  INFO 23612 --- [scheduling-1] com.indusind.scheduler.SchedulingClass   : Submitted batch from index 246500 to 247000
2025-04-21 15:20:07.232  INFO 23612 --- [scheduling-1] com.indusind.scheduler.SchedulingClass   : Submitted batch from index 247000 to 247500
2025-04-21 15:20:07.233  INFO 23612 --- [scheduling-1] com.indusind.scheduler.SchedulingClass   : Submitted batch from index 247500 to 248000
2025-04-21 15:20:07.233  INFO 23612 --- [scheduling-1] com.indusind.scheduler.SchedulingClass   : Submitted batch from index 248000 to 248500
2025-04-21 15:20:07.233  INFO 23612 --- [scheduling-1] com.indusind.scheduler.SchedulingClass   : Submitted batch from index 248500 to 249000
2025-04-21 15:20:07.233  INFO 23612 --- [scheduling-1] com.indusind.scheduler.SchedulingClass   : Submitted batch from index 249000 to 249500
2025-04-21 15:20:07.233  INFO 23612 --- [scheduling-1] com.indusind.scheduler.SchedulingClass   : Submitted batch from index 249500 to 250000
2025-04-21 15:20:07.233  INFO 23612 --- [scheduling-1] com.indusind.scheduler.SchedulingClass   : Submitted batch from index 250000 to 250500
2025-04-21 15:20:07.233  INFO 23612 --- [scheduling-1] com.indusind.scheduler.SchedulingClass   : Submitted batch from index 250500 to 251000
2025-04-21 15:20:07.233  INFO 23612 --- [scheduling-1] com.indusind.scheduler.SchedulingClass   : Submitted batch from index 251000 to 251500
2025-04-21 15:20:07.233  INFO 23612 --- [scheduling-1] com.indusind.scheduler.SchedulingClass   : Submitted batch from index 251500 to 252000
2025-04-21 15:20:07.233  INFO 23612 --- [scheduling-1] com.indusind.scheduler.SchedulingClass   : Submitted batch from index 252000 to 252500
2025-04-21 15:20:07.233  INFO 23612 --- [scheduling-1] com.indusind.scheduler.SchedulingClass   : Submitted batch from index 252500 to 253000
2025-04-21 15:20:07.233  INFO 23612 --- [scheduling-1] com.indusind.scheduler.SchedulingClass   : Submitted batch from index 253000 to 253500
2025-04-21 15:20:07.233  INFO 23612 --- [scheduling-1] com.indusind.scheduler.SchedulingClass   : Submitted batch from index 253500 to 254000
2025-04-21 15:20:07.233  INFO 23612 --- [scheduling-1] com.indusind.scheduler.SchedulingClass   : Submitted batch from index 254000 to 254500
2025-04-21 15:20:07.233  INFO 23612 --- [scheduling-1] com.indusind.scheduler.SchedulingClass   : Submitted batch from index 254500 to 255000
2025-04-21 15:20:07.233  INFO 23612 --- [scheduling-1] com.indusind.scheduler.SchedulingClass   : Submitted batch from index 255000 to 255500
2025-04-21 15:20:07.234  INFO 23612 --- [scheduling-1] com.indusind.scheduler.SchedulingClass   : Submitted batch from index 255500 to 256000
2025-04-21 15:20:07.234  INFO 23612 --- [scheduling-1] com.indusind.scheduler.SchedulingClass   : Submitted batch from index 256000 to 256500
2025-04-21 15:20:07.235  INFO 23612 --- [scheduling-1] com.indusind.scheduler.SchedulingClass   : Submitted batch from index 256500 to 257000
2025-04-21 15:20:07.235  INFO 23612 --- [scheduling-1] com.indusind.scheduler.SchedulingClass   : Submitted batch from index 257000 to 257500
2025-04-21 15:20:07.235  INFO 23612 --- [scheduling-1] com.indusind.scheduler.SchedulingClass   : Submitted batch from index 257500 to 258000
2025-04-21 15:20:07.235  INFO 23612 --- [scheduling-1] com.indusind.scheduler.SchedulingClass   : Submitted batch from index 258000 to 258500
2025-04-21 15:20:07.235  INFO 23612 --- [scheduling-1] com.indusind.scheduler.SchedulingClass   : Submitted batch from index 258500 to 259000
2025-04-21 15:20:07.235  INFO 23612 --- [scheduling-1] com.indusind.scheduler.SchedulingClass   : Submitted batch from index 259000 to 259500
2025-04-21 15:20:07.235  INFO 23612 --- [scheduling-1] com.indusind.scheduler.SchedulingClass   : Submitted batch from index 259500 to 260000
2025-04-21 15:20:07.235  INFO 23612 --- [scheduling-1] com.indusind.scheduler.SchedulingClass   : Submitted batch from index 260000 to 260500
2025-04-21 15:20:07.235  INFO 23612 --- [scheduling-1] com.indusind.scheduler.SchedulingClass   : Submitted batch from index 260500 to 261000
2025-04-21 15:20:07.235  INFO 23612 --- [scheduling-1] com.indusind.scheduler.SchedulingClass   : Submitted batch from index 261000 to 261500
2025-04-21 15:20:07.235  INFO 23612 --- [scheduling-1] com.indusind.scheduler.SchedulingClass   : Submitted batch from index 261500 to 262000
2025-04-21 15:20:07.235  INFO 23612 --- [scheduling-1] com.indusind.scheduler.SchedulingClass   : Submitted batch from index 262000 to 262500
2025-04-21 15:20:07.235  INFO 23612 --- [scheduling-1] com.indusind.scheduler.SchedulingClass   : Submitted batch from index 262500 to 263000
2025-04-21 15:20:07.235  INFO 23612 --- [scheduling-1] com.indusind.scheduler.SchedulingClass   : Submitted batch from index 263000 to 263500
2025-04-21 15:20:07.235  INFO 23612 --- [scheduling-1] com.indusind.scheduler.SchedulingClass   : Submitted batch from index 263500 to 264000
2025-04-21 15:20:07.235  INFO 23612 --- [scheduling-1] com.indusind.scheduler.SchedulingClass   : Submitted batch from index 264000 to 264500
2025-04-21 15:20:07.235  INFO 23612 --- [scheduling-1] com.indusind.scheduler.SchedulingClass   : Submitted batch from index 264500 to 265000
2025-04-21 15:20:07.235  INFO 23612 --- [scheduling-1] com.indusind.scheduler.SchedulingClass   : Submitted batch from index 265000 to 265500
2025-04-21 15:20:07.235  INFO 23612 --- [scheduling-1] com.indusind.scheduler.SchedulingClass   : Submitted batch from index 265500 to 266000
2025-04-21 15:20:07.235  INFO 23612 --- [scheduling-1] com.indusind.scheduler.SchedulingClass   : Submitted batch from index 266000 to 266500
2025-04-21 15:20:07.235  INFO 23612 --- [scheduling-1] com.indusind.scheduler.SchedulingClass   : Submitted batch from index 266500 to 267000
2025-04-21 15:20:07.235  INFO 23612 --- [scheduling-1] com.indusind.scheduler.SchedulingClass   : Submitted batch from index 267000 to 267500
2025-04-21 15:20:07.235  INFO 23612 --- [scheduling-1] com.indusind.scheduler.SchedulingClass   : Submitted batch from index 267500 to 268000
2025-04-21 15:20:07.235  INFO 23612 --- [scheduling-1] com.indusind.scheduler.SchedulingClass   : Submitted batch from index 268000 to 268500
2025-04-21 15:20:07.235  INFO 23612 --- [scheduling-1] com.indusind.scheduler.SchedulingClass   : Submitted batch from index 268500 to 269000
2025-04-21 15:20:07.235  INFO 23612 --- [scheduling-1] com.indusind.scheduler.SchedulingClass   : Submitted batch from index 269000 to 269500
2025-04-21 15:20:07.235  INFO 23612 --- [scheduling-1] com.indusind.scheduler.SchedulingClass   : Submitted batch from index 269500 to 270000
2025-04-21 15:20:07.235  INFO 23612 --- [scheduling-1] com.indusind.scheduler.SchedulingClass   : Submitted batch from index 270000 to 270500
2025-04-21 15:20:07.235  INFO 23612 --- [scheduling-1] com.indusind.scheduler.SchedulingClass   : Submitted batch from index 270500 to 271000
2025-04-21 15:20:07.235  INFO 23612 --- [scheduling-1] com.indusind.scheduler.SchedulingClass   : Submitted batch from index 271000 to 271500
2025-04-21 15:20:07.235  INFO 23612 --- [scheduling-1] com.indusind.scheduler.SchedulingClass   : Submitted batch from index 271500 to 272000
2025-04-21 15:20:07.235  INFO 23612 --- [scheduling-1] com.indusind.scheduler.SchedulingClass   : Submitted batch from index 272000 to 272500
2025-04-21 15:20:07.235  INFO 23612 --- [scheduling-1] com.indusind.scheduler.SchedulingClass   : Submitted batch from index 272500 to 273000
2025-04-21 15:20:07.235  INFO 23612 --- [scheduling-1] com.indusind.scheduler.SchedulingClass   : Submitted batch from index 273000 to 273500
2025-04-21 15:20:07.236  INFO 23612 --- [scheduling-1] com.indusind.scheduler.SchedulingClass   : Submitted batch from index 273500 to 274000
2025-04-21 15:20:07.236  INFO 23612 --- [scheduling-1] com.indusind.scheduler.SchedulingClass   : Submitted batch from index 274000 to 274500
2025-04-21 15:20:07.236  INFO 23612 --- [scheduling-1] com.indusind.scheduler.SchedulingClass   : Submitted batch from index 274500 to 275000
2025-04-21 15:20:07.236  INFO 23612 --- [scheduling-1] com.indusind.scheduler.SchedulingClass   : Submitted batch from index 275000 to 275500
2025-04-21 15:20:07.236  INFO 23612 --- [scheduling-1] com.indusind.scheduler.SchedulingClass   : Submitted batch from index 275500 to 276000
2025-04-21 15:20:07.236  INFO 23612 --- [scheduling-1] com.indusind.scheduler.SchedulingClass   : Submitted batch from index 276000 to 276500
2025-04-21 15:20:07.236  INFO 23612 --- [scheduling-1] com.indusind.scheduler.SchedulingClass   : Submitted batch from index 276500 to 277000
2025-04-21 15:20:07.236  INFO 23612 --- [scheduling-1] com.indusind.scheduler.SchedulingClass   : Submitted batch from index 277000 to 277500
2025-04-21 15:20:07.236  INFO 23612 --- [scheduling-1] com.indusind.scheduler.SchedulingClass   : Submitted batch from index 277500 to 278000
2025-04-21 15:20:07.236  INFO 23612 --- [scheduling-1] com.indusind.scheduler.SchedulingClass   : Submitted batch from index 278000 to 278500
2025-04-21 15:20:07.236  INFO 23612 --- [scheduling-1] com.indusind.scheduler.SchedulingClass   : Submitted batch from index 278500 to 279000
2025-04-21 15:20:07.236  INFO 23612 --- [scheduling-1] com.indusind.scheduler.SchedulingClass   : Submitted batch from index 279000 to 279500
2025-04-21 15:20:07.236  INFO 23612 --- [scheduling-1] com.indusind.scheduler.SchedulingClass   : Submitted batch from index 279500 to 280000
2025-04-21 15:20:07.236  INFO 23612 --- [scheduling-1] com.indusind.scheduler.SchedulingClass   : Submitted batch from index 280000 to 280500
2025-04-21 15:20:07.236  INFO 23612 --- [scheduling-1] com.indusind.scheduler.SchedulingClass   : Submitted batch from index 280500 to 281000
2025-04-21 15:20:07.236  INFO 23612 --- [scheduling-1] com.indusind.scheduler.SchedulingClass   : Submitted batch from index 281000 to 281500
2025-04-21 15:20:07.236  INFO 23612 --- [scheduling-1] com.indusind.scheduler.SchedulingClass   : Submitted batch from index 281500 to 282000
2025-04-21 15:20:07.236  INFO 23612 --- [scheduling-1] com.indusind.scheduler.SchedulingClass   : Submitted batch from index 282000 to 282500
2025-04-21 15:20:07.236  INFO 23612 --- [scheduling-1] com.indusind.scheduler.SchedulingClass   : Submitted batch from index 282500 to 283000
2025-04-21 15:20:07.236  INFO 23612 --- [scheduling-1] com.indusind.scheduler.SchedulingClass   : Submitted batch from index 283000 to 283500
2025-04-21 15:20:07.236  INFO 23612 --- [scheduling-1] com.indusind.scheduler.SchedulingClass   : Submitted batch from index 283500 to 284000
2025-04-21 15:20:07.236  INFO 23612 --- [scheduling-1] com.indusind.scheduler.SchedulingClass   : Submitted batch from index 284000 to 284500
2025-04-21 15:20:07.236  INFO 23612 --- [scheduling-1] com.indusind.scheduler.SchedulingClass   : Submitted batch from index 284500 to 285000
2025-04-21 15:20:07.236  INFO 23612 --- [scheduling-1] com.indusind.scheduler.SchedulingClass   : Submitted batch from index 285000 to 285500
2025-04-21 15:20:07.236  INFO 23612 --- [scheduling-1] com.indusind.scheduler.SchedulingClass   : Submitted batch from index 285500 to 286000
2025-04-21 15:20:07.236  INFO 23612 --- [scheduling-1] com.indusind.scheduler.SchedulingClass   : Submitted batch from index 286000 to 286500
2025-04-21 15:20:07.236  INFO 23612 --- [scheduling-1] com.indusind.scheduler.SchedulingClass   : Submitted batch from index 286500 to 287000
2025-04-21 15:20:07.236  INFO 23612 --- [scheduling-1] com.indusind.scheduler.SchedulingClass   : Submitted batch from index 287000 to 287500
2025-04-21 15:20:07.236  INFO 23612 --- [scheduling-1] com.indusind.scheduler.SchedulingClass   : Submitted batch from index 287500 to 288000
2025-04-21 15:20:07.236  INFO 23612 --- [scheduling-1] com.indusind.scheduler.SchedulingClass   : Submitted batch from index 288000 to 288500
2025-04-21 15:20:07.236  INFO 23612 --- [scheduling-1] com.indusind.scheduler.SchedulingClass   : Submitted batch from index 288500 to 289000
2025-04-21 15:20:07.236  INFO 23612 --- [scheduling-1] com.indusind.scheduler.SchedulingClass   : Submitted batch from index 289000 to 289500
2025-04-21 15:20:07.237  INFO 23612 --- [scheduling-1] com.indusind.scheduler.SchedulingClass   : Submitted batch from index 289500 to 290000
2025-04-21 15:20:07.238  INFO 23612 --- [scheduling-1] com.indusind.scheduler.SchedulingClass   : Submitted batch from index 290000 to 290500
2025-04-21 15:20:07.238  INFO 23612 --- [scheduling-1] com.indusind.scheduler.SchedulingClass   : Submitted batch from index 290500 to 291000
2025-04-21 15:20:07.238  INFO 23612 --- [scheduling-1] com.indusind.scheduler.SchedulingClass   : Submitted batch from index 291000 to 291500
2025-04-21 15:20:07.238  INFO 23612 --- [scheduling-1] com.indusind.scheduler.SchedulingClass   : Submitted batch from index 291500 to 292000
2025-04-21 15:20:07.238  INFO 23612 --- [scheduling-1] com.indusind.scheduler.SchedulingClass   : Submitted batch from index 292000 to 292500
2025-04-21 15:20:07.238  INFO 23612 --- [scheduling-1] com.indusind.scheduler.SchedulingClass   : Submitted batch from index 292500 to 293000
2025-04-21 15:20:07.238  INFO 23612 --- [scheduling-1] com.indusind.scheduler.SchedulingClass   : Submitted batch from index 293000 to 293500
2025-04-21 15:20:07.238  INFO 23612 --- [scheduling-1] com.indusind.scheduler.SchedulingClass   : Submitted batch from index 293500 to 294000
2025-04-21 15:20:07.238  INFO 23612 --- [scheduling-1] com.indusind.scheduler.SchedulingClass   : Submitted batch from index 294000 to 294500
2025-04-21 15:20:07.238  INFO 23612 --- [scheduling-1] com.indusind.scheduler.SchedulingClass   : Submitted batch from index 294500 to 295000
2025-04-21 15:20:07.238  INFO 23612 --- [scheduling-1] com.indusind.scheduler.SchedulingClass   : Submitted batch from index 295000 to 295500
2025-04-21 15:20:07.238  INFO 23612 --- [scheduling-1] com.indusind.scheduler.SchedulingClass   : Submitted batch from index 295500 to 296000
2025-04-21 15:20:07.238  INFO 23612 --- [scheduling-1] com.indusind.scheduler.SchedulingClass   : Submitted batch from index 296000 to 296500
2025-04-21 15:20:07.238  INFO 23612 --- [scheduling-1] com.indusind.scheduler.SchedulingClass   : Submitted batch from index 296500 to 297000
2025-04-21 15:20:07.238  INFO 23612 --- [scheduling-1] com.indusind.scheduler.SchedulingClass   : Submitted batch from index 297000 to 297500
2025-04-21 15:20:07.238  INFO 23612 --- [scheduling-1] com.indusind.scheduler.SchedulingClass   : Submitted batch from index 297500 to 298000
2025-04-21 15:20:07.238  INFO 23612 --- [scheduling-1] com.indusind.scheduler.SchedulingClass   : Submitted batch from index 298000 to 298500
2025-04-21 15:20:07.238  INFO 23612 --- [scheduling-1] com.indusind.scheduler.SchedulingClass   : Submitted batch from index 298500 to 299000
2025-04-21 15:20:07.238  INFO 23612 --- [scheduling-1] com.indusind.scheduler.SchedulingClass   : Submitted batch from index 299000 to 299500
2025-04-21 15:20:07.238  INFO 23612 --- [scheduling-1] com.indusind.scheduler.SchedulingClass   : Submitted batch from index 299500 to 300000
2025-04-21 15:20:07.238  INFO 23612 --- [scheduling-1] com.indusind.scheduler.SchedulingClass   : Submitted batch from index 300000 to 300500
2025-04-21 15:20:07.238  INFO 23612 --- [scheduling-1] com.indusind.scheduler.SchedulingClass   : Submitted batch from index 300500 to 301000
2025-04-21 15:20:07.238  INFO 23612 --- [scheduling-1] com.indusind.scheduler.SchedulingClass   : Submitted batch from index 301000 to 301500
2025-04-21 15:20:07.238  INFO 23612 --- [scheduling-1] com.indusind.scheduler.SchedulingClass   : Submitted batch from index 301500 to 302000
2025-04-21 15:20:07.238  INFO 23612 --- [scheduling-1] com.indusind.scheduler.SchedulingClass   : Submitted batch from index 302000 to 302500
2025-04-21 15:20:07.238  INFO 23612 --- [scheduling-1] com.indusind.scheduler.SchedulingClass   : Submitted batch from index 302500 to 303000
2025-04-21 15:20:07.238  INFO 23612 --- [scheduling-1] com.indusind.scheduler.SchedulingClass   : Submitted batch from index 303000 to 303500
2025-04-21 15:20:07.239  INFO 23612 --- [scheduling-1] com.indusind.scheduler.SchedulingClass   : Submitted batch from index 303500 to 304000
2025-04-21 15:20:07.239  INFO 23612 --- [scheduling-1] com.indusind.scheduler.SchedulingClass   : Submitted batch from index 304000 to 304500
2025-04-21 15:20:07.239  INFO 23612 --- [scheduling-1] com.indusind.scheduler.SchedulingClass   : Submitted batch from index 304500 to 305000
2025-04-21 15:20:07.239  INFO 23612 --- [scheduling-1] com.indusind.scheduler.SchedulingClass   : Submitted batch from index 305000 to 305500
2025-04-21 15:20:07.239  INFO 23612 --- [scheduling-1] com.indusind.scheduler.SchedulingClass   : Submitted batch from index 305500 to 306000
2025-04-21 15:20:07.239  INFO 23612 --- [scheduling-1] com.indusind.scheduler.SchedulingClass   : Submitted batch from index 306000 to 306500
2025-04-21 15:20:07.239  INFO 23612 --- [scheduling-1] com.indusind.scheduler.SchedulingClass   : Submitted batch from index 306500 to 307000
2025-04-21 15:20:07.239  INFO 23612 --- [scheduling-1] com.indusind.scheduler.SchedulingClass   : Submitted batch from index 307000 to 307500
2025-04-21 15:20:07.239  INFO 23612 --- [scheduling-1] com.indusind.scheduler.SchedulingClass   : Submitted batch from index 307500 to 308000
2025-04-21 15:20:07.239  INFO 23612 --- [scheduling-1] com.indusind.scheduler.SchedulingClass   : Submitted batch from index 308000 to 308500
2025-04-21 15:20:07.239  INFO 23612 --- [scheduling-1] com.indusind.scheduler.SchedulingClass   : Submitted batch from index 308500 to 309000
2025-04-21 15:20:07.239  INFO 23612 --- [scheduling-1] com.indusind.scheduler.SchedulingClass   : Submitted batch from index 309000 to 309500
2025-04-21 15:20:07.239  INFO 23612 --- [scheduling-1] com.indusind.scheduler.SchedulingClass   : Submitted batch from index 309500 to 310000
2025-04-21 15:20:07.239  INFO 23612 --- [scheduling-1] com.indusind.scheduler.SchedulingClass   : Submitted batch from index 310000 to 310500
2025-04-21 15:20:07.239  INFO 23612 --- [scheduling-1] com.indusind.scheduler.SchedulingClass   : Submitted batch from index 310500 to 311000
2025-04-21 15:20:07.239  INFO 23612 --- [scheduling-1] com.indusind.scheduler.SchedulingClass   : Submitted batch from index 311000 to 311500
2025-04-21 15:20:07.240  INFO 23612 --- [scheduling-1] com.indusind.scheduler.SchedulingClass   : Submitted batch from index 311500 to 312000
2025-04-21 15:20:07.240  INFO 23612 --- [scheduling-1] com.indusind.scheduler.SchedulingClass   : Submitted batch from index 312000 to 312500
2025-04-21 15:20:07.240  INFO 23612 --- [scheduling-1] com.indusind.scheduler.SchedulingClass   : Submitted batch from index 312500 to 313000
2025-04-21 15:20:07.240  INFO 23612 --- [scheduling-1] com.indusind.scheduler.SchedulingClass   : Submitted batch from index 313000 to 313500
2025-04-21 15:20:07.240  INFO 23612 --- [scheduling-1] com.indusind.scheduler.SchedulingClass   : Submitted batch from index 313500 to 314000
2025-04-21 15:20:07.240  INFO 23612 --- [scheduling-1] com.indusind.scheduler.SchedulingClass   : Submitted batch from index 314000 to 314500
2025-04-21 15:20:07.240  INFO 23612 --- [scheduling-1] com.indusind.scheduler.SchedulingClass   : Submitted batch from index 314500 to 315000
2025-04-21 15:20:07.240  INFO 23612 --- [scheduling-1] com.indusind.scheduler.SchedulingClass   : Submitted batch from index 315000 to 315500
2025-04-21 15:20:07.240  INFO 23612 --- [scheduling-1] com.indusind.scheduler.SchedulingClass   : Submitted batch from index 315500 to 316000
2025-04-21 15:20:07.240  INFO 23612 --- [scheduling-1] com.indusind.scheduler.SchedulingClass   : Submitted batch from index 316000 to 316500
2025-04-21 15:20:07.240  INFO 23612 --- [scheduling-1] com.indusind.scheduler.SchedulingClass   : Submitted batch from index 316500 to 317000
2025-04-21 15:20:07.240  INFO 23612 --- [scheduling-1] com.indusind.scheduler.SchedulingClass   : Submitted batch from index 317000 to 317500
2025-04-21 15:20:07.240  INFO 23612 --- [scheduling-1] com.indusind.scheduler.SchedulingClass   : Submitted batch from index 317500 to 318000
2025-04-21 15:20:07.240  INFO 23612 --- [scheduling-1] com.indusind.scheduler.SchedulingClass   : Submitted batch from index 318000 to 318500
2025-04-21 15:20:07.240  INFO 23612 --- [scheduling-1] com.indusind.scheduler.SchedulingClass   : Submitted batch from index 318500 to 319000
2025-04-21 15:20:07.240  INFO 23612 --- [scheduling-1] com.indusind.scheduler.SchedulingClass   : Submitted batch from index 319000 to 319500
2025-04-21 15:20:07.240  INFO 23612 --- [scheduling-1] com.indusind.scheduler.SchedulingClass   : Submitted batch from index 319500 to 320000
2025-04-21 15:20:07.240  INFO 23612 --- [scheduling-1] com.indusind.scheduler.SchedulingClass   : Submitted batch from index 320000 to 320500
2025-04-21 15:20:07.240  INFO 23612 --- [scheduling-1] com.indusind.scheduler.SchedulingClass   : Submitted batch from index 320500 to 321000
2025-04-21 15:20:07.240  INFO 23612 --- [scheduling-1] com.indusind.scheduler.SchedulingClass   : Submitted batch from index 321000 to 321500
2025-04-21 15:20:07.240  INFO 23612 --- [scheduling-1] com.indusind.scheduler.SchedulingClass   : Submitted batch from index 321500 to 322000
2025-04-21 15:20:07.240  INFO 23612 --- [scheduling-1] com.indusind.scheduler.SchedulingClass   : Submitted batch from index 322000 to 322500
2025-04-21 15:20:07.240  INFO 23612 --- [scheduling-1] com.indusind.scheduler.SchedulingClass   : Submitted batch from index 322500 to 323000
2025-04-21 15:20:07.240  INFO 23612 --- [scheduling-1] com.indusind.scheduler.SchedulingClass   : Submitted batch from index 323000 to 323500
2025-04-21 15:20:07.241  INFO 23612 --- [scheduling-1] com.indusind.scheduler.SchedulingClass   : Submitted batch from index 323500 to 324000
2025-04-21 15:20:07.241  INFO 23612 --- [scheduling-1] com.indusind.scheduler.SchedulingClass   : Submitted batch from index 324000 to 324500
2025-04-21 15:20:07.241  INFO 23612 --- [scheduling-1] com.indusind.scheduler.SchedulingClass   : Submitted batch from index 324500 to 325000
2025-04-21 15:20:07.241  INFO 23612 --- [scheduling-1] com.indusind.scheduler.SchedulingClass   : Submitted batch from index 325000 to 325500
2025-04-21 15:20:07.241  INFO 23612 --- [scheduling-1] com.indusind.scheduler.SchedulingClass   : Submitted batch from index 325500 to 326000
2025-04-21 15:20:07.241  INFO 23612 --- [scheduling-1] com.indusind.scheduler.SchedulingClass   : Submitted batch from index 326000 to 326500
2025-04-21 15:20:07.241  INFO 23612 --- [scheduling-1] com.indusind.scheduler.SchedulingClass   : Submitted batch from index 326500 to 327000
2025-04-21 15:20:07.241  INFO 23612 --- [scheduling-1] com.indusind.scheduler.SchedulingClass   : Submitted batch from index 327000 to 327500
2025-04-21 15:20:07.241  INFO 23612 --- [scheduling-1] com.indusind.scheduler.SchedulingClass   : Submitted batch from index 327500 to 328000
2025-04-21 15:20:07.242  INFO 23612 --- [scheduling-1] com.indusind.scheduler.SchedulingClass   : Submitted batch from index 328000 to 328500
2025-04-21 15:20:07.242  INFO 23612 --- [scheduling-1] com.indusind.scheduler.SchedulingClass   : Submitted batch from index 328500 to 329000
2025-04-21 15:20:07.242  INFO 23612 --- [scheduling-1] com.indusind.scheduler.SchedulingClass   : Submitted batch from index 329000 to 329500
2025-04-21 15:20:07.242  INFO 23612 --- [scheduling-1] com.indusind.scheduler.SchedulingClass   : Submitted batch from index 329500 to 330000
2025-04-21 15:20:07.242  INFO 23612 --- [scheduling-1] com.indusind.scheduler.SchedulingClass   : Submitted batch from index 330000 to 330500
2025-04-21 15:20:07.242  INFO 23612 --- [scheduling-1] com.indusind.scheduler.SchedulingClass   : Submitted batch from index 330500 to 331000
2025-04-21 15:20:07.242  INFO 23612 --- [scheduling-1] com.indusind.scheduler.SchedulingClass   : Submitted batch from index 331000 to 331500
2025-04-21 15:20:07.242  INFO 23612 --- [scheduling-1] com.indusind.scheduler.SchedulingClass   : Submitted batch from index 331500 to 332000
2025-04-21 15:20:07.242  INFO 23612 --- [scheduling-1] com.indusind.scheduler.SchedulingClass   : Submitted batch from index 332000 to 332500
2025-04-21 15:20:07.242  INFO 23612 --- [scheduling-1] com.indusind.scheduler.SchedulingClass   : Submitted batch from index 332500 to 333000
2025-04-21 15:20:07.242  INFO 23612 --- [scheduling-1] com.indusind.scheduler.SchedulingClass   : Submitted batch from index 333000 to 333500
2025-04-21 15:20:07.242  INFO 23612 --- [scheduling-1] com.indusind.scheduler.SchedulingClass   : Submitted batch from index 333500 to 334000
2025-04-21 15:20:07.242  INFO 23612 --- [scheduling-1] com.indusind.scheduler.SchedulingClass   : Submitted batch from index 334000 to 334500
2025-04-21 15:20:07.242  INFO 23612 --- [scheduling-1] com.indusind.scheduler.SchedulingClass   : Submitted batch from index 334500 to 335000
2025-04-21 15:20:07.242  INFO 23612 --- [scheduling-1] com.indusind.scheduler.SchedulingClass   : Submitted batch from index 335000 to 335500
2025-04-21 15:20:07.242  INFO 23612 --- [scheduling-1] com.indusind.scheduler.SchedulingClass   : Submitted batch from index 335500 to 336000
2025-04-21 15:20:07.242  INFO 23612 --- [scheduling-1] com.indusind.scheduler.SchedulingClass   : Submitted batch from index 336000 to 336500
2025-04-21 15:20:07.242  INFO 23612 --- [scheduling-1] com.indusind.scheduler.SchedulingClass   : Submitted batch from index 336500 to 337000
2025-04-21 15:20:07.242  INFO 23612 --- [scheduling-1] com.indusind.scheduler.SchedulingClass   : Submitted batch from index 337000 to 337500
2025-04-21 15:20:07.242  INFO 23612 --- [scheduling-1] com.indusind.scheduler.SchedulingClass   : Submitted batch from index 337500 to 338000
2025-04-21 15:20:07.242  INFO 23612 --- [scheduling-1] com.indusind.scheduler.SchedulingClass   : Submitted batch from index 338000 to 338500
2025-04-21 15:20:07.242  INFO 23612 --- [scheduling-1] com.indusind.scheduler.SchedulingClass   : Submitted batch from index 338500 to 339000
2025-04-21 15:20:07.242  INFO 23612 --- [scheduling-1] com.indusind.scheduler.SchedulingClass   : Submitted batch from index 339000 to 339500
2025-04-21 15:20:07.243  INFO 23612 --- [scheduling-1] com.indusind.scheduler.SchedulingClass   : Submitted batch from index 339500 to 340000
2025-04-21 15:20:07.243  INFO 23612 --- [scheduling-1] com.indusind.scheduler.SchedulingClass   : Submitted batch from index 340000 to 340500
2025-04-21 15:20:07.243  INFO 23612 --- [scheduling-1] com.indusind.scheduler.SchedulingClass   : Submitted batch from index 340500 to 341000
2025-04-21 15:20:07.243  INFO 23612 --- [scheduling-1] com.indusind.scheduler.SchedulingClass   : Submitted batch from index 341000 to 341500
2025-04-21 15:20:07.243  INFO 23612 --- [scheduling-1] com.indusind.scheduler.SchedulingClass   : Submitted batch from index 341500 to 342000
2025-04-21 15:20:07.243  INFO 23612 --- [scheduling-1] com.indusind.scheduler.SchedulingClass   : Submitted batch from index 342000 to 342500
2025-04-21 15:20:07.243  INFO 23612 --- [scheduling-1] com.indusind.scheduler.SchedulingClass   : Submitted batch from index 342500 to 343000
2025-04-21 15:20:07.243  INFO 23612 --- [scheduling-1] com.indusind.scheduler.SchedulingClass   : Submitted batch from index 343000 to 343500
2025-04-21 15:20:07.243  INFO 23612 --- [scheduling-1] com.indusind.scheduler.SchedulingClass   : Submitted batch from index 343500 to 344000
2025-04-21 15:20:07.243  INFO 23612 --- [scheduling-1] com.indusind.scheduler.SchedulingClass   : Submitted batch from index 344000 to 344500
2025-04-21 15:20:07.243  INFO 23612 --- [scheduling-1] com.indusind.scheduler.SchedulingClass   : Submitted batch from index 344500 to 345000
2025-04-21 15:20:07.244  INFO 23612 --- [scheduling-1] com.indusind.scheduler.SchedulingClass   : Submitted batch from index 345000 to 345500
2025-04-21 15:20:07.244  INFO 23612 --- [scheduling-1] com.indusind.scheduler.SchedulingClass   : Submitted batch from index 345500 to 346000
2025-04-21 15:20:07.244  INFO 23612 --- [scheduling-1] com.indusind.scheduler.SchedulingClass   : Submitted batch from index 346000 to 346500
2025-04-21 15:20:07.244  INFO 23612 --- [scheduling-1] com.indusind.scheduler.SchedulingClass   : Submitted batch from index 346500 to 347000
2025-04-21 15:20:07.244  INFO 23612 --- [scheduling-1] com.indusind.scheduler.SchedulingClass   : Submitted batch from index 347000 to 347500
2025-04-21 15:20:07.244  INFO 23612 --- [scheduling-1] com.indusind.scheduler.SchedulingClass   : Submitted batch from index 347500 to 348000
2025-04-21 15:20:07.244  INFO 23612 --- [scheduling-1] com.indusind.scheduler.SchedulingClass   : Submitted batch from index 348000 to 348500
2025-04-21 15:20:07.244  INFO 23612 --- [scheduling-1] com.indusind.scheduler.SchedulingClass   : Submitted batch from index 348500 to 349000
2025-04-21 15:20:07.244  INFO 23612 --- [scheduling-1] com.indusind.scheduler.SchedulingClass   : Submitted batch from index 349000 to 349500
2025-04-21 15:20:07.244  INFO 23612 --- [scheduling-1] com.indusind.scheduler.SchedulingClass   : Submitted batch from index 349500 to 350000
2025-04-21 15:20:07.244  INFO 23612 --- [scheduling-1] com.indusind.scheduler.SchedulingClass   : Submitted batch from index 350000 to 350500
2025-04-21 15:20:07.244  INFO 23612 --- [scheduling-1] com.indusind.scheduler.SchedulingClass   : Submitted batch from index 350500 to 351000
2025-04-21 15:20:07.244  INFO 23612 --- [scheduling-1] com.indusind.scheduler.SchedulingClass   : Submitted batch from index 351000 to 351500
2025-04-21 15:20:07.244  INFO 23612 --- [scheduling-1] com.indusind.scheduler.SchedulingClass   : Submitted batch from index 351500 to 352000
2025-04-21 15:20:07.244  INFO 23612 --- [scheduling-1] com.indusind.scheduler.SchedulingClass   : Submitted batch from index 352000 to 352500
2025-04-21 15:20:07.244  INFO 23612 --- [scheduling-1] com.indusind.scheduler.SchedulingClass   : Submitted batch from index 352500 to 353000
2025-04-21 15:20:07.244  INFO 23612 --- [scheduling-1] com.indusind.scheduler.SchedulingClass   : Submitted batch from index 353000 to 353500
2025-04-21 15:20:07.244  INFO 23612 --- [scheduling-1] com.indusind.scheduler.SchedulingClass   : Submitted batch from index 353500 to 354000
2025-04-21 15:20:07.244  INFO 23612 --- [scheduling-1] com.indusind.scheduler.SchedulingClass   : Submitted batch from index 354000 to 354500
2025-04-21 15:20:07.245  INFO 23612 --- [scheduling-1] com.indusind.scheduler.SchedulingClass   : Submitted batch from index 354500 to 355000
2025-04-21 15:20:07.245  INFO 23612 --- [scheduling-1] com.indusind.scheduler.SchedulingClass   : Submitted batch from index 355000 to 355500
2025-04-21 15:20:07.245  INFO 23612 --- [scheduling-1] com.indusind.scheduler.SchedulingClass   : Submitted batch from index 355500 to 356000
2025-04-21 15:20:07.245  INFO 23612 --- [scheduling-1] com.indusind.scheduler.SchedulingClass   : Submitted batch from index 356000 to 356500
2025-04-21 15:20:07.245  INFO 23612 --- [scheduling-1] com.indusind.scheduler.SchedulingClass   : Submitted batch from index 356500 to 357000
2025-04-21 15:20:07.245  INFO 23612 --- [scheduling-1] com.indusind.scheduler.SchedulingClass   : Submitted batch from index 357000 to 357500
2025-04-21 15:20:07.245  INFO 23612 --- [scheduling-1] com.indusind.scheduler.SchedulingClass   : Submitted batch from index 357500 to 358000
2025-04-21 15:20:07.245  INFO 23612 --- [scheduling-1] com.indusind.scheduler.SchedulingClass   : Submitted batch from index 358000 to 358500
2025-04-21 15:20:07.245  INFO 23612 --- [scheduling-1] com.indusind.scheduler.SchedulingClass   : Submitted batch from index 358500 to 359000
2025-04-21 15:20:07.245  INFO 23612 --- [scheduling-1] com.indusind.scheduler.SchedulingClass   : Submitted batch from index 359000 to 359500
2025-04-21 15:20:07.245  INFO 23612 --- [scheduling-1] com.indusind.scheduler.SchedulingClass   : Submitted batch from index 359500 to 360000
2025-04-21 15:20:07.245  INFO 23612 --- [scheduling-1] com.indusind.scheduler.SchedulingClass   : Submitted batch from index 360000 to 360500
2025-04-21 15:20:07.245  INFO 23612 --- [scheduling-1] com.indusind.scheduler.SchedulingClass   : Submitted batch from index 360500 to 361000
2025-04-21 15:20:07.245  INFO 23612 --- [scheduling-1] com.indusind.scheduler.SchedulingClass   : Submitted batch from index 361000 to 361500
2025-04-21 15:20:07.245  INFO 23612 --- [scheduling-1] com.indusind.scheduler.SchedulingClass   : Submitted batch from index 361500 to 362000
2025-04-21 15:20:07.245  INFO 23612 --- [scheduling-1] com.indusind.scheduler.SchedulingClass   : Submitted batch from index 362000 to 362500
2025-04-21 15:20:07.245  INFO 23612 --- [scheduling-1] com.indusind.scheduler.SchedulingClass   : Submitted batch from index 362500 to 363000
2025-04-21 15:20:07.245  INFO 23612 --- [scheduling-1] com.indusind.scheduler.SchedulingClass   : Submitted batch from index 363000 to 363500
2025-04-21 15:20:07.246  INFO 23612 --- [scheduling-1] com.indusind.scheduler.SchedulingClass   : Submitted batch from index 363500 to 364000
2025-04-21 15:20:07.246  INFO 23612 --- [scheduling-1] com.indusind.scheduler.SchedulingClass   : Submitted batch from index 364000 to 364500
2025-04-21 15:20:07.246  INFO 23612 --- [scheduling-1] com.indusind.scheduler.SchedulingClass   : Submitted batch from index 364500 to 365000
2025-04-21 15:20:07.246  INFO 23612 --- [scheduling-1] com.indusind.scheduler.SchedulingClass   : Submitted batch from index 365000 to 365500
2025-04-21 15:20:07.246  INFO 23612 --- [scheduling-1] com.indusind.scheduler.SchedulingClass   : Submitted batch from index 365500 to 366000
2025-04-21 15:20:07.246  INFO 23612 --- [scheduling-1] com.indusind.scheduler.SchedulingClass   : Submitted batch from index 366000 to 366500
2025-04-21 15:20:07.246  INFO 23612 --- [scheduling-1] com.indusind.scheduler.SchedulingClass   : Submitted batch from index 366500 to 367000
2025-04-21 15:20:07.246  INFO 23612 --- [scheduling-1] com.indusind.scheduler.SchedulingClass   : Submitted batch from index 367000 to 367500
2025-04-21 15:20:07.246  INFO 23612 --- [scheduling-1] com.indusind.scheduler.SchedulingClass   : Submitted batch from index 367500 to 368000
2025-04-21 15:20:07.246  INFO 23612 --- [scheduling-1] com.indusind.scheduler.SchedulingClass   : Submitted batch from index 368000 to 368500
2025-04-21 15:20:07.246  INFO 23612 --- [scheduling-1] com.indusind.scheduler.SchedulingClass   : Submitted batch from index 368500 to 369000
2025-04-21 15:20:07.246  INFO 23612 --- [scheduling-1] com.indusind.scheduler.SchedulingClass   : Submitted batch from index 369000 to 369500
2025-04-21 15:20:07.246  INFO 23612 --- [scheduling-1] com.indusind.scheduler.SchedulingClass   : Submitted batch from index 369500 to 370000
2025-04-21 15:20:07.246  INFO 23612 --- [scheduling-1] com.indusind.scheduler.SchedulingClass   : Submitted batch from index 370000 to 370500
2025-04-21 15:20:07.246  INFO 23612 --- [scheduling-1] com.indusind.scheduler.SchedulingClass   : Submitted batch from index 370500 to 371000
2025-04-21 15:20:07.246  INFO 23612 --- [scheduling-1] com.indusind.scheduler.SchedulingClass   : Submitted batch from index 371000 to 371500
2025-04-21 15:20:07.246  INFO 23612 --- [scheduling-1] com.indusind.scheduler.SchedulingClass   : Submitted batch from index 371500 to 372000
2025-04-21 15:20:07.246  INFO 23612 --- [scheduling-1] com.indusind.scheduler.SchedulingClass   : Submitted batch from index 372000 to 372500
2025-04-21 15:20:07.247  INFO 23612 --- [scheduling-1] com.indusind.scheduler.SchedulingClass   : Submitted batch from index 372500 to 373000
2025-04-21 15:20:07.247  INFO 23612 --- [scheduling-1] com.indusind.scheduler.SchedulingClass   : Submitted batch from index 373000 to 373500
2025-04-21 15:20:07.247  INFO 23612 --- [scheduling-1] com.indusind.scheduler.SchedulingClass   : Submitted batch from index 373500 to 374000
2025-04-21 15:20:07.247  INFO 23612 --- [scheduling-1] com.indusind.scheduler.SchedulingClass   : Submitted batch from index 374000 to 374500
2025-04-21 15:20:07.247  INFO 23612 --- [scheduling-1] com.indusind.scheduler.SchedulingClass   : Submitted batch from index 374500 to 375000
2025-04-21 15:20:07.247  INFO 23612 --- [scheduling-1] com.indusind.scheduler.SchedulingClass   : Submitted batch from index 375000 to 375500
2025-04-21 15:20:07.247  INFO 23612 --- [scheduling-1] com.indusind.scheduler.SchedulingClass   : Submitted batch from index 375500 to 376000
2025-04-21 15:20:07.247  INFO 23612 --- [scheduling-1] com.indusind.scheduler.SchedulingClass   : Submitted batch from index 376000 to 376500
2025-04-21 15:20:07.247  INFO 23612 --- [scheduling-1] com.indusind.scheduler.SchedulingClass   : Submitted batch from index 376500 to 377000
2025-04-21 15:20:07.247  INFO 23612 --- [scheduling-1] com.indusind.scheduler.SchedulingClass   : Submitted batch from index 377000 to 377500
2025-04-21 15:20:07.247  INFO 23612 --- [scheduling-1] com.indusind.scheduler.SchedulingClass   : Submitted batch from index 377500 to 378000
2025-04-21 15:20:07.247  INFO 23612 --- [scheduling-1] com.indusind.scheduler.SchedulingClass   : Submitted batch from index 378000 to 378500
2025-04-21 15:20:07.247  INFO 23612 --- [scheduling-1] com.indusind.scheduler.SchedulingClass   : Submitted batch from index 378500 to 379000
2025-04-21 15:20:07.248  INFO 23612 --- [scheduling-1] com.indusind.scheduler.SchedulingClass   : Submitted batch from index 379000 to 379500
2025-04-21 15:20:07.250  INFO 23612 --- [scheduling-1] com.indusind.scheduler.SchedulingClass   : Submitted batch from index 379500 to 380000
2025-04-21 15:20:07.250  INFO 23612 --- [scheduling-1] com.indusind.scheduler.SchedulingClass   : Submitted batch from index 380000 to 380500
2025-04-21 15:20:07.250  INFO 23612 --- [scheduling-1] com.indusind.scheduler.SchedulingClass   : Submitted batch from index 380500 to 381000
2025-04-21 15:20:07.250  INFO 23612 --- [scheduling-1] com.indusind.scheduler.SchedulingClass   : Submitted batch from index 381000 to 381500
2025-04-21 15:20:07.250  INFO 23612 --- [scheduling-1] com.indusind.scheduler.SchedulingClass   : Submitted batch from index 381500 to 382000
2025-04-21 15:20:07.251  INFO 23612 --- [scheduling-1] com.indusind.scheduler.SchedulingClass   : Submitted batch from index 382000 to 382500
2025-04-21 15:20:07.251  INFO 23612 --- [scheduling-1] com.indusind.scheduler.SchedulingClass   : Submitted batch from index 382500 to 383000
2025-04-21 15:20:07.251  INFO 23612 --- [scheduling-1] com.indusind.scheduler.SchedulingClass   : Submitted batch from index 383000 to 383500
2025-04-21 15:20:07.251  INFO 23612 --- [scheduling-1] com.indusind.scheduler.SchedulingClass   : Submitted batch from index 383500 to 384000
2025-04-21 15:20:07.251  INFO 23612 --- [scheduling-1] com.indusind.scheduler.SchedulingClass   : Submitted batch from index 384000 to 384500
2025-04-21 15:20:07.251  INFO 23612 --- [scheduling-1] com.indusind.scheduler.SchedulingClass   : Submitted batch from index 384500 to 385000
2025-04-21 15:20:07.252  INFO 23612 --- [scheduling-1] com.indusind.scheduler.SchedulingClass   : Submitted batch from index 385000 to 385500
2025-04-21 15:20:07.252  INFO 23612 --- [scheduling-1] com.indusind.scheduler.SchedulingClass   : Submitted batch from index 385500 to 386000
2025-04-21 15:20:07.252  INFO 23612 --- [scheduling-1] com.indusind.scheduler.SchedulingClass   : Submitted batch from index 386000 to 386500
2025-04-21 15:20:07.252  INFO 23612 --- [scheduling-1] com.indusind.scheduler.SchedulingClass   : Submitted batch from index 386500 to 387000
2025-04-21 15:20:07.252  INFO 23612 --- [scheduling-1] com.indusind.scheduler.SchedulingClass   : Submitted batch from index 387000 to 387500
2025-04-21 15:20:07.252  INFO 23612 --- [scheduling-1] com.indusind.scheduler.SchedulingClass   : Submitted batch from index 387500 to 388000
2025-04-21 15:20:07.252  INFO 23612 --- [scheduling-1] com.indusind.scheduler.SchedulingClass   : Submitted batch from index 388000 to 388500
2025-04-21 15:20:07.252  INFO 23612 --- [scheduling-1] com.indusind.scheduler.SchedulingClass   : Submitted batch from index 388500 to 389000
2025-04-21 15:20:07.252  INFO 23612 --- [scheduling-1] com.indusind.scheduler.SchedulingClass   : Submitted batch from index 389000 to 389500
2025-04-21 15:20:07.252  INFO 23612 --- [scheduling-1] com.indusind.scheduler.SchedulingClass   : Submitted batch from index 389500 to 390000
2025-04-21 15:20:07.253  INFO 23612 --- [scheduling-1] com.indusind.scheduler.SchedulingClass   : Submitted batch from index 390000 to 390500
2025-04-21 15:20:07.253  INFO 23612 --- [scheduling-1] com.indusind.scheduler.SchedulingClass   : Submitted batch from index 390500 to 391000
2025-04-21 15:20:07.253  INFO 23612 --- [scheduling-1] com.indusind.scheduler.SchedulingClass   : Submitted batch from index 391000 to 391500
2025-04-21 15:20:07.253  INFO 23612 --- [scheduling-1] com.indusind.scheduler.SchedulingClass   : Submitted batch from index 391500 to 392000
2025-04-21 15:20:07.253  INFO 23612 --- [scheduling-1] com.indusind.scheduler.SchedulingClass   : Submitted batch from index 392000 to 392500
2025-04-21 15:20:07.253  INFO 23612 --- [scheduling-1] com.indusind.scheduler.SchedulingClass   : Submitted batch from index 392500 to 393000
2025-04-21 15:20:07.253  INFO 23612 --- [scheduling-1] com.indusind.scheduler.SchedulingClass   : Submitted batch from index 393000 to 393500
2025-04-21 15:20:07.253  INFO 23612 --- [scheduling-1] com.indusind.scheduler.SchedulingClass   : Submitted batch from index 393500 to 394000
2025-04-21 15:20:07.253  INFO 23612 --- [scheduling-1] com.indusind.scheduler.SchedulingClass   : Submitted batch from index 394000 to 394500
2025-04-21 15:20:07.253  INFO 23612 --- [scheduling-1] com.indusind.scheduler.SchedulingClass   : Submitted batch from index 394500 to 395000
2025-04-21 15:20:07.253  INFO 23612 --- [scheduling-1] com.indusind.scheduler.SchedulingClass   : Submitted batch from index 395000 to 395500
2025-04-21 15:20:07.253  INFO 23612 --- [scheduling-1] com.indusind.scheduler.SchedulingClass   : Submitted batch from index 395500 to 396000
2025-04-21 15:20:07.253  INFO 23612 --- [scheduling-1] com.indusind.scheduler.SchedulingClass   : Submitted batch from index 396000 to 396500
2025-04-21 15:20:07.254  INFO 23612 --- [scheduling-1] com.indusind.scheduler.SchedulingClass   : Submitted batch from index 396500 to 397000
2025-04-21 15:20:07.254  INFO 23612 --- [scheduling-1] com.indusind.scheduler.SchedulingClass   : Submitted batch from index 397000 to 397500
2025-04-21 15:20:07.254  INFO 23612 --- [scheduling-1] com.indusind.scheduler.SchedulingClass   : Submitted batch from index 397500 to 398000
2025-04-21 15:20:07.254  INFO 23612 --- [scheduling-1] com.indusind.scheduler.SchedulingClass   : Submitted batch from index 398000 to 398500
2025-04-21 15:20:07.254  INFO 23612 --- [scheduling-1] com.indusind.scheduler.SchedulingClass   : Submitted batch from index 398500 to 399000
2025-04-21 15:20:07.254  INFO 23612 --- [scheduling-1] com.indusind.scheduler.SchedulingClass   : Submitted batch from index 399000 to 399500
2025-04-21 15:20:07.254  INFO 23612 --- [scheduling-1] com.indusind.scheduler.SchedulingClass   : Submitted batch from index 399500 to 400000
2025-04-21 15:20:07.254  INFO 23612 --- [scheduling-1] com.indusind.scheduler.SchedulingClass   : Submitted batch from index 400000 to 400500
2025-04-21 15:20:07.254  INFO 23612 --- [scheduling-1] com.indusind.scheduler.SchedulingClass   : Submitted batch from index 400500 to 401000
2025-04-21 15:20:07.254  INFO 23612 --- [scheduling-1] com.indusind.scheduler.SchedulingClass   : Submitted batch from index 401000 to 401500
2025-04-21 15:20:07.254  INFO 23612 --- [scheduling-1] com.indusind.scheduler.SchedulingClass   : Submitted batch from index 401500 to 402000
2025-04-21 15:20:07.254  INFO 23612 --- [scheduling-1] com.indusind.scheduler.SchedulingClass   : Submitted batch from index 402000 to 402500
2025-04-21 15:20:07.254  INFO 23612 --- [scheduling-1] com.indusind.scheduler.SchedulingClass   : Submitted batch from index 402500 to 403000
2025-04-21 15:20:07.254  INFO 23612 --- [scheduling-1] com.indusind.scheduler.SchedulingClass   : Submitted batch from index 403000 to 403500
2025-04-21 15:20:07.254  INFO 23612 --- [scheduling-1] com.indusind.scheduler.SchedulingClass   : Submitted batch from index 403500 to 404000
2025-04-21 15:20:07.254  INFO 23612 --- [scheduling-1] com.indusind.scheduler.SchedulingClass   : Submitted batch from index 404000 to 404500
2025-04-21 15:20:07.254  INFO 23612 --- [scheduling-1] com.indusind.scheduler.SchedulingClass   : Submitted batch from index 404500 to 405000
2025-04-21 15:20:07.254  INFO 23612 --- [scheduling-1] com.indusind.scheduler.SchedulingClass   : Submitted batch from index 405000 to 405500
2025-04-21 15:20:07.254  INFO 23612 --- [scheduling-1] com.indusind.scheduler.SchedulingClass   : Submitted batch from index 405500 to 406000
2025-04-21 15:20:07.254  INFO 23612 --- [scheduling-1] com.indusind.scheduler.SchedulingClass   : Submitted batch from index 406000 to 406500
2025-04-21 15:20:07.254  INFO 23612 --- [scheduling-1] com.indusind.scheduler.SchedulingClass   : Submitted batch from index 406500 to 407000
2025-04-21 15:20:07.254  INFO 23612 --- [scheduling-1] com.indusind.scheduler.SchedulingClass   : Submitted batch from index 407000 to 407500
2025-04-21 15:20:07.255  INFO 23612 --- [scheduling-1] com.indusind.scheduler.SchedulingClass   : Submitted batch from index 407500 to 408000
2025-04-21 15:20:07.255  INFO 23612 --- [scheduling-1] com.indusind.scheduler.SchedulingClass   : Submitted batch from index 408000 to 408500
2025-04-21 15:20:07.255  INFO 23612 --- [scheduling-1] com.indusind.scheduler.SchedulingClass   : Submitted batch from index 408500 to 409000
2025-04-21 15:20:07.255  INFO 23612 --- [scheduling-1] com.indusind.scheduler.SchedulingClass   : Submitted batch from index 409000 to 409500
2025-04-21 15:20:07.255  INFO 23612 --- [scheduling-1] com.indusind.scheduler.SchedulingClass   : Submitted batch from index 409500 to 410000
2025-04-21 15:20:07.255  INFO 23612 --- [scheduling-1] com.indusind.scheduler.SchedulingClass   : Submitted batch from index 410000 to 410500
2025-04-21 15:20:07.255  INFO 23612 --- [scheduling-1] com.indusind.scheduler.SchedulingClass   : Submitted batch from index 410500 to 411000
2025-04-21 15:20:07.255  INFO 23612 --- [scheduling-1] com.indusind.scheduler.SchedulingClass   : Submitted batch from index 411000 to 411500
2025-04-21 15:20:07.255  INFO 23612 --- [scheduling-1] com.indusind.scheduler.SchedulingClass   : Submitted batch from index 411500 to 412000
2025-04-21 15:20:07.255  INFO 23612 --- [scheduling-1] com.indusind.scheduler.SchedulingClass   : Submitted batch from index 412000 to 412500
2025-04-21 15:20:07.255  INFO 23612 --- [scheduling-1] com.indusind.scheduler.SchedulingClass   : Submitted batch from index 412500 to 413000
2025-04-21 15:20:07.256  INFO 23612 --- [scheduling-1] com.indusind.scheduler.SchedulingClass   : Submitted batch from index 413000 to 413500
2025-04-21 15:20:07.256  INFO 23612 --- [scheduling-1] com.indusind.scheduler.SchedulingClass   : Submitted batch from index 413500 to 414000
2025-04-21 15:20:07.256  INFO 23612 --- [scheduling-1] com.indusind.scheduler.SchedulingClass   : Submitted batch from index 414000 to 414500
2025-04-21 15:20:07.256  INFO 23612 --- [scheduling-1] com.indusind.scheduler.SchedulingClass   : Submitted batch from index 414500 to 415000
2025-04-21 15:20:07.256  INFO 23612 --- [scheduling-1] com.indusind.scheduler.SchedulingClass   : Submitted batch from index 415000 to 415500
2025-04-21 15:20:07.256  INFO 23612 --- [scheduling-1] com.indusind.scheduler.SchedulingClass   : Submitted batch from index 415500 to 416000
2025-04-21 15:20:07.256  INFO 23612 --- [scheduling-1] com.indusind.scheduler.SchedulingClass   : Submitted batch from index 416000 to 416500
2025-04-21 15:20:07.256  INFO 23612 --- [scheduling-1] com.indusind.scheduler.SchedulingClass   : Submitted batch from index 416500 to 417000
2025-04-21 15:20:07.256  INFO 23612 --- [scheduling-1] com.indusind.scheduler.SchedulingClass   : Submitted batch from index 417000 to 417500
2025-04-21 15:20:07.256  INFO 23612 --- [scheduling-1] com.indusind.scheduler.SchedulingClass   : Submitted batch from index 417500 to 418000
2025-04-21 15:20:07.257  INFO 23612 --- [scheduling-1] com.indusind.scheduler.SchedulingClass   : Submitted batch from index 418000 to 418500
2025-04-21 15:20:07.257  INFO 23612 --- [scheduling-1] com.indusind.scheduler.SchedulingClass   : Submitted batch from index 418500 to 419000
2025-04-21 15:20:07.257  INFO 23612 --- [scheduling-1] com.indusind.scheduler.SchedulingClass   : Submitted batch from index 419000 to 419500
2025-04-21 15:20:07.257  INFO 23612 --- [scheduling-1] com.indusind.scheduler.SchedulingClass   : Submitted batch from index 419500 to 420000
2025-04-21 15:20:07.257  INFO 23612 --- [scheduling-1] com.indusind.scheduler.SchedulingClass   : Submitted batch from index 420000 to 420500
2025-04-21 15:20:07.257  INFO 23612 --- [scheduling-1] com.indusind.scheduler.SchedulingClass   : Submitted batch from index 420500 to 421000
2025-04-21 15:20:07.257  INFO 23612 --- [scheduling-1] com.indusind.scheduler.SchedulingClass   : Submitted batch from index 421000 to 421500
2025-04-21 15:20:07.257  INFO 23612 --- [scheduling-1] com.indusind.scheduler.SchedulingClass   : Submitted batch from index 421500 to 422000
2025-04-21 15:20:07.257  INFO 23612 --- [scheduling-1] com.indusind.scheduler.SchedulingClass   : Submitted batch from index 422000 to 422500
2025-04-21 15:20:07.257  INFO 23612 --- [scheduling-1] com.indusind.scheduler.SchedulingClass   : Submitted batch from index 422500 to 423000
2025-04-21 15:20:07.257  INFO 23612 --- [scheduling-1] com.indusind.scheduler.SchedulingClass   : Submitted batch from index 423000 to 423500
2025-04-21 15:20:07.257  INFO 23612 --- [scheduling-1] com.indusind.scheduler.SchedulingClass   : Submitted batch from index 423500 to 424000
2025-04-21 15:20:07.257  INFO 23612 --- [scheduling-1] com.indusind.scheduler.SchedulingClass   : Submitted batch from index 424000 to 424500
2025-04-21 15:20:07.257  INFO 23612 --- [scheduling-1] com.indusind.scheduler.SchedulingClass   : Submitted batch from index 424500 to 425000
2025-04-21 15:20:07.257  INFO 23612 --- [scheduling-1] com.indusind.scheduler.SchedulingClass   : Submitted batch from index 425000 to 425500
2025-04-21 15:20:07.257  INFO 23612 --- [scheduling-1] com.indusind.scheduler.SchedulingClass   : Submitted batch from index 425500 to 426000
2025-04-21 15:20:07.257  INFO 23612 --- [scheduling-1] com.indusind.scheduler.SchedulingClass   : Submitted batch from index 426000 to 426500
2025-04-21 15:20:07.258  INFO 23612 --- [scheduling-1] com.indusind.scheduler.SchedulingClass   : Submitted batch from index 426500 to 427000
2025-04-21 15:20:07.258  INFO 23612 --- [scheduling-1] com.indusind.scheduler.SchedulingClass   : Submitted batch from index 427000 to 427500
2025-04-21 15:20:07.258  INFO 23612 --- [scheduling-1] com.indusind.scheduler.SchedulingClass   : Submitted batch from index 427500 to 428000
2025-04-21 15:20:07.258  INFO 23612 --- [scheduling-1] com.indusind.scheduler.SchedulingClass   : Submitted batch from index 428000 to 428500
2025-04-21 15:20:07.258  INFO 23612 --- [scheduling-1] com.indusind.scheduler.SchedulingClass   : Submitted batch from index 428500 to 429000
2025-04-21 15:20:07.259  INFO 23612 --- [scheduling-1] com.indusind.scheduler.SchedulingClass   : Submitted batch from index 429000 to 429500
2025-04-21 15:20:07.259  INFO 23612 --- [scheduling-1] com.indusind.scheduler.SchedulingClass   : Submitted batch from index 429500 to 430000
2025-04-21 15:20:07.259  INFO 23612 --- [scheduling-1] com.indusind.scheduler.SchedulingClass   : Submitted batch from index 430000 to 430500
2025-04-21 15:20:07.259  INFO 23612 --- [scheduling-1] com.indusind.scheduler.SchedulingClass   : Submitted batch from index 430500 to 431000
2025-04-21 15:20:07.259  INFO 23612 --- [scheduling-1] com.indusind.scheduler.SchedulingClass   : Submitted batch from index 431000 to 431500
2025-04-21 15:20:07.259  INFO 23612 --- [scheduling-1] com.indusind.scheduler.SchedulingClass   : Submitted batch from index 431500 to 432000
2025-04-21 15:20:07.259  INFO 23612 --- [scheduling-1] com.indusind.scheduler.SchedulingClass   : Submitted batch from index 432000 to 432500
2025-04-21 15:20:07.259  INFO 23612 --- [scheduling-1] com.indusind.scheduler.SchedulingClass   : Submitted batch from index 432500 to 433000
2025-04-21 15:20:07.259  INFO 23612 --- [scheduling-1] com.indusind.scheduler.SchedulingClass   : Submitted batch from index 433000 to 433500
2025-04-21 15:20:07.259  INFO 23612 --- [scheduling-1] com.indusind.scheduler.SchedulingClass   : Submitted batch from index 433500 to 434000
2025-04-21 15:20:07.259  INFO 23612 --- [scheduling-1] com.indusind.scheduler.SchedulingClass   : Submitted batch from index 434000 to 434500
2025-04-21 15:20:07.259  INFO 23612 --- [scheduling-1] com.indusind.scheduler.SchedulingClass   : Submitted batch from index 434500 to 435000
2025-04-21 15:20:07.259  INFO 23612 --- [scheduling-1] com.indusind.scheduler.SchedulingClass   : Submitted batch from index 435000 to 435500
2025-04-21 15:20:07.259  INFO 23612 --- [scheduling-1] com.indusind.scheduler.SchedulingClass   : Submitted batch from index 435500 to 436000
2025-04-21 15:20:07.259  INFO 23612 --- [scheduling-1] com.indusind.scheduler.SchedulingClass   : Submitted batch from index 436000 to 436500
2025-04-21 15:20:07.259  INFO 23612 --- [scheduling-1] com.indusind.scheduler.SchedulingClass   : Submitted batch from index 436500 to 437000
2025-04-21 15:20:07.259  INFO 23612 --- [scheduling-1] com.indusind.scheduler.SchedulingClass   : Submitted batch from index 437000 to 437500
2025-04-21 15:20:07.259  INFO 23612 --- [scheduling-1] com.indusind.scheduler.SchedulingClass   : Submitted batch from index 437500 to 438000
2025-04-21 15:20:07.259  INFO 23612 --- [scheduling-1] com.indusind.scheduler.SchedulingClass   : Submitted batch from index 438000 to 438500
2025-04-21 15:20:07.259  INFO 23612 --- [scheduling-1] com.indusind.scheduler.SchedulingClass   : Submitted batch from index 438500 to 439000
2025-04-21 15:20:07.260  INFO 23612 --- [scheduling-1] com.indusind.scheduler.SchedulingClass   : Submitted batch from index 439000 to 439500
2025-04-21 15:20:07.260  INFO 23612 --- [scheduling-1] com.indusind.scheduler.SchedulingClass   : Submitted batch from index 439500 to 440000
2025-04-21 15:20:07.260  INFO 23612 --- [scheduling-1] com.indusind.scheduler.SchedulingClass   : Submitted batch from index 440000 to 440500
2025-04-21 15:20:07.260  INFO 23612 --- [scheduling-1] com.indusind.scheduler.SchedulingClass   : Submitted batch from index 440500 to 441000
2025-04-21 15:20:07.260  INFO 23612 --- [scheduling-1] com.indusind.scheduler.SchedulingClass   : Submitted batch from index 441000 to 441500
2025-04-21 15:20:07.260  INFO 23612 --- [scheduling-1] com.indusind.scheduler.SchedulingClass   : Submitted batch from index 441500 to 442000
2025-04-21 15:20:07.260  INFO 23612 --- [scheduling-1] com.indusind.scheduler.SchedulingClass   : Submitted batch from index 442000 to 442500
2025-04-21 15:20:07.260  INFO 23612 --- [scheduling-1] com.indusind.scheduler.SchedulingClass   : Submitted batch from index 442500 to 443000
2025-04-21 15:20:07.260  INFO 23612 --- [scheduling-1] com.indusind.scheduler.SchedulingClass   : Submitted batch from index 443000 to 443500
2025-04-21 15:20:07.260  INFO 23612 --- [scheduling-1] com.indusind.scheduler.SchedulingClass   : Submitted batch from index 443500 to 444000
2025-04-21 15:20:07.260  INFO 23612 --- [scheduling-1] com.indusind.scheduler.SchedulingClass   : Submitted batch from index 444000 to 444500
2025-04-21 15:20:07.260  INFO 23612 --- [scheduling-1] com.indusind.scheduler.SchedulingClass   : Submitted batch from index 444500 to 445000
2025-04-21 15:20:07.260  INFO 23612 --- [scheduling-1] com.indusind.scheduler.SchedulingClass   : Submitted batch from index 445000 to 445500
2025-04-21 15:20:07.260  INFO 23612 --- [scheduling-1] com.indusind.scheduler.SchedulingClass   : Submitted batch from index 445500 to 446000
2025-04-21 15:20:07.262  INFO 23612 --- [scheduling-1] com.indusind.scheduler.SchedulingClass   : Submitted batch from index 446000 to 446500
2025-04-21 15:20:07.262  INFO 23612 --- [scheduling-1] com.indusind.scheduler.SchedulingClass   : Submitted batch from index 446500 to 447000
2025-04-21 15:20:07.262  INFO 23612 --- [scheduling-1] com.indusind.scheduler.SchedulingClass   : Submitted batch from index 447000 to 447500
2025-04-21 15:20:07.262  INFO 23612 --- [scheduling-1] com.indusind.scheduler.SchedulingClass   : Submitted batch from index 447500 to 448000
2025-04-21 15:20:07.262  INFO 23612 --- [scheduling-1] com.indusind.scheduler.SchedulingClass   : Submitted batch from index 448000 to 448500
2025-04-21 15:20:07.262  INFO 23612 --- [scheduling-1] com.indusind.scheduler.SchedulingClass   : Submitted batch from index 448500 to 449000
2025-04-21 15:20:07.262  INFO 23612 --- [scheduling-1] com.indusind.scheduler.SchedulingClass   : Submitted batch from index 449000 to 449500
2025-04-21 15:20:07.263  INFO 23612 --- [scheduling-1] com.indusind.scheduler.SchedulingClass   : Submitted batch from index 449500 to 450000
2025-04-21 15:20:07.263  INFO 23612 --- [scheduling-1] com.indusind.scheduler.SchedulingClass   : Submitted batch from index 450000 to 450500
2025-04-21 15:20:07.263  INFO 23612 --- [scheduling-1] com.indusind.scheduler.SchedulingClass   : Submitted batch from index 450500 to 451000
2025-04-21 15:20:07.263  INFO 23612 --- [scheduling-1] com.indusind.scheduler.SchedulingClass   : Submitted batch from index 451000 to 451500
2025-04-21 15:20:07.263  INFO 23612 --- [scheduling-1] com.indusind.scheduler.SchedulingClass   : Submitted batch from index 451500 to 452000
2025-04-21 15:20:07.263  INFO 23612 --- [scheduling-1] com.indusind.scheduler.SchedulingClass   : Submitted batch from index 452000 to 452500
2025-04-21 15:20:07.263  INFO 23612 --- [scheduling-1] com.indusind.scheduler.SchedulingClass   : Submitted batch from index 452500 to 453000
2025-04-21 15:20:07.263  INFO 23612 --- [scheduling-1] com.indusind.scheduler.SchedulingClass   : Submitted batch from index 453000 to 453500
2025-04-21 15:20:07.263  INFO 23612 --- [scheduling-1] com.indusind.scheduler.SchedulingClass   : Submitted batch from index 453500 to 454000
2025-04-21 15:20:07.263  INFO 23612 --- [scheduling-1] com.indusind.scheduler.SchedulingClass   : Submitted batch from index 454000 to 454500
2025-04-21 15:20:07.263  INFO 23612 --- [scheduling-1] com.indusind.scheduler.SchedulingClass   : Submitted batch from index 454500 to 455000
2025-04-21 15:20:07.263  INFO 23612 --- [scheduling-1] com.indusind.scheduler.SchedulingClass   : Submitted batch from index 455000 to 455500
2025-04-21 15:20:07.263  INFO 23612 --- [scheduling-1] com.indusind.scheduler.SchedulingClass   : Submitted batch from index 455500 to 456000
2025-04-21 15:20:07.263  INFO 23612 --- [scheduling-1] com.indusind.scheduler.SchedulingClass   : Submitted batch from index 456000 to 456500
2025-04-21 15:20:07.263  INFO 23612 --- [scheduling-1] com.indusind.scheduler.SchedulingClass   : Submitted batch from index 456500 to 457000
2025-04-21 15:20:07.263  INFO 23612 --- [scheduling-1] com.indusind.scheduler.SchedulingClass   : Submitted batch from index 457000 to 457500
2025-04-21 15:20:07.263  INFO 23612 --- [scheduling-1] com.indusind.scheduler.SchedulingClass   : Submitted batch from index 457500 to 458000
2025-04-21 15:20:07.263  INFO 23612 --- [scheduling-1] com.indusind.scheduler.SchedulingClass   : Submitted batch from index 458000 to 458500
2025-04-21 15:20:07.263  INFO 23612 --- [scheduling-1] com.indusind.scheduler.SchedulingClass   : Submitted batch from index 458500 to 459000
2025-04-21 15:20:07.263  INFO 23612 --- [scheduling-1] com.indusind.scheduler.SchedulingClass   : Submitted batch from index 459000 to 459500
2025-04-21 15:20:07.263  INFO 23612 --- [scheduling-1] com.indusind.scheduler.SchedulingClass   : Submitted batch from index 459500 to 460000
2025-04-21 15:20:07.263  INFO 23612 --- [scheduling-1] com.indusind.scheduler.SchedulingClass   : Submitted batch from index 460000 to 460500
2025-04-21 15:20:07.264  INFO 23612 --- [scheduling-1] com.indusind.scheduler.SchedulingClass   : Submitted batch from index 460500 to 461000
2025-04-21 15:20:07.264  INFO 23612 --- [scheduling-1] com.indusind.scheduler.SchedulingClass   : Submitted batch from index 461000 to 461500
2025-04-21 15:20:07.264  INFO 23612 --- [scheduling-1] com.indusind.scheduler.SchedulingClass   : Submitted batch from index 461500 to 462000
2025-04-21 15:20:07.264  INFO 23612 --- [scheduling-1] com.indusind.scheduler.SchedulingClass   : Submitted batch from index 462000 to 462500
2025-04-21 15:20:07.265  INFO 23612 --- [scheduling-1] com.indusind.scheduler.SchedulingClass   : Submitted batch from index 462500 to 463000
2025-04-21 15:20:07.265  INFO 23612 --- [scheduling-1] com.indusind.scheduler.SchedulingClass   : Submitted batch from index 463000 to 463500
2025-04-21 15:20:07.266  INFO 23612 --- [scheduling-1] com.indusind.scheduler.SchedulingClass   : Submitted batch from index 463500 to 464000
2025-04-21 15:20:07.266  INFO 23612 --- [scheduling-1] com.indusind.scheduler.SchedulingClass   : Submitted batch from index 464000 to 464500
2025-04-21 15:20:07.266  INFO 23612 --- [scheduling-1] com.indusind.scheduler.SchedulingClass   : Submitted batch from index 464500 to 465000
2025-04-21 15:20:07.266  INFO 23612 --- [scheduling-1] com.indusind.scheduler.SchedulingClass   : Submitted batch from index 465000 to 465500
2025-04-21 15:20:07.266  INFO 23612 --- [scheduling-1] com.indusind.scheduler.SchedulingClass   : Submitted batch from index 465500 to 466000
2025-04-21 15:20:07.266  INFO 23612 --- [scheduling-1] com.indusind.scheduler.SchedulingClass   : Submitted batch from index 466000 to 466500
2025-04-21 15:20:07.266  INFO 23612 --- [scheduling-1] com.indusind.scheduler.SchedulingClass   : Submitted batch from index 466500 to 467000
2025-04-21 15:20:07.266  INFO 23612 --- [scheduling-1] com.indusind.scheduler.SchedulingClass   : Submitted batch from index 467000 to 467500
2025-04-21 15:20:07.266  INFO 23612 --- [scheduling-1] com.indusind.scheduler.SchedulingClass   : Submitted batch from index 467500 to 468000
2025-04-21 15:20:07.266  INFO 23612 --- [scheduling-1] com.indusind.scheduler.SchedulingClass   : Submitted batch from index 468000 to 468500
2025-04-21 15:20:07.266  INFO 23612 --- [scheduling-1] com.indusind.scheduler.SchedulingClass   : Submitted batch from index 468500 to 469000
2025-04-21 15:20:07.266  INFO 23612 --- [scheduling-1] com.indusind.scheduler.SchedulingClass   : Submitted batch from index 469000 to 469500
2025-04-21 15:20:07.266  INFO 23612 --- [scheduling-1] com.indusind.scheduler.SchedulingClass   : Submitted batch from index 469500 to 470000
2025-04-21 15:20:07.266  INFO 23612 --- [scheduling-1] com.indusind.scheduler.SchedulingClass   : Submitted batch from index 470000 to 470500
2025-04-21 15:20:07.266  INFO 23612 --- [scheduling-1] com.indusind.scheduler.SchedulingClass   : Submitted batch from index 470500 to 471000
2025-04-21 15:20:07.267  INFO 23612 --- [scheduling-1] com.indusind.scheduler.SchedulingClass   : Submitted batch from index 471000 to 471500
2025-04-21 15:20:07.267  INFO 23612 --- [scheduling-1] com.indusind.scheduler.SchedulingClass   : Submitted batch from index 471500 to 472000
2025-04-21 15:20:07.267  INFO 23612 --- [scheduling-1] com.indusind.scheduler.SchedulingClass   : Submitted batch from index 472000 to 472500
2025-04-21 15:20:07.267  INFO 23612 --- [scheduling-1] com.indusind.scheduler.SchedulingClass   : Submitted batch from index 472500 to 473000
2025-04-21 15:20:07.267  INFO 23612 --- [scheduling-1] com.indusind.scheduler.SchedulingClass   : Submitted batch from index 473000 to 473500
2025-04-21 15:20:07.267  INFO 23612 --- [scheduling-1] com.indusind.scheduler.SchedulingClass   : Submitted batch from index 473500 to 474000
2025-04-21 15:20:07.267  INFO 23612 --- [scheduling-1] com.indusind.scheduler.SchedulingClass   : Submitted batch from index 474000 to 474500
2025-04-21 15:20:07.267  INFO 23612 --- [scheduling-1] com.indusind.scheduler.SchedulingClass   : Submitted batch from index 474500 to 475000
2025-04-21 15:20:07.267  INFO 23612 --- [scheduling-1] com.indusind.scheduler.SchedulingClass   : Submitted batch from index 475000 to 475500
2025-04-21 15:20:07.267  INFO 23612 --- [scheduling-1] com.indusind.scheduler.SchedulingClass   : Submitted batch from index 475500 to 476000
2025-04-21 15:20:07.267  INFO 23612 --- [scheduling-1] com.indusind.scheduler.SchedulingClass   : Submitted batch from index 476000 to 476500
2025-04-21 15:20:07.267  INFO 23612 --- [scheduling-1] com.indusind.scheduler.SchedulingClass   : Submitted batch from index 476500 to 477000
2025-04-21 15:20:07.267  INFO 23612 --- [scheduling-1] com.indusind.scheduler.SchedulingClass   : Submitted batch from index 477000 to 477500
2025-04-21 15:20:07.267  INFO 23612 --- [scheduling-1] com.indusind.scheduler.SchedulingClass   : Submitted batch from index 477500 to 478000
2025-04-21 15:20:07.268  INFO 23612 --- [scheduling-1] com.indusind.scheduler.SchedulingClass   : Submitted batch from index 478000 to 478500
2025-04-21 15:20:07.268  INFO 23612 --- [scheduling-1] com.indusind.scheduler.SchedulingClass   : Submitted batch from index 478500 to 479000
2025-04-21 15:20:07.268  INFO 23612 --- [scheduling-1] com.indusind.scheduler.SchedulingClass   : Submitted batch from index 479000 to 479500
2025-04-21 15:20:07.268  INFO 23612 --- [scheduling-1] com.indusind.scheduler.SchedulingClass   : Submitted batch from index 479500 to 480000
2025-04-21 15:20:07.268  INFO 23612 --- [scheduling-1] com.indusind.scheduler.SchedulingClass   : Submitted batch from index 480000 to 480500
2025-04-21 15:20:07.268  INFO 23612 --- [scheduling-1] com.indusind.scheduler.SchedulingClass   : Submitted batch from index 480500 to 481000
2025-04-21 15:20:07.268  INFO 23612 --- [scheduling-1] com.indusind.scheduler.SchedulingClass   : Submitted batch from index 481000 to 481500
2025-04-21 15:20:07.268  INFO 23612 --- [scheduling-1] com.indusind.scheduler.SchedulingClass   : Submitted batch from index 481500 to 482000
2025-04-21 15:20:07.268  INFO 23612 --- [scheduling-1] com.indusind.scheduler.SchedulingClass   : Submitted batch from index 482000 to 482500
2025-04-21 15:20:07.268  INFO 23612 --- [scheduling-1] com.indusind.scheduler.SchedulingClass   : Submitted batch from index 482500 to 483000
2025-04-21 15:20:07.268  INFO 23612 --- [scheduling-1] com.indusind.scheduler.SchedulingClass   : Submitted batch from index 483000 to 483500
2025-04-21 15:20:07.268  INFO 23612 --- [scheduling-1] com.indusind.scheduler.SchedulingClass   : Submitted batch from index 483500 to 484000
2025-04-21 15:20:07.268  INFO 23612 --- [scheduling-1] com.indusind.scheduler.SchedulingClass   : Submitted batch from index 484000 to 484500
2025-04-21 15:20:07.268  INFO 23612 --- [scheduling-1] com.indusind.scheduler.SchedulingClass   : Submitted batch from index 484500 to 485000
2025-04-21 15:20:07.268  INFO 23612 --- [scheduling-1] com.indusind.scheduler.SchedulingClass   : Submitted batch from index 485000 to 485500
2025-04-21 15:20:07.268  INFO 23612 --- [scheduling-1] com.indusind.scheduler.SchedulingClass   : Submitted batch from index 485500 to 486000
2025-04-21 15:20:07.268  INFO 23612 --- [scheduling-1] com.indusind.scheduler.SchedulingClass   : Submitted batch from index 486000 to 486500
2025-04-21 15:20:07.268  INFO 23612 --- [scheduling-1] com.indusind.scheduler.SchedulingClass   : Submitted batch from index 486500 to 487000
2025-04-21 15:20:07.268  INFO 23612 --- [scheduling-1] com.indusind.scheduler.SchedulingClass   : Submitted batch from index 487000 to 487500
2025-04-21 15:20:07.268  INFO 23612 --- [scheduling-1] com.indusind.scheduler.SchedulingClass   : Submitted batch from index 487500 to 488000
2025-04-21 15:20:07.268  INFO 23612 --- [scheduling-1] com.indusind.scheduler.SchedulingClass   : Submitted batch from index 488000 to 488500
2025-04-21 15:20:07.268  INFO 23612 --- [scheduling-1] com.indusind.scheduler.SchedulingClass   : Submitted batch from index 488500 to 489000
2025-04-21 15:20:07.268  INFO 23612 --- [scheduling-1] com.indusind.scheduler.SchedulingClass   : Submitted batch from index 489000 to 489500
2025-04-21 15:20:07.268  INFO 23612 --- [scheduling-1] com.indusind.scheduler.SchedulingClass   : Submitted batch from index 489500 to 490000
2025-04-21 15:20:07.268  INFO 23612 --- [scheduling-1] com.indusind.scheduler.SchedulingClass   : Submitted batch from index 490000 to 490500
2025-04-21 15:20:07.268  INFO 23612 --- [scheduling-1] com.indusind.scheduler.SchedulingClass   : Submitted batch from index 490500 to 491000
2025-04-21 15:20:07.268  INFO 23612 --- [scheduling-1] com.indusind.scheduler.SchedulingClass   : Submitted batch from index 491000 to 491500
2025-04-21 15:20:07.268  INFO 23612 --- [scheduling-1] com.indusind.scheduler.SchedulingClass   : Submitted batch from index 491500 to 492000
2025-04-21 15:20:07.268  INFO 23612 --- [scheduling-1] com.indusind.scheduler.SchedulingClass   : Submitted batch from index 492000 to 492500
2025-04-21 15:20:07.268  INFO 23612 --- [scheduling-1] com.indusind.scheduler.SchedulingClass   : Submitted batch from index 492500 to 493000
2025-04-21 15:20:07.268  INFO 23612 --- [scheduling-1] com.indusind.scheduler.SchedulingClass   : Submitted batch from index 493000 to 493500
2025-04-21 15:20:07.268  INFO 23612 --- [scheduling-1] com.indusind.scheduler.SchedulingClass   : Submitted batch from index 493500 to 494000
2025-04-21 15:20:07.268  INFO 23612 --- [scheduling-1] com.indusind.scheduler.SchedulingClass   : Submitted batch from index 494000 to 494500
2025-04-21 15:20:07.269  INFO 23612 --- [scheduling-1] com.indusind.scheduler.SchedulingClass   : Submitted batch from index 494500 to 495000
2025-04-21 15:20:07.269  INFO 23612 --- [scheduling-1] com.indusind.scheduler.SchedulingClass   : Submitted batch from index 495000 to 495500
2025-04-21 15:20:07.269  INFO 23612 --- [scheduling-1] com.indusind.scheduler.SchedulingClass   : Submitted batch from index 495500 to 496000
2025-04-21 15:20:07.269  INFO 23612 --- [scheduling-1] com.indusind.scheduler.SchedulingClass   : Submitted batch from index 496000 to 496500
2025-04-21 15:20:07.269  INFO 23612 --- [scheduling-1] com.indusind.scheduler.SchedulingClass   : Submitted batch from index 496500 to 497000
2025-04-21 15:20:07.269  INFO 23612 --- [scheduling-1] com.indusind.scheduler.SchedulingClass   : Submitted batch from index 497000 to 497500
2025-04-21 15:20:07.269  INFO 23612 --- [scheduling-1] com.indusind.scheduler.SchedulingClass   : Submitted batch from index 497500 to 498000
2025-04-21 15:20:07.269  INFO 23612 --- [scheduling-1] com.indusind.scheduler.SchedulingClass   : Submitted batch from index 498000 to 498500
2025-04-21 15:20:07.270  INFO 23612 --- [scheduling-1] com.indusind.scheduler.SchedulingClass   : Submitted batch from index 498500 to 499000
2025-04-21 15:20:07.270  INFO 23612 --- [scheduling-1] com.indusind.scheduler.SchedulingClass   : Submitted batch from index 499000 to 499500
2025-04-21 15:20:07.270  INFO 23612 --- [scheduling-1] com.indusind.scheduler.SchedulingClass   : Submitted batch from index 499500 to 500000
2025-04-21 15:20:07.270  INFO 23612 --- [scheduling-1] com.indusind.scheduler.SchedulingClass   : Submitted batch from index 500000 to 500500
2025-04-21 15:20:07.270  INFO 23612 --- [scheduling-1] com.indusind.scheduler.SchedulingClass   : Submitted batch from index 500500 to 501000
2025-04-21 15:20:07.270  INFO 23612 --- [scheduling-1] com.indusind.scheduler.SchedulingClass   : Submitted batch from index 501000 to 501500
2025-04-21 15:20:07.270  INFO 23612 --- [scheduling-1] com.indusind.scheduler.SchedulingClass   : Submitted batch from index 501500 to 502000
2025-04-21 15:20:07.270  INFO 23612 --- [scheduling-1] com.indusind.scheduler.SchedulingClass   : Submitted batch from index 502000 to 502500
2025-04-21 15:20:07.270  INFO 23612 --- [scheduling-1] com.indusind.scheduler.SchedulingClass   : Submitted batch from index 502500 to 503000
2025-04-21 15:20:07.270  INFO 23612 --- [scheduling-1] com.indusind.scheduler.SchedulingClass   : Submitted batch from index 503000 to 503500
2025-04-21 15:20:07.270  INFO 23612 --- [scheduling-1] com.indusind.scheduler.SchedulingClass   : Submitted batch from index 503500 to 504000
2025-04-21 15:20:07.270  INFO 23612 --- [scheduling-1] com.indusind.scheduler.SchedulingClass   : Submitted batch from index 504000 to 504500
2025-04-21 15:20:07.270  INFO 23612 --- [scheduling-1] com.indusind.scheduler.SchedulingClass   : Submitted batch from index 504500 to 505000
2025-04-21 15:20:07.270  INFO 23612 --- [scheduling-1] com.indusind.scheduler.SchedulingClass   : Submitted batch from index 505000 to 505500
2025-04-21 15:20:07.270  INFO 23612 --- [scheduling-1] com.indusind.scheduler.SchedulingClass   : Submitted batch from index 505500 to 506000
2025-04-21 15:20:07.270  INFO 23612 --- [scheduling-1] com.indusind.scheduler.SchedulingClass   : Submitted batch from index 506000 to 506500
2025-04-21 15:20:07.270  INFO 23612 --- [scheduling-1] com.indusind.scheduler.SchedulingClass   : Submitted batch from index 506500 to 507000
2025-04-21 15:20:07.270  INFO 23612 --- [scheduling-1] com.indusind.scheduler.SchedulingClass   : Submitted batch from index 507000 to 507500
2025-04-21 15:20:07.270  INFO 23612 --- [scheduling-1] com.indusind.scheduler.SchedulingClass   : Submitted batch from index 507500 to 508000
2025-04-21 15:20:07.270  INFO 23612 --- [scheduling-1] com.indusind.scheduler.SchedulingClass   : Submitted batch from index 508000 to 508500
2025-04-21 15:20:07.270  INFO 23612 --- [scheduling-1] com.indusind.scheduler.SchedulingClass   : Submitted batch from index 508500 to 509000
2025-04-21 15:20:07.270  INFO 23612 --- [scheduling-1] com.indusind.scheduler.SchedulingClass   : Submitted batch from index 509000 to 509500
2025-04-21 15:20:07.270  INFO 23612 --- [scheduling-1] com.indusind.scheduler.SchedulingClass   : Submitted batch from index 509500 to 510000
2025-04-21 15:20:07.270  INFO 23612 --- [scheduling-1] com.indusind.scheduler.SchedulingClass   : Submitted batch from index 510000 to 510500
2025-04-21 15:20:07.270  INFO 23612 --- [scheduling-1] com.indusind.scheduler.SchedulingClass   : Submitted batch from index 510500 to 511000
2025-04-21 15:20:07.270  INFO 23612 --- [scheduling-1] com.indusind.scheduler.SchedulingClass   : Submitted batch from index 511000 to 511500
2025-04-21 15:20:07.270  INFO 23612 --- [scheduling-1] com.indusind.scheduler.SchedulingClass   : Submitted batch from index 511500 to 512000
2025-04-21 15:20:07.271  INFO 23612 --- [scheduling-1] com.indusind.scheduler.SchedulingClass   : Submitted batch from index 512000 to 512500
2025-04-21 15:20:07.271  INFO 23612 --- [scheduling-1] com.indusind.scheduler.SchedulingClass   : Submitted batch from index 512500 to 513000
2025-04-21 15:20:07.271  INFO 23612 --- [scheduling-1] com.indusind.scheduler.SchedulingClass   : Submitted batch from index 513000 to 513500
2025-04-21 15:20:07.271  INFO 23612 --- [scheduling-1] com.indusind.scheduler.SchedulingClass   : Submitted batch from index 513500 to 514000
2025-04-21 15:20:07.271  INFO 23612 --- [scheduling-1] com.indusind.scheduler.SchedulingClass   : Submitted batch from index 514000 to 514500
2025-04-21 15:20:07.271  INFO 23612 --- [scheduling-1] com.indusind.scheduler.SchedulingClass   : Submitted batch from index 514500 to 515000
2025-04-21 15:20:07.271  INFO 23612 --- [scheduling-1] com.indusind.scheduler.SchedulingClass   : Submitted batch from index 515000 to 515500
2025-04-21 15:20:07.271  INFO 23612 --- [scheduling-1] com.indusind.scheduler.SchedulingClass   : Submitted batch from index 515500 to 516000
2025-04-21 15:20:07.271  INFO 23612 --- [scheduling-1] com.indusind.scheduler.SchedulingClass   : Submitted batch from index 516000 to 516500
2025-04-21 15:20:07.271  INFO 23612 --- [scheduling-1] com.indusind.scheduler.SchedulingClass   : Submitted batch from index 516500 to 517000
2025-04-21 15:20:07.271  INFO 23612 --- [scheduling-1] com.indusind.scheduler.SchedulingClass   : Submitted batch from index 517000 to 517500
2025-04-21 15:20:07.271  INFO 23612 --- [scheduling-1] com.indusind.scheduler.SchedulingClass   : Submitted batch from index 517500 to 518000
2025-04-21 15:20:07.271  INFO 23612 --- [scheduling-1] com.indusind.scheduler.SchedulingClass   : Submitted batch from index 518000 to 518500
2025-04-21 15:20:07.271  INFO 23612 --- [scheduling-1] com.indusind.scheduler.SchedulingClass   : Submitted batch from index 518500 to 519000
2025-04-21 15:20:07.271  INFO 23612 --- [scheduling-1] com.indusind.scheduler.SchedulingClass   : Submitted batch from index 519000 to 519500
2025-04-21 15:20:07.271  INFO 23612 --- [scheduling-1] com.indusind.scheduler.SchedulingClass   : Submitted batch from index 519500 to 520000
2025-04-21 15:20:07.271  INFO 23612 --- [scheduling-1] com.indusind.scheduler.SchedulingClass   : Submitted batch from index 520000 to 520500
2025-04-21 15:20:07.271  INFO 23612 --- [scheduling-1] com.indusind.scheduler.SchedulingClass   : Submitted batch from index 520500 to 521000
2025-04-21 15:20:07.271  INFO 23612 --- [scheduling-1] com.indusind.scheduler.SchedulingClass   : Submitted batch from index 521000 to 521500
2025-04-21 15:20:07.271  INFO 23612 --- [scheduling-1] com.indusind.scheduler.SchedulingClass   : Submitted batch from index 521500 to 522000
2025-04-21 15:20:07.271  INFO 23612 --- [scheduling-1] com.indusind.scheduler.SchedulingClass   : Submitted batch from index 522000 to 522500
2025-04-21 15:20:07.271  INFO 23612 --- [scheduling-1] com.indusind.scheduler.SchedulingClass   : Submitted batch from index 522500 to 523000
2025-04-21 15:20:07.271  INFO 23612 --- [scheduling-1] com.indusind.scheduler.SchedulingClass   : Submitted batch from index 523000 to 523500
2025-04-21 15:20:07.272  INFO 23612 --- [scheduling-1] com.indusind.scheduler.SchedulingClass   : Submitted batch from index 523500 to 524000
2025-04-21 15:20:07.272  INFO 23612 --- [scheduling-1] com.indusind.scheduler.SchedulingClass   : Submitted batch from index 524000 to 524500
2025-04-21 15:20:07.272  INFO 23612 --- [scheduling-1] com.indusind.scheduler.SchedulingClass   : Submitted batch from index 524500 to 525000
2025-04-21 15:20:07.272  INFO 23612 --- [scheduling-1] com.indusind.scheduler.SchedulingClass   : Submitted batch from index 525000 to 525500
2025-04-21 15:20:07.272  INFO 23612 --- [scheduling-1] com.indusind.scheduler.SchedulingClass   : Submitted batch from index 525500 to 526000
2025-04-21 15:20:07.273  INFO 23612 --- [scheduling-1] com.indusind.scheduler.SchedulingClass   : Submitted batch from index 526000 to 526500
2025-04-21 15:20:07.273  INFO 23612 --- [scheduling-1] com.indusind.scheduler.SchedulingClass   : Submitted batch from index 526500 to 527000
2025-04-21 15:20:07.274  INFO 23612 --- [scheduling-1] com.indusind.scheduler.SchedulingClass   : Submitted batch from index 527000 to 527500
2025-04-21 15:20:07.274  INFO 23612 --- [scheduling-1] com.indusind.scheduler.SchedulingClass   : Submitted batch from index 527500 to 528000
2025-04-21 15:20:07.274  INFO 23612 --- [scheduling-1] com.indusind.scheduler.SchedulingClass   : Submitted batch from index 528000 to 528500
2025-04-21 15:20:07.274  INFO 23612 --- [scheduling-1] com.indusind.scheduler.SchedulingClass   : Submitted batch from index 528500 to 529000
2025-04-21 15:20:07.274  INFO 23612 --- [scheduling-1] com.indusind.scheduler.SchedulingClass   : Submitted batch from index 529000 to 529500
2025-04-21 15:20:07.274  INFO 23612 --- [scheduling-1] com.indusind.scheduler.SchedulingClass   : Submitted batch from index 529500 to 530000
2025-04-21 15:20:07.274  INFO 23612 --- [scheduling-1] com.indusind.scheduler.SchedulingClass   : Submitted batch from index 530000 to 530500
2025-04-21 15:20:07.274  INFO 23612 --- [scheduling-1] com.indusind.scheduler.SchedulingClass   : Submitted batch from index 530500 to 531000
2025-04-21 15:20:07.274  INFO 23612 --- [scheduling-1] com.indusind.scheduler.SchedulingClass   : Submitted batch from index 531000 to 531500
2025-04-21 15:20:07.274  INFO 23612 --- [scheduling-1] com.indusind.scheduler.SchedulingClass   : Submitted batch from index 531500 to 532000
2025-04-21 15:20:07.274  INFO 23612 --- [scheduling-1] com.indusind.scheduler.SchedulingClass   : Submitted batch from index 532000 to 532500
2025-04-21 15:20:07.274  INFO 23612 --- [scheduling-1] com.indusind.scheduler.SchedulingClass   : Submitted batch from index 532500 to 533000
2025-04-21 15:20:07.274  INFO 23612 --- [scheduling-1] com.indusind.scheduler.SchedulingClass   : Submitted batch from index 533000 to 533500
2025-04-21 15:20:07.274  INFO 23612 --- [scheduling-1] com.indusind.scheduler.SchedulingClass   : Submitted batch from index 533500 to 534000
2025-04-21 15:20:07.274  INFO 23612 --- [scheduling-1] com.indusind.scheduler.SchedulingClass   : Submitted batch from index 534000 to 534500
2025-04-21 15:20:07.274  INFO 23612 --- [scheduling-1] com.indusind.scheduler.SchedulingClass   : Submitted batch from index 534500 to 535000
2025-04-21 15:20:07.275  INFO 23612 --- [scheduling-1] com.indusind.scheduler.SchedulingClass   : Submitted batch from index 535000 to 535500
2025-04-21 15:20:07.275  INFO 23612 --- [scheduling-1] com.indusind.scheduler.SchedulingClass   : Submitted batch from index 535500 to 536000
2025-04-21 15:20:07.275  INFO 23612 --- [scheduling-1] com.indusind.scheduler.SchedulingClass   : Submitted batch from index 536000 to 536500
2025-04-21 15:20:07.275  INFO 23612 --- [scheduling-1] com.indusind.scheduler.SchedulingClass   : Submitted batch from index 536500 to 537000
2025-04-21 15:20:07.275  INFO 23612 --- [scheduling-1] com.indusind.scheduler.SchedulingClass   : Submitted batch from index 537000 to 537500
2025-04-21 15:20:07.275  INFO 23612 --- [scheduling-1] com.indusind.scheduler.SchedulingClass   : Submitted batch from index 537500 to 538000
2025-04-21 15:20:07.275  INFO 23612 --- [scheduling-1] com.indusind.scheduler.SchedulingClass   : Submitted batch from index 538000 to 538500
2025-04-21 15:20:07.275  INFO 23612 --- [scheduling-1] com.indusind.scheduler.SchedulingClass   : Submitted batch from index 538500 to 539000
2025-04-21 15:20:07.275  INFO 23612 --- [scheduling-1] com.indusind.scheduler.SchedulingClass   : Submitted batch from index 539000 to 539500
2025-04-21 15:20:07.275  INFO 23612 --- [scheduling-1] com.indusind.scheduler.SchedulingClass   : Submitted batch from index 539500 to 540000
2025-04-21 15:20:07.275  INFO 23612 --- [scheduling-1] com.indusind.scheduler.SchedulingClass   : Submitted batch from index 540000 to 540500
2025-04-21 15:20:07.275  INFO 23612 --- [scheduling-1] com.indusind.scheduler.SchedulingClass   : Submitted batch from index 540500 to 541000
2025-04-21 15:20:07.275  INFO 23612 --- [scheduling-1] com.indusind.scheduler.SchedulingClass   : Submitted batch from index 541000 to 541500
2025-04-21 15:20:07.275  INFO 23612 --- [scheduling-1] com.indusind.scheduler.SchedulingClass   : Submitted batch from index 541500 to 542000
2025-04-21 15:20:07.275  INFO 23612 --- [scheduling-1] com.indusind.scheduler.SchedulingClass   : Submitted batch from index 542000 to 542500
2025-04-21 15:20:07.275  INFO 23612 --- [scheduling-1] com.indusind.scheduler.SchedulingClass   : Submitted batch from index 542500 to 543000
2025-04-21 15:20:07.275  INFO 23612 --- [scheduling-1] com.indusind.scheduler.SchedulingClass   : Submitted batch from index 543000 to 543500
2025-04-21 15:20:07.275  INFO 23612 --- [scheduling-1] com.indusind.scheduler.SchedulingClass   : Submitted batch from index 543500 to 544000
2025-04-21 15:20:07.275  INFO 23612 --- [scheduling-1] com.indusind.scheduler.SchedulingClass   : Submitted batch from index 544000 to 544500
2025-04-21 15:20:07.275  INFO 23612 --- [scheduling-1] com.indusind.scheduler.SchedulingClass   : Submitted batch from index 544500 to 545000
2025-04-21 15:20:07.275  INFO 23612 --- [scheduling-1] com.indusind.scheduler.SchedulingClass   : Submitted batch from index 545000 to 545500
2025-04-21 15:20:07.275  INFO 23612 --- [scheduling-1] com.indusind.scheduler.SchedulingClass   : Submitted batch from index 545500 to 546000
2025-04-21 15:20:07.275  INFO 23612 --- [scheduling-1] com.indusind.scheduler.SchedulingClass   : Submitted batch from index 546000 to 546500
2025-04-21 15:20:07.275  INFO 23612 --- [scheduling-1] com.indusind.scheduler.SchedulingClass   : Submitted batch from index 546500 to 547000
2025-04-21 15:20:07.275  INFO 23612 --- [scheduling-1] com.indusind.scheduler.SchedulingClass   : Submitted batch from index 547000 to 547500
2025-04-21 15:20:07.275  INFO 23612 --- [scheduling-1] com.indusind.scheduler.SchedulingClass   : Submitted batch from index 547500 to 548000
2025-04-21 15:20:07.275  INFO 23612 --- [scheduling-1] com.indusind.scheduler.SchedulingClass   : Submitted batch from index 548000 to 548500
2025-04-21 15:20:07.275  INFO 23612 --- [scheduling-1] com.indusind.scheduler.SchedulingClass   : Submitted batch from index 548500 to 549000
2025-04-21 15:20:07.276  INFO 23612 --- [scheduling-1] com.indusind.scheduler.SchedulingClass   : Submitted batch from index 549000 to 549500
2025-04-21 15:20:07.276  INFO 23612 --- [scheduling-1] com.indusind.scheduler.SchedulingClass   : Submitted batch from index 549500 to 550000
2025-04-21 15:20:07.277  INFO 23612 --- [scheduling-1] com.indusind.scheduler.SchedulingClass   : Submitted batch from index 550000 to 550500
2025-04-21 15:20:07.277  INFO 23612 --- [scheduling-1] com.indusind.scheduler.SchedulingClass   : Submitted batch from index 550500 to 551000
2025-04-21 15:20:07.277  INFO 23612 --- [scheduling-1] com.indusind.scheduler.SchedulingClass   : Submitted batch from index 551000 to 551500
2025-04-21 15:20:07.277  INFO 23612 --- [scheduling-1] com.indusind.scheduler.SchedulingClass   : Submitted batch from index 551500 to 552000
2025-04-21 15:20:07.278  INFO 23612 --- [scheduling-1] com.indusind.scheduler.SchedulingClass   : Submitted batch from index 552000 to 552500
2025-04-21 15:20:07.278  INFO 23612 --- [scheduling-1] com.indusind.scheduler.SchedulingClass   : Submitted batch from index 552500 to 553000
2025-04-21 15:20:07.278  INFO 23612 --- [scheduling-1] com.indusind.scheduler.SchedulingClass   : Submitted batch from index 553000 to 553500
2025-04-21 15:20:07.278  INFO 23612 --- [scheduling-1] com.indusind.scheduler.SchedulingClass   : Submitted batch from index 553500 to 554000
2025-04-21 15:20:07.278  INFO 23612 --- [scheduling-1] com.indusind.scheduler.SchedulingClass   : Submitted batch from index 554000 to 554500
2025-04-21 15:20:07.278  INFO 23612 --- [scheduling-1] com.indusind.scheduler.SchedulingClass   : Submitted batch from index 554500 to 555000
2025-04-21 15:20:07.278  INFO 23612 --- [scheduling-1] com.indusind.scheduler.SchedulingClass   : Submitted batch from index 555000 to 555500
2025-04-21 15:20:07.278  INFO 23612 --- [scheduling-1] com.indusind.scheduler.SchedulingClass   : Submitted batch from index 555500 to 556000
2025-04-21 15:20:07.279  INFO 23612 --- [scheduling-1] com.indusind.scheduler.SchedulingClass   : Submitted batch from index 556000 to 556500
2025-04-21 15:20:07.280  INFO 23612 --- [scheduling-1] com.indusind.scheduler.SchedulingClass   : Submitted batch from index 556500 to 557000
2025-04-21 15:20:07.280  INFO 23612 --- [scheduling-1] com.indusind.scheduler.SchedulingClass   : Submitted batch from index 557000 to 557500
2025-04-21 15:20:07.280  INFO 23612 --- [scheduling-1] com.indusind.scheduler.SchedulingClass   : Submitted batch from index 557500 to 558000
2025-04-21 15:20:07.280  INFO 23612 --- [scheduling-1] com.indusind.scheduler.SchedulingClass   : Submitted batch from index 558000 to 558500
2025-04-21 15:20:07.280  INFO 23612 --- [scheduling-1] com.indusind.scheduler.SchedulingClass   : Submitted batch from index 558500 to 559000
2025-04-21 15:20:07.280  INFO 23612 --- [scheduling-1] com.indusind.scheduler.SchedulingClass   : Submitted batch from index 559000 to 559500
2025-04-21 15:20:07.280  INFO 23612 --- [scheduling-1] com.indusind.scheduler.SchedulingClass   : Submitted batch from index 559500 to 560000
2025-04-21 15:20:07.280  INFO 23612 --- [scheduling-1] com.indusind.scheduler.SchedulingClass   : Submitted batch from index 560000 to 560500
2025-04-21 15:20:07.280  INFO 23612 --- [scheduling-1] com.indusind.scheduler.SchedulingClass   : Submitted batch from index 560500 to 561000
2025-04-21 15:20:07.280  INFO 23612 --- [scheduling-1] com.indusind.scheduler.SchedulingClass   : Submitted batch from index 561000 to 561500
2025-04-21 15:20:07.281  INFO 23612 --- [scheduling-1] com.indusind.scheduler.SchedulingClass   : Submitted batch from index 561500 to 562000
2025-04-21 15:20:07.281  INFO 23612 --- [scheduling-1] com.indusind.scheduler.SchedulingClass   : Submitted batch from index 562000 to 562500
2025-04-21 15:20:07.281  INFO 23612 --- [scheduling-1] com.indusind.scheduler.SchedulingClass   : Submitted batch from index 562500 to 563000
2025-04-21 15:20:07.281  INFO 23612 --- [scheduling-1] com.indusind.scheduler.SchedulingClass   : Submitted batch from index 563000 to 563500
2025-04-21 15:20:07.281  INFO 23612 --- [scheduling-1] com.indusind.scheduler.SchedulingClass   : Submitted batch from index 563500 to 564000
2025-04-21 15:20:07.281  INFO 23612 --- [scheduling-1] com.indusind.scheduler.SchedulingClass   : Submitted batch from index 564000 to 564500
2025-04-21 15:20:07.281  INFO 23612 --- [scheduling-1] com.indusind.scheduler.SchedulingClass   : Submitted batch from index 564500 to 565000
2025-04-21 15:20:07.281  INFO 23612 --- [scheduling-1] com.indusind.scheduler.SchedulingClass   : Submitted batch from index 565000 to 565500
2025-04-21 15:20:07.281  INFO 23612 --- [scheduling-1] com.indusind.scheduler.SchedulingClass   : Submitted batch from index 565500 to 566000
2025-04-21 15:20:07.281  INFO 23612 --- [scheduling-1] com.indusind.scheduler.SchedulingClass   : Submitted batch from index 566000 to 566500
2025-04-21 15:20:07.281  INFO 23612 --- [scheduling-1] com.indusind.scheduler.SchedulingClass   : Submitted batch from index 566500 to 567000
2025-04-21 15:20:07.281  INFO 23612 --- [scheduling-1] com.indusind.scheduler.SchedulingClass   : Submitted batch from index 567000 to 567500
2025-04-21 15:20:07.281  INFO 23612 --- [scheduling-1] com.indusind.scheduler.SchedulingClass   : Submitted batch from index 567500 to 568000
2025-04-21 15:20:07.281  INFO 23612 --- [scheduling-1] com.indusind.scheduler.SchedulingClass   : Submitted batch from index 568000 to 568500
2025-04-21 15:20:07.281  INFO 23612 --- [scheduling-1] com.indusind.scheduler.SchedulingClass   : Submitted batch from index 568500 to 569000
2025-04-21 15:20:07.281  INFO 23612 --- [scheduling-1] com.indusind.scheduler.SchedulingClass   : Submitted batch from index 569000 to 569500
2025-04-21 15:20:07.282  INFO 23612 --- [scheduling-1] com.indusind.scheduler.SchedulingClass   : Submitted batch from index 569500 to 570000
2025-04-21 15:20:07.282  INFO 23612 --- [scheduling-1] com.indusind.scheduler.SchedulingClass   : Submitted batch from index 570000 to 570500
2025-04-21 15:20:07.283  INFO 23612 --- [scheduling-1] com.indusind.scheduler.SchedulingClass   : Submitted batch from index 570500 to 571000
2025-04-21 15:20:07.283  INFO 23612 --- [scheduling-1] com.indusind.scheduler.SchedulingClass   : Submitted batch from index 571000 to 571500
2025-04-21 15:20:07.283  INFO 23612 --- [scheduling-1] com.indusind.scheduler.SchedulingClass   : Submitted batch from index 571500 to 572000
2025-04-21 15:20:07.283  INFO 23612 --- [scheduling-1] com.indusind.scheduler.SchedulingClass   : Submitted batch from index 572000 to 572500
2025-04-21 15:20:07.283  INFO 23612 --- [scheduling-1] com.indusind.scheduler.SchedulingClass   : Submitted batch from index 572500 to 573000
2025-04-21 15:20:07.284  INFO 23612 --- [scheduling-1] com.indusind.scheduler.SchedulingClass   : Submitted batch from index 573000 to 573500
2025-04-21 15:20:07.284  INFO 23612 --- [scheduling-1] com.indusind.scheduler.SchedulingClass   : Submitted batch from index 573500 to 574000
2025-04-21 15:20:07.284  INFO 23612 --- [scheduling-1] com.indusind.scheduler.SchedulingClass   : Submitted batch from index 574000 to 574500
2025-04-21 15:20:07.284  INFO 23612 --- [scheduling-1] com.indusind.scheduler.SchedulingClass   : Submitted batch from index 574500 to 575000
2025-04-21 15:20:07.284  INFO 23612 --- [scheduling-1] com.indusind.scheduler.SchedulingClass   : Submitted batch from index 575000 to 575500
2025-04-21 15:20:07.284  INFO 23612 --- [scheduling-1] com.indusind.scheduler.SchedulingClass   : Submitted batch from index 575500 to 576000
2025-04-21 15:20:07.284  INFO 23612 --- [scheduling-1] com.indusind.scheduler.SchedulingClass   : Submitted batch from index 576000 to 576500
2025-04-21 15:20:07.284  INFO 23612 --- [scheduling-1] com.indusind.scheduler.SchedulingClass   : Submitted batch from index 576500 to 577000
2025-04-21 15:20:07.284  INFO 23612 --- [scheduling-1] com.indusind.scheduler.SchedulingClass   : Submitted batch from index 577000 to 577500
2025-04-21 15:20:07.284  INFO 23612 --- [scheduling-1] com.indusind.scheduler.SchedulingClass   : Submitted batch from index 577500 to 578000
2025-04-21 15:20:07.284  INFO 23612 --- [scheduling-1] com.indusind.scheduler.SchedulingClass   : Submitted batch from index 578000 to 578500
2025-04-21 15:20:07.285  INFO 23612 --- [scheduling-1] com.indusind.scheduler.SchedulingClass   : Submitted batch from index 578500 to 579000
2025-04-21 15:20:07.285  INFO 23612 --- [scheduling-1] com.indusind.scheduler.SchedulingClass   : Submitted batch from index 579000 to 579500
2025-04-21 15:20:07.285  INFO 23612 --- [scheduling-1] com.indusind.scheduler.SchedulingClass   : Submitted batch from index 579500 to 580000
2025-04-21 15:20:07.285  INFO 23612 --- [scheduling-1] com.indusind.scheduler.SchedulingClass   : Submitted batch from index 580000 to 580500
2025-04-21 15:20:07.285  INFO 23612 --- [scheduling-1] com.indusind.scheduler.SchedulingClass   : Submitted batch from index 580500 to 581000
2025-04-21 15:20:07.285  INFO 23612 --- [scheduling-1] com.indusind.scheduler.SchedulingClass   : Submitted batch from index 581000 to 581500
2025-04-21 15:20:07.285  INFO 23612 --- [scheduling-1] com.indusind.scheduler.SchedulingClass   : Submitted batch from index 581500 to 582000
2025-04-21 15:20:07.285  INFO 23612 --- [scheduling-1] com.indusind.scheduler.SchedulingClass   : Submitted batch from index 582000 to 582500
2025-04-21 15:20:07.285  INFO 23612 --- [scheduling-1] com.indusind.scheduler.SchedulingClass   : Submitted batch from index 582500 to 583000
2025-04-21 15:20:07.285  INFO 23612 --- [scheduling-1] com.indusind.scheduler.SchedulingClass   : Submitted batch from index 583000 to 583500
2025-04-21 15:20:07.285  INFO 23612 --- [scheduling-1] com.indusind.scheduler.SchedulingClass   : Submitted batch from index 583500 to 584000
2025-04-21 15:20:07.285  INFO 23612 --- [scheduling-1] com.indusind.scheduler.SchedulingClass   : Submitted batch from index 584000 to 584500
2025-04-21 15:20:07.286  INFO 23612 --- [scheduling-1] com.indusind.scheduler.SchedulingClass   : Submitted batch from index 584500 to 585000
2025-04-21 15:20:07.286  INFO 23612 --- [scheduling-1] com.indusind.scheduler.SchedulingClass   : Submitted batch from index 585000 to 585500
2025-04-21 15:20:07.286  INFO 23612 --- [scheduling-1] com.indusind.scheduler.SchedulingClass   : Submitted batch from index 585500 to 586000
2025-04-21 15:20:07.286  INFO 23612 --- [scheduling-1] com.indusind.scheduler.SchedulingClass   : Submitted batch from index 586000 to 586500
2025-04-21 15:20:07.286  INFO 23612 --- [scheduling-1] com.indusind.scheduler.SchedulingClass   : Submitted batch from index 586500 to 587000
2025-04-21 15:20:07.286  INFO 23612 --- [scheduling-1] com.indusind.scheduler.SchedulingClass   : Submitted batch from index 587000 to 587500
2025-04-21 15:20:07.286  INFO 23612 --- [scheduling-1] com.indusind.scheduler.SchedulingClass   : Submitted batch from index 587500 to 588000
2025-04-21 15:20:07.286  INFO 23612 --- [scheduling-1] com.indusind.scheduler.SchedulingClass   : Submitted batch from index 588000 to 588500
2025-04-21 15:20:07.286  INFO 23612 --- [scheduling-1] com.indusind.scheduler.SchedulingClass   : Submitted batch from index 588500 to 589000
2025-04-21 15:20:07.286  INFO 23612 --- [scheduling-1] com.indusind.scheduler.SchedulingClass   : Submitted batch from index 589000 to 589500
2025-04-21 15:20:07.286  INFO 23612 --- [scheduling-1] com.indusind.scheduler.SchedulingClass   : Submitted batch from index 589500 to 590000
2025-04-21 15:20:07.286  INFO 23612 --- [scheduling-1] com.indusind.scheduler.SchedulingClass   : Submitted batch from index 590000 to 590500
2025-04-21 15:20:07.286  INFO 23612 --- [scheduling-1] com.indusind.scheduler.SchedulingClass   : Submitted batch from index 590500 to 591000
2025-04-21 15:20:07.287  INFO 23612 --- [scheduling-1] com.indusind.scheduler.SchedulingClass   : Submitted batch from index 591000 to 591500
2025-04-21 15:20:07.287  INFO 23612 --- [scheduling-1] com.indusind.scheduler.SchedulingClass   : Submitted batch from index 591500 to 592000
2025-04-21 15:20:07.287  INFO 23612 --- [scheduling-1] com.indusind.scheduler.SchedulingClass   : Submitted batch from index 592000 to 592500
2025-04-21 15:20:07.287  INFO 23612 --- [scheduling-1] com.indusind.scheduler.SchedulingClass   : Submitted batch from index 592500 to 593000
2025-04-21 15:20:07.287  INFO 23612 --- [scheduling-1] com.indusind.scheduler.SchedulingClass   : Submitted batch from index 593000 to 593500
2025-04-21 15:20:07.287  INFO 23612 --- [scheduling-1] com.indusind.scheduler.SchedulingClass   : Submitted batch from index 593500 to 594000
2025-04-21 15:20:07.287  INFO 23612 --- [scheduling-1] com.indusind.scheduler.SchedulingClass   : Submitted batch from index 594000 to 594500
2025-04-21 15:20:07.287  INFO 23612 --- [scheduling-1] com.indusind.scheduler.SchedulingClass   : Submitted batch from index 594500 to 595000
2025-04-21 15:20:07.287  INFO 23612 --- [scheduling-1] com.indusind.scheduler.SchedulingClass   : Submitted batch from index 595000 to 595500
2025-04-21 15:20:07.287  INFO 23612 --- [scheduling-1] com.indusind.scheduler.SchedulingClass   : Submitted batch from index 595500 to 596000
2025-04-21 15:20:07.287  INFO 23612 --- [scheduling-1] com.indusind.scheduler.SchedulingClass   : Submitted batch from index 596000 to 596500
2025-04-21 15:20:07.287  INFO 23612 --- [scheduling-1] com.indusind.scheduler.SchedulingClass   : Submitted batch from index 596500 to 597000
2025-04-21 15:20:07.288  INFO 23612 --- [scheduling-1] com.indusind.scheduler.SchedulingClass   : Submitted batch from index 597000 to 597500
2025-04-21 15:20:07.289  INFO 23612 --- [scheduling-1] com.indusind.scheduler.SchedulingClass   : Submitted batch from index 597500 to 598000
2025-04-21 15:20:07.289  INFO 23612 --- [scheduling-1] com.indusind.scheduler.SchedulingClass   : Submitted batch from index 598000 to 598500
2025-04-21 15:20:07.290  INFO 23612 --- [scheduling-1] com.indusind.scheduler.SchedulingClass   : Submitted batch from index 598500 to 599000
2025-04-21 15:20:07.290  INFO 23612 --- [scheduling-1] com.indusind.scheduler.SchedulingClass   : Submitted batch from index 599000 to 599500
2025-04-21 15:20:07.290  INFO 23612 --- [scheduling-1] com.indusind.scheduler.SchedulingClass   : Submitted batch from index 599500 to 600000
2025-04-21 15:20:07.290  INFO 23612 --- [scheduling-1] com.indusind.scheduler.SchedulingClass   : Submitted batch from index 600000 to 600500
2025-04-21 15:20:07.290  INFO 23612 --- [scheduling-1] com.indusind.scheduler.SchedulingClass   : Submitted batch from index 600500 to 601000
2025-04-21 15:20:07.290  INFO 23612 --- [scheduling-1] com.indusind.scheduler.SchedulingClass   : Submitted batch from index 601000 to 601500
2025-04-21 15:20:07.290  INFO 23612 --- [scheduling-1] com.indusind.scheduler.SchedulingClass   : Submitted batch from index 601500 to 602000
2025-04-21 15:20:07.290  INFO 23612 --- [scheduling-1] com.indusind.scheduler.SchedulingClass   : Submitted batch from index 602000 to 602500
2025-04-21 15:20:07.290  INFO 23612 --- [scheduling-1] com.indusind.scheduler.SchedulingClass   : Submitted batch from index 602500 to 603000
2025-04-21 15:20:07.290  INFO 23612 --- [scheduling-1] com.indusind.scheduler.SchedulingClass   : Submitted batch from index 603000 to 603500
2025-04-21 15:20:07.290  INFO 23612 --- [scheduling-1] com.indusind.scheduler.SchedulingClass   : Submitted batch from index 603500 to 604000
2025-04-21 15:20:07.290  INFO 23612 --- [scheduling-1] com.indusind.scheduler.SchedulingClass   : Submitted batch from index 604000 to 604500
2025-04-21 15:20:07.290  INFO 23612 --- [scheduling-1] com.indusind.scheduler.SchedulingClass   : Submitted batch from index 604500 to 605000
2025-04-21 15:20:07.290  INFO 23612 --- [scheduling-1] com.indusind.scheduler.SchedulingClass   : Submitted batch from index 605000 to 605500
2025-04-21 15:20:07.290  INFO 23612 --- [scheduling-1] com.indusind.scheduler.SchedulingClass   : Submitted batch from index 605500 to 606000
2025-04-21 15:20:07.291  INFO 23612 --- [scheduling-1] com.indusind.scheduler.SchedulingClass   : Submitted batch from index 606000 to 606500
2025-04-21 15:20:07.291  INFO 23612 --- [scheduling-1] com.indusind.scheduler.SchedulingClass   : Submitted batch from index 606500 to 607000
2025-04-21 15:20:07.291  INFO 23612 --- [scheduling-1] com.indusind.scheduler.SchedulingClass   : Submitted batch from index 607000 to 607500
2025-04-21 15:20:07.291  INFO 23612 --- [scheduling-1] com.indusind.scheduler.SchedulingClass   : Submitted batch from index 607500 to 608000
2025-04-21 15:20:07.291  INFO 23612 --- [scheduling-1] com.indusind.scheduler.SchedulingClass   : Submitted batch from index 608000 to 608500
2025-04-21 15:20:07.291  INFO 23612 --- [scheduling-1] com.indusind.scheduler.SchedulingClass   : Submitted batch from index 608500 to 609000
2025-04-21 15:20:07.291  INFO 23612 --- [scheduling-1] com.indusind.scheduler.SchedulingClass   : Submitted batch from index 609000 to 609500
2025-04-21 15:20:07.291  INFO 23612 --- [scheduling-1] com.indusind.scheduler.SchedulingClass   : Submitted batch from index 609500 to 610000
2025-04-21 15:20:07.291  INFO 23612 --- [scheduling-1] com.indusind.scheduler.SchedulingClass   : Submitted batch from index 610000 to 610500
2025-04-21 15:20:07.291  INFO 23612 --- [scheduling-1] com.indusind.scheduler.SchedulingClass   : Submitted batch from index 610500 to 611000
2025-04-21 15:20:07.291  INFO 23612 --- [scheduling-1] com.indusind.scheduler.SchedulingClass   : Submitted batch from index 611000 to 611500
2025-04-21 15:20:07.291  INFO 23612 --- [scheduling-1] com.indusind.scheduler.SchedulingClass   : Submitted batch from index 611500 to 612000
2025-04-21 15:20:07.291  INFO 23612 --- [scheduling-1] com.indusind.scheduler.SchedulingClass   : Submitted batch from index 612000 to 612500
2025-04-21 15:20:07.291  INFO 23612 --- [scheduling-1] com.indusind.scheduler.SchedulingClass   : Submitted batch from index 612500 to 613000
2025-04-21 15:20:07.291  INFO 23612 --- [scheduling-1] com.indusind.scheduler.SchedulingClass   : Submitted batch from index 613000 to 613500
2025-04-21 15:20:07.291  INFO 23612 --- [scheduling-1] com.indusind.scheduler.SchedulingClass   : Submitted batch from index 613500 to 614000
2025-04-21 15:20:07.291  INFO 23612 --- [scheduling-1] com.indusind.scheduler.SchedulingClass   : Submitted batch from index 614000 to 614500
2025-04-21 15:20:07.291  INFO 23612 --- [scheduling-1] com.indusind.scheduler.SchedulingClass   : Submitted batch from index 614500 to 615000
2025-04-21 15:20:07.291  INFO 23612 --- [scheduling-1] com.indusind.scheduler.SchedulingClass   : Submitted batch from index 615000 to 615500
2025-04-21 15:20:07.291  INFO 23612 --- [scheduling-1] com.indusind.scheduler.SchedulingClass   : Submitted batch from index 615500 to 616000
2025-04-21 15:20:07.291  INFO 23612 --- [scheduling-1] com.indusind.scheduler.SchedulingClass   : Submitted batch from index 616000 to 616500
2025-04-21 15:20:07.291  INFO 23612 --- [scheduling-1] com.indusind.scheduler.SchedulingClass   : Submitted batch from index 616500 to 617000
2025-04-21 15:20:07.291  INFO 23612 --- [scheduling-1] com.indusind.scheduler.SchedulingClass   : Submitted batch from index 617000 to 617500
2025-04-21 15:20:07.291  INFO 23612 --- [scheduling-1] com.indusind.scheduler.SchedulingClass   : Submitted batch from index 617500 to 618000
2025-04-21 15:20:07.291  INFO 23612 --- [scheduling-1] com.indusind.scheduler.SchedulingClass   : Submitted batch from index 618000 to 618500
2025-04-21 15:20:07.291  INFO 23612 --- [scheduling-1] com.indusind.scheduler.SchedulingClass   : Submitted batch from index 618500 to 619000
2025-04-21 15:20:07.291  INFO 23612 --- [scheduling-1] com.indusind.scheduler.SchedulingClass   : Submitted batch from index 619000 to 619500
2025-04-21 15:20:07.291  INFO 23612 --- [scheduling-1] com.indusind.scheduler.SchedulingClass   : Submitted batch from index 619500 to 620000
2025-04-21 15:20:07.291  INFO 23612 --- [scheduling-1] com.indusind.scheduler.SchedulingClass   : Submitted batch from index 620000 to 620500
2025-04-21 15:20:07.291  INFO 23612 --- [scheduling-1] com.indusind.scheduler.SchedulingClass   : Submitted batch from index 620500 to 621000
2025-04-21 15:20:07.291  INFO 23612 --- [scheduling-1] com.indusind.scheduler.SchedulingClass   : Submitted batch from index 621000 to 621500
2025-04-21 15:20:07.291  INFO 23612 --- [scheduling-1] com.indusind.scheduler.SchedulingClass   : Submitted batch from index 621500 to 622000
2025-04-21 15:20:07.291  INFO 23612 --- [scheduling-1] com.indusind.scheduler.SchedulingClass   : Submitted batch from index 622000 to 622500
2025-04-21 15:20:07.291  INFO 23612 --- [scheduling-1] com.indusind.scheduler.SchedulingClass   : Submitted batch from index 622500 to 623000
2025-04-21 15:20:07.291  INFO 23612 --- [scheduling-1] com.indusind.scheduler.SchedulingClass   : Submitted batch from index 623000 to 623500
2025-04-21 15:20:07.291  INFO 23612 --- [scheduling-1] com.indusind.scheduler.SchedulingClass   : Submitted batch from index 623500 to 624000
2025-04-21 15:20:07.291  INFO 23612 --- [scheduling-1] com.indusind.scheduler.SchedulingClass   : Submitted batch from index 624000 to 624500
2025-04-21 15:20:07.291  INFO 23612 --- [scheduling-1] com.indusind.scheduler.SchedulingClass   : Submitted batch from index 624500 to 625000
2025-04-21 15:20:07.291  INFO 23612 --- [scheduling-1] com.indusind.scheduler.SchedulingClass   : Submitted batch from index 625000 to 625500
2025-04-21 15:20:07.291  INFO 23612 --- [scheduling-1] com.indusind.scheduler.SchedulingClass   : Submitted batch from index 625500 to 626000
2025-04-21 15:20:07.291  INFO 23612 --- [scheduling-1] com.indusind.scheduler.SchedulingClass   : Submitted batch from index 626000 to 626500
2025-04-21 15:20:07.291  INFO 23612 --- [scheduling-1] com.indusind.scheduler.SchedulingClass   : Submitted batch from index 626500 to 627000
2025-04-21 15:20:07.292  INFO 23612 --- [scheduling-1] com.indusind.scheduler.SchedulingClass   : Submitted batch from index 627000 to 627500
2025-04-21 15:20:07.292  INFO 23612 --- [scheduling-1] com.indusind.scheduler.SchedulingClass   : Submitted batch from index 627500 to 628000
2025-04-21 15:20:07.292  INFO 23612 --- [scheduling-1] com.indusind.scheduler.SchedulingClass   : Submitted batch from index 628000 to 628500
2025-04-21 15:20:07.292  INFO 23612 --- [scheduling-1] com.indusind.scheduler.SchedulingClass   : Submitted batch from index 628500 to 629000
2025-04-21 15:20:07.292  INFO 23612 --- [scheduling-1] com.indusind.scheduler.SchedulingClass   : Submitted batch from index 629000 to 629500
2025-04-21 15:20:07.292  INFO 23612 --- [scheduling-1] com.indusind.scheduler.SchedulingClass   : Submitted batch from index 629500 to 630000
2025-04-21 15:20:07.292  INFO 23612 --- [scheduling-1] com.indusind.scheduler.SchedulingClass   : Submitted batch from index 630000 to 630500
2025-04-21 15:20:07.292  INFO 23612 --- [scheduling-1] com.indusind.scheduler.SchedulingClass   : Submitted batch from index 630500 to 631000
2025-04-21 15:20:07.292  INFO 23612 --- [scheduling-1] com.indusind.scheduler.SchedulingClass   : Submitted batch from index 631000 to 631500
2025-04-21 15:20:07.292  INFO 23612 --- [scheduling-1] com.indusind.scheduler.SchedulingClass   : Submitted batch from index 631500 to 632000
2025-04-21 15:20:07.292  INFO 23612 --- [scheduling-1] com.indusind.scheduler.SchedulingClass   : Submitted batch from index 632000 to 632500
2025-04-21 15:20:07.292  INFO 23612 --- [scheduling-1] com.indusind.scheduler.SchedulingClass   : Submitted batch from index 632500 to 633000
2025-04-21 15:20:07.292  INFO 23612 --- [scheduling-1] com.indusind.scheduler.SchedulingClass   : Submitted batch from index 633000 to 633500
2025-04-21 15:20:07.292  INFO 23612 --- [scheduling-1] com.indusind.scheduler.SchedulingClass   : Submitted batch from index 633500 to 634000
2025-04-21 15:20:07.292  INFO 23612 --- [scheduling-1] com.indusind.scheduler.SchedulingClass   : Submitted batch from index 634000 to 634500
2025-04-21 15:20:07.292  INFO 23612 --- [scheduling-1] com.indusind.scheduler.SchedulingClass   : Submitted batch from index 634500 to 635000
2025-04-21 15:20:07.292  INFO 23612 --- [scheduling-1] com.indusind.scheduler.SchedulingClass   : Submitted batch from index 635000 to 635500
2025-04-21 15:20:07.292  INFO 23612 --- [scheduling-1] com.indusind.scheduler.SchedulingClass   : Submitted batch from index 635500 to 636000
2025-04-21 15:20:07.292  INFO 23612 --- [scheduling-1] com.indusind.scheduler.SchedulingClass   : Submitted batch from index 636000 to 636500
2025-04-21 15:20:07.292  INFO 23612 --- [scheduling-1] com.indusind.scheduler.SchedulingClass   : Submitted batch from index 636500 to 637000
2025-04-21 15:20:07.293  INFO 23612 --- [scheduling-1] com.indusind.scheduler.SchedulingClass   : Submitted batch from index 637000 to 637500
2025-04-21 15:20:07.293  INFO 23612 --- [scheduling-1] com.indusind.scheduler.SchedulingClass   : Submitted batch from index 637500 to 638000
2025-04-21 15:20:07.293  INFO 23612 --- [scheduling-1] com.indusind.scheduler.SchedulingClass   : Submitted batch from index 638000 to 638500
2025-04-21 15:20:07.293  INFO 23612 --- [scheduling-1] com.indusind.scheduler.SchedulingClass   : Submitted batch from index 638500 to 639000
2025-04-21 15:20:07.293  INFO 23612 --- [scheduling-1] com.indusind.scheduler.SchedulingClass   : Submitted batch from index 639000 to 639500
2025-04-21 15:20:07.293  INFO 23612 --- [scheduling-1] com.indusind.scheduler.SchedulingClass   : Submitted batch from index 639500 to 640000
2025-04-21 15:20:07.293  INFO 23612 --- [scheduling-1] com.indusind.scheduler.SchedulingClass   : Submitted batch from index 640000 to 640500
2025-04-21 15:20:07.293  INFO 23612 --- [scheduling-1] com.indusind.scheduler.SchedulingClass   : Submitted batch from index 640500 to 641000
2025-04-21 15:20:07.293  INFO 23612 --- [scheduling-1] com.indusind.scheduler.SchedulingClass   : Submitted batch from index 641000 to 641500
2025-04-21 15:20:07.293  INFO 23612 --- [scheduling-1] com.indusind.scheduler.SchedulingClass   : Submitted batch from index 641500 to 642000
2025-04-21 15:20:07.293  INFO 23612 --- [scheduling-1] com.indusind.scheduler.SchedulingClass   : Submitted batch from index 642000 to 642500
2025-04-21 15:20:07.293  INFO 23612 --- [scheduling-1] com.indusind.scheduler.SchedulingClass   : Submitted batch from index 642500 to 643000
2025-04-21 15:20:07.293  INFO 23612 --- [scheduling-1] com.indusind.scheduler.SchedulingClass   : Submitted batch from index 643000 to 643500
2025-04-21 15:20:07.293  INFO 23612 --- [scheduling-1] com.indusind.scheduler.SchedulingClass   : Submitted batch from index 643500 to 644000
2025-04-21 15:20:07.293  INFO 23612 --- [scheduling-1] com.indusind.scheduler.SchedulingClass   : Submitted batch from index 644000 to 644500
2025-04-21 15:20:07.293  INFO 23612 --- [scheduling-1] com.indusind.scheduler.SchedulingClass   : Submitted batch from index 644500 to 645000
2025-04-21 15:20:07.293  INFO 23612 --- [scheduling-1] com.indusind.scheduler.SchedulingClass   : Submitted batch from index 645000 to 645500
2025-04-21 15:20:07.293  INFO 23612 --- [scheduling-1] com.indusind.scheduler.SchedulingClass   : Submitted batch from index 645500 to 646000
2025-04-21 15:20:07.293  INFO 23612 --- [scheduling-1] com.indusind.scheduler.SchedulingClass   : Submitted batch from index 646000 to 646500
2025-04-21 15:20:07.293  INFO 23612 --- [scheduling-1] com.indusind.scheduler.SchedulingClass   : Submitted batch from index 646500 to 647000
2025-04-21 15:20:07.293  INFO 23612 --- [scheduling-1] com.indusind.scheduler.SchedulingClass   : Submitted batch from index 647000 to 647500
2025-04-21 15:20:07.293  INFO 23612 --- [scheduling-1] com.indusind.scheduler.SchedulingClass   : Submitted batch from index 647500 to 648000
2025-04-21 15:20:07.293  INFO 23612 --- [scheduling-1] com.indusind.scheduler.SchedulingClass   : Submitted batch from index 648000 to 648500
2025-04-21 15:20:07.293  INFO 23612 --- [scheduling-1] com.indusind.scheduler.SchedulingClass   : Submitted batch from index 648500 to 649000
2025-04-21 15:20:07.293  INFO 23612 --- [scheduling-1] com.indusind.scheduler.SchedulingClass   : Submitted batch from index 649000 to 649500
2025-04-21 15:20:07.293  INFO 23612 --- [scheduling-1] com.indusind.scheduler.SchedulingClass   : Submitted batch from index 649500 to 650000
2025-04-21 15:20:07.293  INFO 23612 --- [scheduling-1] com.indusind.scheduler.SchedulingClass   : Submitted batch from index 650000 to 650500
2025-04-21 15:20:07.293  INFO 23612 --- [scheduling-1] com.indusind.scheduler.SchedulingClass   : Submitted batch from index 650500 to 651000
2025-04-21 15:20:07.293  INFO 23612 --- [scheduling-1] com.indusind.scheduler.SchedulingClass   : Submitted batch from index 651000 to 651500
2025-04-21 15:20:07.293  INFO 23612 --- [scheduling-1] com.indusind.scheduler.SchedulingClass   : Submitted batch from index 651500 to 652000
2025-04-21 15:20:07.293  INFO 23612 --- [scheduling-1] com.indusind.scheduler.SchedulingClass   : Submitted batch from index 652000 to 652500
2025-04-21 15:20:07.293  INFO 23612 --- [scheduling-1] com.indusind.scheduler.SchedulingClass   : Submitted batch from index 652500 to 653000
2025-04-21 15:20:07.293  INFO 23612 --- [scheduling-1] com.indusind.scheduler.SchedulingClass   : Submitted batch from index 653000 to 653500
2025-04-21 15:20:07.293  INFO 23612 --- [scheduling-1] com.indusind.scheduler.SchedulingClass   : Submitted batch from index 653500 to 654000
2025-04-21 15:20:07.293  INFO 23612 --- [scheduling-1] com.indusind.scheduler.SchedulingClass   : Submitted batch from index 654000 to 654500
2025-04-21 15:20:07.293  INFO 23612 --- [scheduling-1] com.indusind.scheduler.SchedulingClass   : Submitted batch from index 654500 to 655000
2025-04-21 15:20:07.294  INFO 23612 --- [scheduling-1] com.indusind.scheduler.SchedulingClass   : Submitted batch from index 655000 to 655500
2025-04-21 15:20:07.294  INFO 23612 --- [scheduling-1] com.indusind.scheduler.SchedulingClass   : Submitted batch from index 655500 to 656000
2025-04-21 15:20:07.294  INFO 23612 --- [scheduling-1] com.indusind.scheduler.SchedulingClass   : Submitted batch from index 656000 to 656500
2025-04-21 15:20:07.294  INFO 23612 --- [scheduling-1] com.indusind.scheduler.SchedulingClass   : Submitted batch from index 656500 to 657000
2025-04-21 15:20:07.294  INFO 23612 --- [scheduling-1] com.indusind.scheduler.SchedulingClass   : Submitted batch from index 657000 to 657500
2025-04-21 15:20:07.294  INFO 23612 --- [scheduling-1] com.indusind.scheduler.SchedulingClass   : Submitted batch from index 657500 to 658000
2025-04-21 15:20:07.294  INFO 23612 --- [scheduling-1] com.indusind.scheduler.SchedulingClass   : Submitted batch from index 658000 to 658500
2025-04-21 15:20:07.294  INFO 23612 --- [scheduling-1] com.indusind.scheduler.SchedulingClass   : Submitted batch from index 658500 to 659000
2025-04-21 15:20:07.294  INFO 23612 --- [scheduling-1] com.indusind.scheduler.SchedulingClass   : Submitted batch from index 659000 to 659500
2025-04-21 15:20:07.294  INFO 23612 --- [scheduling-1] com.indusind.scheduler.SchedulingClass   : Submitted batch from index 659500 to 660000
2025-04-21 15:20:07.294  INFO 23612 --- [scheduling-1] com.indusind.scheduler.SchedulingClass   : Submitted batch from index 660000 to 660500
2025-04-21 15:20:07.294  INFO 23612 --- [scheduling-1] com.indusind.scheduler.SchedulingClass   : Submitted batch from index 660500 to 661000
2025-04-21 15:20:07.294  INFO 23612 --- [scheduling-1] com.indusind.scheduler.SchedulingClass   : Submitted batch from index 661000 to 661500
2025-04-21 15:20:07.294  INFO 23612 --- [scheduling-1] com.indusind.scheduler.SchedulingClass   : Submitted batch from index 661500 to 662000
2025-04-21 15:20:07.294  INFO 23612 --- [scheduling-1] com.indusind.scheduler.SchedulingClass   : Submitted batch from index 662000 to 662500
2025-04-21 15:20:07.294  INFO 23612 --- [scheduling-1] com.indusind.scheduler.SchedulingClass   : Submitted batch from index 662500 to 663000
2025-04-21 15:20:07.294  INFO 23612 --- [scheduling-1] com.indusind.scheduler.SchedulingClass   : Submitted batch from index 663000 to 663500
2025-04-21 15:20:07.294  INFO 23612 --- [scheduling-1] com.indusind.scheduler.SchedulingClass   : Submitted batch from index 663500 to 664000
2025-04-21 15:20:07.294  INFO 23612 --- [scheduling-1] com.indusind.scheduler.SchedulingClass   : Submitted batch from index 664000 to 664500
2025-04-21 15:20:07.294  INFO 23612 --- [scheduling-1] com.indusind.scheduler.SchedulingClass   : Submitted batch from index 664500 to 665000
2025-04-21 15:20:07.294  INFO 23612 --- [scheduling-1] com.indusind.scheduler.SchedulingClass   : Submitted batch from index 665000 to 665500
2025-04-21 15:20:07.294  INFO 23612 --- [scheduling-1] com.indusind.scheduler.SchedulingClass   : Submitted batch from index 665500 to 666000
2025-04-21 15:20:07.294  INFO 23612 --- [scheduling-1] com.indusind.scheduler.SchedulingClass   : Submitted batch from index 666000 to 666500
2025-04-21 15:20:07.294  INFO 23612 --- [scheduling-1] com.indusind.scheduler.SchedulingClass   : Submitted batch from index 666500 to 667000
2025-04-21 15:20:07.294  INFO 23612 --- [scheduling-1] com.indusind.scheduler.SchedulingClass   : Submitted batch from index 667000 to 667500
2025-04-21 15:20:07.294  INFO 23612 --- [scheduling-1] com.indusind.scheduler.SchedulingClass   : Submitted batch from index 667500 to 668000
2025-04-21 15:20:07.294  INFO 23612 --- [scheduling-1] com.indusind.scheduler.SchedulingClass   : Submitted batch from index 668000 to 668500
2025-04-21 15:20:07.294  INFO 23612 --- [scheduling-1] com.indusind.scheduler.SchedulingClass   : Submitted batch from index 668500 to 669000
2025-04-21 15:20:07.294  INFO 23612 --- [scheduling-1] com.indusind.scheduler.SchedulingClass   : Submitted batch from index 669000 to 669500
2025-04-21 15:20:07.294  INFO 23612 --- [scheduling-1] com.indusind.scheduler.SchedulingClass   : Submitted batch from index 669500 to 670000
2025-04-21 15:20:07.294  INFO 23612 --- [scheduling-1] com.indusind.scheduler.SchedulingClass   : Submitted batch from index 670000 to 670500
2025-04-21 15:20:07.294  INFO 23612 --- [scheduling-1] com.indusind.scheduler.SchedulingClass   : Submitted batch from index 670500 to 671000
2025-04-21 15:20:07.294  INFO 23612 --- [scheduling-1] com.indusind.scheduler.SchedulingClass   : Submitted batch from index 671000 to 671500
2025-04-21 15:20:07.294  INFO 23612 --- [scheduling-1] com.indusind.scheduler.SchedulingClass   : Submitted batch from index 671500 to 672000
2025-04-21 15:20:07.294  INFO 23612 --- [scheduling-1] com.indusind.scheduler.SchedulingClass   : Submitted batch from index 672000 to 672500
2025-04-21 15:20:07.294  INFO 23612 --- [scheduling-1] com.indusind.scheduler.SchedulingClass   : Submitted batch from index 672500 to 673000
2025-04-21 15:20:07.294  INFO 23612 --- [scheduling-1] com.indusind.scheduler.SchedulingClass   : Submitted batch from index 673000 to 673500
2025-04-21 15:20:07.295  INFO 23612 --- [scheduling-1] com.indusind.scheduler.SchedulingClass   : Submitted batch from index 673500 to 674000
2025-04-21 15:20:07.295  INFO 23612 --- [scheduling-1] com.indusind.scheduler.SchedulingClass   : Submitted batch from index 674000 to 674500
2025-04-21 15:20:07.295  INFO 23612 --- [scheduling-1] com.indusind.scheduler.SchedulingClass   : Submitted batch from index 674500 to 675000
2025-04-21 15:20:07.295  INFO 23612 --- [scheduling-1] com.indusind.scheduler.SchedulingClass   : Submitted batch from index 675000 to 675500
2025-04-21 15:20:07.295  INFO 23612 --- [scheduling-1] com.indusind.scheduler.SchedulingClass   : Submitted batch from index 675500 to 676000
2025-04-21 15:20:07.295  INFO 23612 --- [scheduling-1] com.indusind.scheduler.SchedulingClass   : Submitted batch from index 676000 to 676500
2025-04-21 15:20:07.295  INFO 23612 --- [scheduling-1] com.indusind.scheduler.SchedulingClass   : Submitted batch from index 676500 to 677000
2025-04-21 15:20:07.295  INFO 23612 --- [scheduling-1] com.indusind.scheduler.SchedulingClass   : Submitted batch from index 677000 to 677500
2025-04-21 15:20:07.295  INFO 23612 --- [scheduling-1] com.indusind.scheduler.SchedulingClass   : Submitted batch from index 677500 to 678000
2025-04-21 15:20:07.295  INFO 23612 --- [scheduling-1] com.indusind.scheduler.SchedulingClass   : Submitted batch from index 678000 to 678500
2025-04-21 15:20:07.295  INFO 23612 --- [scheduling-1] com.indusind.scheduler.SchedulingClass   : Submitted batch from index 678500 to 679000
2025-04-21 15:20:07.295  INFO 23612 --- [scheduling-1] com.indusind.scheduler.SchedulingClass   : Submitted batch from index 679000 to 679500
2025-04-21 15:20:07.295  INFO 23612 --- [scheduling-1] com.indusind.scheduler.SchedulingClass   : Submitted batch from index 679500 to 680000
2025-04-21 15:20:07.295  INFO 23612 --- [scheduling-1] com.indusind.scheduler.SchedulingClass   : Submitted batch from index 680000 to 680500
2025-04-21 15:20:07.295  INFO 23612 --- [scheduling-1] com.indusind.scheduler.SchedulingClass   : Submitted batch from index 680500 to 681000
2025-04-21 15:20:07.295  INFO 23612 --- [scheduling-1] com.indusind.scheduler.SchedulingClass   : Submitted batch from index 681000 to 681500
2025-04-21 15:20:07.295  INFO 23612 --- [scheduling-1] com.indusind.scheduler.SchedulingClass   : Submitted batch from index 681500 to 682000
2025-04-21 15:20:07.295  INFO 23612 --- [scheduling-1] com.indusind.scheduler.SchedulingClass   : Submitted batch from index 682000 to 682500
2025-04-21 15:20:07.295  INFO 23612 --- [scheduling-1] com.indusind.scheduler.SchedulingClass   : Submitted batch from index 682500 to 683000
2025-04-21 15:20:07.295  INFO 23612 --- [scheduling-1] com.indusind.scheduler.SchedulingClass   : Submitted batch from index 683000 to 683500
2025-04-21 15:20:07.295  INFO 23612 --- [scheduling-1] com.indusind.scheduler.SchedulingClass   : Submitted batch from index 683500 to 684000
2025-04-21 15:20:07.295  INFO 23612 --- [scheduling-1] com.indusind.scheduler.SchedulingClass   : Submitted batch from index 684000 to 684500
2025-04-21 15:20:07.295  INFO 23612 --- [scheduling-1] com.indusind.scheduler.SchedulingClass   : Submitted batch from index 684500 to 685000
2025-04-21 15:20:07.295  INFO 23612 --- [scheduling-1] com.indusind.scheduler.SchedulingClass   : Submitted batch from index 685000 to 685500
2025-04-21 15:20:07.295  INFO 23612 --- [scheduling-1] com.indusind.scheduler.SchedulingClass   : Submitted batch from index 685500 to 686000
2025-04-21 15:20:07.295  INFO 23612 --- [scheduling-1] com.indusind.scheduler.SchedulingClass   : Submitted batch from index 686000 to 686500
2025-04-21 15:20:07.295  INFO 23612 --- [scheduling-1] com.indusind.scheduler.SchedulingClass   : Submitted batch from index 686500 to 687000
2025-04-21 15:20:07.295  INFO 23612 --- [scheduling-1] com.indusind.scheduler.SchedulingClass   : Submitted batch from index 687000 to 687500
2025-04-21 15:20:07.295  INFO 23612 --- [scheduling-1] com.indusind.scheduler.SchedulingClass   : Submitted batch from index 687500 to 688000
2025-04-21 15:20:07.295  INFO 23612 --- [scheduling-1] com.indusind.scheduler.SchedulingClass   : Submitted batch from index 688000 to 688500
2025-04-21 15:20:07.295  INFO 23612 --- [scheduling-1] com.indusind.scheduler.SchedulingClass   : Submitted batch from index 688500 to 689000
2025-04-21 15:20:07.295  INFO 23612 --- [scheduling-1] com.indusind.scheduler.SchedulingClass   : Submitted batch from index 689000 to 689500
2025-04-21 15:20:07.296  INFO 23612 --- [scheduling-1] com.indusind.scheduler.SchedulingClass   : Submitted batch from index 689500 to 690000
2025-04-21 15:20:07.296  INFO 23612 --- [scheduling-1] com.indusind.scheduler.SchedulingClass   : Submitted batch from index 690000 to 690500
2025-04-21 15:20:07.296  INFO 23612 --- [scheduling-1] com.indusind.scheduler.SchedulingClass   : Submitted batch from index 690500 to 691000
2025-04-21 15:20:07.296  INFO 23612 --- [scheduling-1] com.indusind.scheduler.SchedulingClass   : Submitted batch from index 691000 to 691500
2025-04-21 15:20:07.296  INFO 23612 --- [scheduling-1] com.indusind.scheduler.SchedulingClass   : Submitted batch from index 691500 to 692000
2025-04-21 15:20:07.296  INFO 23612 --- [scheduling-1] com.indusind.scheduler.SchedulingClass   : Submitted batch from index 692000 to 692500
2025-04-21 15:20:07.296  INFO 23612 --- [scheduling-1] com.indusind.scheduler.SchedulingClass   : Submitted batch from index 692500 to 693000
2025-04-21 15:20:07.296  INFO 23612 --- [scheduling-1] com.indusind.scheduler.SchedulingClass   : Submitted batch from index 693000 to 693500
2025-04-21 15:20:07.297  INFO 23612 --- [scheduling-1] com.indusind.scheduler.SchedulingClass   : Submitted batch from index 693500 to 694000
2025-04-21 15:20:07.297  INFO 23612 --- [scheduling-1] com.indusind.scheduler.SchedulingClass   : Submitted batch from index 694000 to 694500
2025-04-21 15:20:07.297  INFO 23612 --- [scheduling-1] com.indusind.scheduler.SchedulingClass   : Submitted batch from index 694500 to 695000
2025-04-21 15:20:07.297  INFO 23612 --- [scheduling-1] com.indusind.scheduler.SchedulingClass   : Submitted batch from index 695000 to 695500
2025-04-21 15:20:07.297  INFO 23612 --- [scheduling-1] com.indusind.scheduler.SchedulingClass   : Submitted batch from index 695500 to 696000
2025-04-21 15:20:07.297  INFO 23612 --- [scheduling-1] com.indusind.scheduler.SchedulingClass   : Submitted batch from index 696000 to 696500
2025-04-21 15:20:07.297  INFO 23612 --- [scheduling-1] com.indusind.scheduler.SchedulingClass   : Submitted batch from index 696500 to 697000
2025-04-21 15:20:07.297  INFO 23612 --- [scheduling-1] com.indusind.scheduler.SchedulingClass   : Submitted batch from index 697000 to 697500
2025-04-21 15:20:07.297  INFO 23612 --- [scheduling-1] com.indusind.scheduler.SchedulingClass   : Submitted batch from index 697500 to 698000
2025-04-21 15:20:07.297  INFO 23612 --- [scheduling-1] com.indusind.scheduler.SchedulingClass   : Submitted batch from index 698000 to 698500
2025-04-21 15:20:07.297  INFO 23612 --- [scheduling-1] com.indusind.scheduler.SchedulingClass   : Submitted batch from index 698500 to 699000
2025-04-21 15:20:07.297  INFO 23612 --- [scheduling-1] com.indusind.scheduler.SchedulingClass   : Submitted batch from index 699000 to 699500
2025-04-21 15:20:07.297  INFO 23612 --- [scheduling-1] com.indusind.scheduler.SchedulingClass   : Submitted batch from index 699500 to 700000
2025-04-21 15:20:07.297  INFO 23612 --- [scheduling-1] com.indusind.scheduler.SchedulingClass   : Submitted batch from index 700000 to 700500
2025-04-21 15:20:07.297  INFO 23612 --- [scheduling-1] com.indusind.scheduler.SchedulingClass   : Submitted batch from index 700500 to 701000
2025-04-21 15:20:07.297  INFO 23612 --- [scheduling-1] com.indusind.scheduler.SchedulingClass   : Submitted batch from index 701000 to 701500
2025-04-21 15:20:07.297  INFO 23612 --- [scheduling-1] com.indusind.scheduler.SchedulingClass   : Submitted batch from index 701500 to 702000
2025-04-21 15:20:07.297  INFO 23612 --- [scheduling-1] com.indusind.scheduler.SchedulingClass   : Submitted batch from index 702000 to 702500
2025-04-21 15:20:07.297  INFO 23612 --- [scheduling-1] com.indusind.scheduler.SchedulingClass   : Submitted batch from index 702500 to 703000
2025-04-21 15:20:07.297  INFO 23612 --- [scheduling-1] com.indusind.scheduler.SchedulingClass   : Submitted batch from index 703000 to 703500
2025-04-21 15:20:07.297  INFO 23612 --- [scheduling-1] com.indusind.scheduler.SchedulingClass   : Submitted batch from index 703500 to 704000
2025-04-21 15:20:07.297  INFO 23612 --- [scheduling-1] com.indusind.scheduler.SchedulingClass   : Submitted batch from index 704000 to 704500
2025-04-21 15:20:07.297  INFO 23612 --- [scheduling-1] com.indusind.scheduler.SchedulingClass   : Submitted batch from index 704500 to 705000
2025-04-21 15:20:07.297  INFO 23612 --- [scheduling-1] com.indusind.scheduler.SchedulingClass   : Submitted batch from index 705000 to 705500
2025-04-21 15:20:07.297  INFO 23612 --- [scheduling-1] com.indusind.scheduler.SchedulingClass   : Submitted batch from index 705500 to 706000
2025-04-21 15:20:07.298  INFO 23612 --- [scheduling-1] com.indusind.scheduler.SchedulingClass   : Submitted batch from index 706000 to 706500
2025-04-21 15:20:07.298  INFO 23612 --- [scheduling-1] com.indusind.scheduler.SchedulingClass   : Submitted batch from index 706500 to 707000
2025-04-21 15:20:07.298  INFO 23612 --- [scheduling-1] com.indusind.scheduler.SchedulingClass   : Submitted batch from index 707000 to 707500
2025-04-21 15:20:07.298  INFO 23612 --- [scheduling-1] com.indusind.scheduler.SchedulingClass   : Submitted batch from index 707500 to 708000
2025-04-21 15:20:07.298  INFO 23612 --- [scheduling-1] com.indusind.scheduler.SchedulingClass   : Submitted batch from index 708000 to 708500
2025-04-21 15:20:07.298  INFO 23612 --- [scheduling-1] com.indusind.scheduler.SchedulingClass   : Submitted batch from index 708500 to 709000
2025-04-21 15:20:07.298  INFO 23612 --- [scheduling-1] com.indusind.scheduler.SchedulingClass   : Submitted batch from index 709000 to 709500
2025-04-21 15:20:07.298  INFO 23612 --- [scheduling-1] com.indusind.scheduler.SchedulingClass   : Submitted batch from index 709500 to 710000
2025-04-21 15:20:07.298  INFO 23612 --- [scheduling-1] com.indusind.scheduler.SchedulingClass   : Submitted batch from index 710000 to 710500
2025-04-21 15:20:07.298  INFO 23612 --- [scheduling-1] com.indusind.scheduler.SchedulingClass   : Submitted batch from index 710500 to 711000
2025-04-21 15:20:07.298  INFO 23612 --- [scheduling-1] com.indusind.scheduler.SchedulingClass   : Submitted batch from index 711000 to 711500
2025-04-21 15:20:07.298  INFO 23612 --- [scheduling-1] com.indusind.scheduler.SchedulingClass   : Submitted batch from index 711500 to 712000
2025-04-21 15:20:07.298  INFO 23612 --- [scheduling-1] com.indusind.scheduler.SchedulingClass   : Submitted batch from index 712000 to 712500
2025-04-21 15:20:07.298  INFO 23612 --- [scheduling-1] com.indusind.scheduler.SchedulingClass   : Submitted batch from index 712500 to 713000
2025-04-21 15:20:07.298  INFO 23612 --- [scheduling-1] com.indusind.scheduler.SchedulingClass   : Submitted batch from index 713000 to 713500
2025-04-21 15:20:07.298  INFO 23612 --- [scheduling-1] com.indusind.scheduler.SchedulingClass   : Submitted batch from index 713500 to 714000
2025-04-21 15:20:07.298  INFO 23612 --- [scheduling-1] com.indusind.scheduler.SchedulingClass   : Submitted batch from index 714000 to 714500
2025-04-21 15:20:07.298  INFO 23612 --- [scheduling-1] com.indusind.scheduler.SchedulingClass   : Submitted batch from index 714500 to 715000
2025-04-21 15:20:07.298  INFO 23612 --- [scheduling-1] com.indusind.scheduler.SchedulingClass   : Submitted batch from index 715000 to 715500
2025-04-21 15:20:07.298  INFO 23612 --- [scheduling-1] com.indusind.scheduler.SchedulingClass   : Submitted batch from index 715500 to 716000
2025-04-21 15:20:07.298  INFO 23612 --- [scheduling-1] com.indusind.scheduler.SchedulingClass   : Submitted batch from index 716000 to 716500
2025-04-21 15:20:07.298  INFO 23612 --- [scheduling-1] com.indusind.scheduler.SchedulingClass   : Submitted batch from index 716500 to 717000
2025-04-21 15:20:07.298  INFO 23612 --- [scheduling-1] com.indusind.scheduler.SchedulingClass   : Submitted batch from index 717000 to 717500
2025-04-21 15:20:07.299  INFO 23612 --- [scheduling-1] com.indusind.scheduler.SchedulingClass   : Submitted batch from index 717500 to 718000
2025-04-21 15:20:07.299  INFO 23612 --- [scheduling-1] com.indusind.scheduler.SchedulingClass   : Submitted batch from index 718000 to 718500
2025-04-21 15:20:07.299  INFO 23612 --- [scheduling-1] com.indusind.scheduler.SchedulingClass   : Submitted batch from index 718500 to 719000
2025-04-21 15:20:07.299  INFO 23612 --- [scheduling-1] com.indusind.scheduler.SchedulingClass   : Submitted batch from index 719000 to 719500
2025-04-21 15:20:07.299  INFO 23612 --- [scheduling-1] com.indusind.scheduler.SchedulingClass   : Submitted batch from index 719500 to 720000
2025-04-21 15:20:07.299  INFO 23612 --- [scheduling-1] com.indusind.scheduler.SchedulingClass   : Submitted batch from index 720000 to 720500
2025-04-21 15:20:07.299  INFO 23612 --- [scheduling-1] com.indusind.scheduler.SchedulingClass   : Submitted batch from index 720500 to 721000
2025-04-21 15:20:07.299  INFO 23612 --- [scheduling-1] com.indusind.scheduler.SchedulingClass   : Submitted batch from index 721000 to 721500
2025-04-21 15:20:07.299  INFO 23612 --- [scheduling-1] com.indusind.scheduler.SchedulingClass   : Submitted batch from index 721500 to 722000
2025-04-21 15:20:07.299  INFO 23612 --- [scheduling-1] com.indusind.scheduler.SchedulingClass   : Submitted batch from index 722000 to 722500
2025-04-21 15:20:07.299  INFO 23612 --- [scheduling-1] com.indusind.scheduler.SchedulingClass   : Submitted batch from index 722500 to 723000
2025-04-21 15:20:07.299  INFO 23612 --- [scheduling-1] com.indusind.scheduler.SchedulingClass   : Submitted batch from index 723000 to 723500
2025-04-21 15:20:07.299  INFO 23612 --- [scheduling-1] com.indusind.scheduler.SchedulingClass   : Submitted batch from index 723500 to 724000
2025-04-21 15:20:07.300  INFO 23612 --- [scheduling-1] com.indusind.scheduler.SchedulingClass   : Submitted batch from index 724000 to 724500
2025-04-21 15:20:07.300  INFO 23612 --- [scheduling-1] com.indusind.scheduler.SchedulingClass   : Submitted batch from index 724500 to 725000
2025-04-21 15:20:07.300  INFO 23612 --- [scheduling-1] com.indusind.scheduler.SchedulingClass   : Submitted batch from index 725000 to 725500
2025-04-21 15:20:07.300  INFO 23612 --- [scheduling-1] com.indusind.scheduler.SchedulingClass   : Submitted batch from index 725500 to 726000
2025-04-21 15:20:07.300  INFO 23612 --- [scheduling-1] com.indusind.scheduler.SchedulingClass   : Submitted batch from index 726000 to 726500
2025-04-21 15:20:07.300  INFO 23612 --- [scheduling-1] com.indusind.scheduler.SchedulingClass   : Submitted batch from index 726500 to 727000
2025-04-21 15:20:07.300  INFO 23612 --- [scheduling-1] com.indusind.scheduler.SchedulingClass   : Submitted batch from index 727000 to 727500
2025-04-21 15:20:07.300  INFO 23612 --- [scheduling-1] com.indusind.scheduler.SchedulingClass   : Submitted batch from index 727500 to 728000
2025-04-21 15:20:07.300  INFO 23612 --- [scheduling-1] com.indusind.scheduler.SchedulingClass   : Submitted batch from index 728000 to 728500
2025-04-21 15:20:07.300  INFO 23612 --- [scheduling-1] com.indusind.scheduler.SchedulingClass   : Submitted batch from index 728500 to 729000
2025-04-21 15:20:07.300  INFO 23612 --- [scheduling-1] com.indusind.scheduler.SchedulingClass   : Submitted batch from index 729000 to 729500
2025-04-21 15:20:07.300  INFO 23612 --- [scheduling-1] com.indusind.scheduler.SchedulingClass   : Submitted batch from index 729500 to 730000
2025-04-21 15:20:07.300  INFO 23612 --- [scheduling-1] com.indusind.scheduler.SchedulingClass   : Submitted batch from index 730000 to 730500
2025-04-21 15:20:07.300  INFO 23612 --- [scheduling-1] com.indusind.scheduler.SchedulingClass   : Submitted batch from index 730500 to 731000
2025-04-21 15:20:07.300  INFO 23612 --- [scheduling-1] com.indusind.scheduler.SchedulingClass   : Submitted batch from index 731000 to 731500
2025-04-21 15:20:07.300  INFO 23612 --- [scheduling-1] com.indusind.scheduler.SchedulingClass   : Submitted batch from index 731500 to 732000
2025-04-21 15:20:07.300  INFO 23612 --- [scheduling-1] com.indusind.scheduler.SchedulingClass   : Submitted batch from index 732000 to 732500
2025-04-21 15:20:07.300  INFO 23612 --- [scheduling-1] com.indusind.scheduler.SchedulingClass   : Submitted batch from index 732500 to 733000
2025-04-21 15:20:07.300  INFO 23612 --- [scheduling-1] com.indusind.scheduler.SchedulingClass   : Submitted batch from index 733000 to 733500
2025-04-21 15:20:07.300  INFO 23612 --- [scheduling-1] com.indusind.scheduler.SchedulingClass   : Submitted batch from index 733500 to 734000
2025-04-21 15:20:07.300  INFO 23612 --- [scheduling-1] com.indusind.scheduler.SchedulingClass   : Submitted batch from index 734000 to 734500
2025-04-21 15:20:07.300  INFO 23612 --- [scheduling-1] com.indusind.scheduler.SchedulingClass   : Submitted batch from index 734500 to 735000
2025-04-21 15:20:07.300  INFO 23612 --- [scheduling-1] com.indusind.scheduler.SchedulingClass   : Submitted batch from index 735000 to 735500
2025-04-21 15:20:07.300  INFO 23612 --- [scheduling-1] com.indusind.scheduler.SchedulingClass   : Submitted batch from index 735500 to 736000
2025-04-21 15:20:07.300  INFO 23612 --- [scheduling-1] com.indusind.scheduler.SchedulingClass   : Submitted batch from index 736000 to 736500
2025-04-21 15:20:07.300  INFO 23612 --- [scheduling-1] com.indusind.scheduler.SchedulingClass   : Submitted batch from index 736500 to 737000
2025-04-21 15:20:07.300  INFO 23612 --- [scheduling-1] com.indusind.scheduler.SchedulingClass   : Submitted batch from index 737000 to 737500
2025-04-21 15:20:07.300  INFO 23612 --- [scheduling-1] com.indusind.scheduler.SchedulingClass   : Submitted batch from index 737500 to 738000
2025-04-21 15:20:07.300  INFO 23612 --- [scheduling-1] com.indusind.scheduler.SchedulingClass   : Submitted batch from index 738000 to 738500
2025-04-21 15:20:07.300  INFO 23612 --- [scheduling-1] com.indusind.scheduler.SchedulingClass   : Submitted batch from index 738500 to 739000
2025-04-21 15:20:07.301  INFO 23612 --- [scheduling-1] com.indusind.scheduler.SchedulingClass   : Submitted batch from index 739000 to 739500
2025-04-21 15:20:07.301  INFO 23612 --- [scheduling-1] com.indusind.scheduler.SchedulingClass   : Submitted batch from index 739500 to 740000
2025-04-21 15:20:07.301  INFO 23612 --- [scheduling-1] com.indusind.scheduler.SchedulingClass   : Submitted batch from index 740000 to 740500
2025-04-21 15:20:07.301  INFO 23612 --- [scheduling-1] com.indusind.scheduler.SchedulingClass   : Submitted batch from index 740500 to 741000
2025-04-21 15:20:07.301  INFO 23612 --- [scheduling-1] com.indusind.scheduler.SchedulingClass   : Submitted batch from index 741000 to 741500
2025-04-21 15:20:07.301  INFO 23612 --- [scheduling-1] com.indusind.scheduler.SchedulingClass   : Submitted batch from index 741500 to 742000
2025-04-21 15:20:07.301  INFO 23612 --- [scheduling-1] com.indusind.scheduler.SchedulingClass   : Submitted batch from index 742000 to 742500
2025-04-21 15:20:07.301  INFO 23612 --- [scheduling-1] com.indusind.scheduler.SchedulingClass   : Submitted batch from index 742500 to 743000
2025-04-21 15:20:07.301  INFO 23612 --- [scheduling-1] com.indusind.scheduler.SchedulingClass   : Submitted batch from index 743000 to 743500
2025-04-21 15:20:07.301  INFO 23612 --- [scheduling-1] com.indusind.scheduler.SchedulingClass   : Submitted batch from index 743500 to 744000
2025-04-21 15:20:07.301  INFO 23612 --- [scheduling-1] com.indusind.scheduler.SchedulingClass   : Submitted batch from index 744000 to 744500
2025-04-21 15:20:07.301  INFO 23612 --- [scheduling-1] com.indusind.scheduler.SchedulingClass   : Submitted batch from index 744500 to 745000
2025-04-21 15:20:07.301  INFO 23612 --- [scheduling-1] com.indusind.scheduler.SchedulingClass   : Submitted batch from index 745000 to 745500
2025-04-21 15:20:07.301  INFO 23612 --- [scheduling-1] com.indusind.scheduler.SchedulingClass   : Submitted batch from index 745500 to 746000
2025-04-21 15:20:07.301  INFO 23612 --- [scheduling-1] com.indusind.scheduler.SchedulingClass   : Submitted batch from index 746000 to 746500
2025-04-21 15:20:07.301  INFO 23612 --- [scheduling-1] com.indusind.scheduler.SchedulingClass   : Submitted batch from index 746500 to 747000
2025-04-21 15:20:07.301  INFO 23612 --- [scheduling-1] com.indusind.scheduler.SchedulingClass   : Submitted batch from index 747000 to 747500
2025-04-21 15:20:07.301  INFO 23612 --- [scheduling-1] com.indusind.scheduler.SchedulingClass   : Submitted batch from index 747500 to 748000
2025-04-21 15:20:07.301  INFO 23612 --- [scheduling-1] com.indusind.scheduler.SchedulingClass   : Submitted batch from index 748000 to 748500
2025-04-21 15:20:07.301  INFO 23612 --- [scheduling-1] com.indusind.scheduler.SchedulingClass   : Submitted batch from index 748500 to 749000
2025-04-21 15:20:07.301  INFO 23612 --- [scheduling-1] com.indusind.scheduler.SchedulingClass   : Submitted batch from index 749000 to 749500
2025-04-21 15:20:07.301  INFO 23612 --- [scheduling-1] com.indusind.scheduler.SchedulingClass   : Submitted batch from index 749500 to 750000
2025-04-21 15:20:07.301  INFO 23612 --- [scheduling-1] com.indusind.scheduler.SchedulingClass   : Submitted batch from index 750000 to 750500
2025-04-21 15:20:07.301  INFO 23612 --- [scheduling-1] com.indusind.scheduler.SchedulingClass   : Submitted batch from index 750500 to 751000
2025-04-21 15:20:07.301  INFO 23612 --- [scheduling-1] com.indusind.scheduler.SchedulingClass   : Submitted batch from index 751000 to 751500
2025-04-21 15:20:07.301  INFO 23612 --- [scheduling-1] com.indusind.scheduler.SchedulingClass   : Submitted batch from index 751500 to 752000
2025-04-21 15:20:07.301  INFO 23612 --- [scheduling-1] com.indusind.scheduler.SchedulingClass   : Submitted batch from index 752000 to 752500
2025-04-21 15:20:07.301  INFO 23612 --- [scheduling-1] com.indusind.scheduler.SchedulingClass   : Submitted batch from index 752500 to 753000
2025-04-21 15:20:07.302  INFO 23612 --- [scheduling-1] com.indusind.scheduler.SchedulingClass   : Submitted batch from index 753000 to 753500
2025-04-21 15:20:07.302  INFO 23612 --- [scheduling-1] com.indusind.scheduler.SchedulingClass   : Submitted batch from index 753500 to 754000
2025-04-21 15:20:07.302  INFO 23612 --- [scheduling-1] com.indusind.scheduler.SchedulingClass   : Submitted batch from index 754000 to 754500
2025-04-21 15:20:07.302  INFO 23612 --- [scheduling-1] com.indusind.scheduler.SchedulingClass   : Submitted batch from index 754500 to 755000
2025-04-21 15:20:07.302  INFO 23612 --- [scheduling-1] com.indusind.scheduler.SchedulingClass   : Submitted batch from index 755000 to 755500
2025-04-21 15:20:07.302  INFO 23612 --- [scheduling-1] com.indusind.scheduler.SchedulingClass   : Submitted batch from index 755500 to 756000
2025-04-21 15:20:07.302  INFO 23612 --- [scheduling-1] com.indusind.scheduler.SchedulingClass   : Submitted batch from index 756000 to 756500
2025-04-21 15:20:07.302  INFO 23612 --- [scheduling-1] com.indusind.scheduler.SchedulingClass   : Submitted batch from index 756500 to 757000
2025-04-21 15:20:07.302  INFO 23612 --- [scheduling-1] com.indusind.scheduler.SchedulingClass   : Submitted batch from index 757000 to 757500
2025-04-21 15:20:07.302  INFO 23612 --- [scheduling-1] com.indusind.scheduler.SchedulingClass   : Submitted batch from index 757500 to 758000
2025-04-21 15:20:07.302  INFO 23612 --- [scheduling-1] com.indusind.scheduler.SchedulingClass   : Submitted batch from index 758000 to 758500
2025-04-21 15:20:07.302  INFO 23612 --- [scheduling-1] com.indusind.scheduler.SchedulingClass   : Submitted batch from index 758500 to 759000
2025-04-21 15:20:07.302  INFO 23612 --- [scheduling-1] com.indusind.scheduler.SchedulingClass   : Submitted batch from index 759000 to 759500
2025-04-21 15:20:07.302  INFO 23612 --- [scheduling-1] com.indusind.scheduler.SchedulingClass   : Submitted batch from index 759500 to 760000
2025-04-21 15:20:07.302  INFO 23612 --- [scheduling-1] com.indusind.scheduler.SchedulingClass   : Submitted batch from index 760000 to 760500
2025-04-21 15:20:07.302  INFO 23612 --- [scheduling-1] com.indusind.scheduler.SchedulingClass   : Submitted batch from index 760500 to 761000
2025-04-21 15:20:07.302  INFO 23612 --- [scheduling-1] com.indusind.scheduler.SchedulingClass   : Submitted batch from index 761000 to 761500
2025-04-21 15:20:07.302  INFO 23612 --- [scheduling-1] com.indusind.scheduler.SchedulingClass   : Submitted batch from index 761500 to 762000
2025-04-21 15:20:07.302  INFO 23612 --- [scheduling-1] com.indusind.scheduler.SchedulingClass   : Submitted batch from index 762000 to 762500
2025-04-21 15:20:07.302  INFO 23612 --- [scheduling-1] com.indusind.scheduler.SchedulingClass   : Submitted batch from index 762500 to 763000
2025-04-21 15:20:07.302  INFO 23612 --- [scheduling-1] com.indusind.scheduler.SchedulingClass   : Submitted batch from index 763000 to 763500
2025-04-21 15:20:07.302  INFO 23612 --- [scheduling-1] com.indusind.scheduler.SchedulingClass   : Submitted batch from index 763500 to 764000
2025-04-21 15:20:07.302  INFO 23612 --- [scheduling-1] com.indusind.scheduler.SchedulingClass   : Submitted batch from index 764000 to 764500
2025-04-21 15:20:07.302  INFO 23612 --- [scheduling-1] com.indusind.scheduler.SchedulingClass   : Submitted batch from index 764500 to 765000
2025-04-21 15:20:07.302  INFO 23612 --- [scheduling-1] com.indusind.scheduler.SchedulingClass   : Submitted batch from index 765000 to 765500
2025-04-21 15:20:07.302  INFO 23612 --- [scheduling-1] com.indusind.scheduler.SchedulingClass   : Submitted batch from index 765500 to 766000
2025-04-21 15:20:07.302  INFO 23612 --- [scheduling-1] com.indusind.scheduler.SchedulingClass   : Submitted batch from index 766000 to 766500
2025-04-21 15:20:07.302  INFO 23612 --- [scheduling-1] com.indusind.scheduler.SchedulingClass   : Submitted batch from index 766500 to 767000
2025-04-21 15:20:07.302  INFO 23612 --- [scheduling-1] com.indusind.scheduler.SchedulingClass   : Submitted batch from index 767000 to 767500
2025-04-21 15:20:07.302  INFO 23612 --- [scheduling-1] com.indusind.scheduler.SchedulingClass   : Submitted batch from index 767500 to 768000
2025-04-21 15:20:07.303  INFO 23612 --- [scheduling-1] com.indusind.scheduler.SchedulingClass   : Submitted batch from index 768000 to 768500
2025-04-21 15:20:07.303  INFO 23612 --- [scheduling-1] com.indusind.scheduler.SchedulingClass   : Submitted batch from index 768500 to 769000
2025-04-21 15:20:07.303  INFO 23612 --- [scheduling-1] com.indusind.scheduler.SchedulingClass   : Submitted batch from index 769000 to 769500
2025-04-21 15:20:07.303  INFO 23612 --- [scheduling-1] com.indusind.scheduler.SchedulingClass   : Submitted batch from index 769500 to 770000
2025-04-21 15:20:07.303  INFO 23612 --- [scheduling-1] com.indusind.scheduler.SchedulingClass   : Submitted batch from index 770000 to 770500
2025-04-21 15:20:07.303  INFO 23612 --- [scheduling-1] com.indusind.scheduler.SchedulingClass   : Submitted batch from index 770500 to 771000
2025-04-21 15:20:07.303  INFO 23612 --- [scheduling-1] com.indusind.scheduler.SchedulingClass   : Submitted batch from index 771000 to 771500
2025-04-21 15:20:07.303  INFO 23612 --- [scheduling-1] com.indusind.scheduler.SchedulingClass   : Submitted batch from index 771500 to 772000
2025-04-21 15:20:07.303  INFO 23612 --- [scheduling-1] com.indusind.scheduler.SchedulingClass   : Submitted batch from index 772000 to 772500
2025-04-21 15:20:07.303  INFO 23612 --- [scheduling-1] com.indusind.scheduler.SchedulingClass   : Submitted batch from index 772500 to 773000
2025-04-21 15:20:07.303  INFO 23612 --- [scheduling-1] com.indusind.scheduler.SchedulingClass   : Submitted batch from index 773000 to 773500
2025-04-21 15:20:07.303  INFO 23612 --- [scheduling-1] com.indusind.scheduler.SchedulingClass   : Submitted batch from index 773500 to 774000
2025-04-21 15:20:07.303  INFO 23612 --- [scheduling-1] com.indusind.scheduler.SchedulingClass   : Submitted batch from index 774000 to 774500
2025-04-21 15:20:07.303  INFO 23612 --- [scheduling-1] com.indusind.scheduler.SchedulingClass   : Submitted batch from index 774500 to 775000
2025-04-21 15:20:07.303  INFO 23612 --- [scheduling-1] com.indusind.scheduler.SchedulingClass   : Submitted batch from index 775000 to 775500
2025-04-21 15:20:07.303  INFO 23612 --- [scheduling-1] com.indusind.scheduler.SchedulingClass   : Submitted batch from index 775500 to 776000
2025-04-21 15:20:07.303  INFO 23612 --- [scheduling-1] com.indusind.scheduler.SchedulingClass   : Submitted batch from index 776000 to 776500
2025-04-21 15:20:07.303  INFO 23612 --- [scheduling-1] com.indusind.scheduler.SchedulingClass   : Submitted batch from index 776500 to 777000
2025-04-21 15:20:07.303  INFO 23612 --- [scheduling-1] com.indusind.scheduler.SchedulingClass   : Submitted batch from index 777000 to 777500
2025-04-21 15:20:07.303  INFO 23612 --- [scheduling-1] com.indusind.scheduler.SchedulingClass   : Submitted batch from index 777500 to 778000
2025-04-21 15:20:07.303  INFO 23612 --- [scheduling-1] com.indusind.scheduler.SchedulingClass   : Submitted batch from index 778000 to 778500
2025-04-21 15:20:07.303  INFO 23612 --- [scheduling-1] com.indusind.scheduler.SchedulingClass   : Submitted batch from index 778500 to 779000
2025-04-21 15:20:07.303  INFO 23612 --- [scheduling-1] com.indusind.scheduler.SchedulingClass   : Submitted batch from index 779000 to 779500
2025-04-21 15:20:07.303  INFO 23612 --- [scheduling-1] com.indusind.scheduler.SchedulingClass   : Submitted batch from index 779500 to 780000
2025-04-21 15:20:07.303  INFO 23612 --- [scheduling-1] com.indusind.scheduler.SchedulingClass   : Submitted batch from index 780000 to 780500
2025-04-21 15:20:07.303  INFO 23612 --- [scheduling-1] com.indusind.scheduler.SchedulingClass   : Submitted batch from index 780500 to 781000
2025-04-21 15:20:07.303  INFO 23612 --- [scheduling-1] com.indusind.scheduler.SchedulingClass   : Submitted batch from index 781000 to 781500
2025-04-21 15:20:07.303  INFO 23612 --- [scheduling-1] com.indusind.scheduler.SchedulingClass   : Submitted batch from index 781500 to 782000
2025-04-21 15:20:07.303  INFO 23612 --- [scheduling-1] com.indusind.scheduler.SchedulingClass   : Submitted batch from index 782000 to 782500
2025-04-21 15:20:07.303  INFO 23612 --- [scheduling-1] com.indusind.scheduler.SchedulingClass   : Submitted batch from index 782500 to 783000
2025-04-21 15:20:07.303  INFO 23612 --- [scheduling-1] com.indusind.scheduler.SchedulingClass   : Submitted batch from index 783000 to 783500
2025-04-21 15:20:07.304  INFO 23612 --- [scheduling-1] com.indusind.scheduler.SchedulingClass   : Submitted batch from index 783500 to 784000
2025-04-21 15:20:07.304  INFO 23612 --- [scheduling-1] com.indusind.scheduler.SchedulingClass   : Submitted batch from index 784000 to 784500
2025-04-21 15:20:07.304  INFO 23612 --- [scheduling-1] com.indusind.scheduler.SchedulingClass   : Submitted batch from index 784500 to 785000
2025-04-21 15:20:07.304  INFO 23612 --- [scheduling-1] com.indusind.scheduler.SchedulingClass   : Submitted batch from index 785000 to 785500
2025-04-21 15:20:07.304  INFO 23612 --- [scheduling-1] com.indusind.scheduler.SchedulingClass   : Submitted batch from index 785500 to 786000
2025-04-21 15:20:07.304  INFO 23612 --- [scheduling-1] com.indusind.scheduler.SchedulingClass   : Submitted batch from index 786000 to 786500
2025-04-21 15:20:07.304  INFO 23612 --- [scheduling-1] com.indusind.scheduler.SchedulingClass   : Submitted batch from index 786500 to 787000
2025-04-21 15:20:07.304  INFO 23612 --- [scheduling-1] com.indusind.scheduler.SchedulingClass   : Submitted batch from index 787000 to 787500
2025-04-21 15:20:07.304  INFO 23612 --- [scheduling-1] com.indusind.scheduler.SchedulingClass   : Submitted batch from index 787500 to 788000
2025-04-21 15:20:07.304  INFO 23612 --- [scheduling-1] com.indusind.scheduler.SchedulingClass   : Submitted batch from index 788000 to 788500
2025-04-21 15:20:07.304  INFO 23612 --- [scheduling-1] com.indusind.scheduler.SchedulingClass   : Submitted batch from index 788500 to 789000
2025-04-21 15:20:07.304  INFO 23612 --- [scheduling-1] com.indusind.scheduler.SchedulingClass   : Submitted batch from index 789000 to 789500
2025-04-21 15:20:07.304  INFO 23612 --- [scheduling-1] com.indusind.scheduler.SchedulingClass   : Submitted batch from index 789500 to 790000
2025-04-21 15:20:07.304  INFO 23612 --- [scheduling-1] com.indusind.scheduler.SchedulingClass   : Submitted batch from index 790000 to 790500
2025-04-21 15:20:07.304  INFO 23612 --- [scheduling-1] com.indusind.scheduler.SchedulingClass   : Submitted batch from index 790500 to 791000
2025-04-21 15:20:07.304  INFO 23612 --- [scheduling-1] com.indusind.scheduler.SchedulingClass   : Submitted batch from index 791000 to 791500
2025-04-21 15:20:07.304  INFO 23612 --- [scheduling-1] com.indusind.scheduler.SchedulingClass   : Submitted batch from index 791500 to 792000
2025-04-21 15:20:07.304  INFO 23612 --- [scheduling-1] com.indusind.scheduler.SchedulingClass   : Submitted batch from index 792000 to 792500
2025-04-21 15:20:07.304  INFO 23612 --- [scheduling-1] com.indusind.scheduler.SchedulingClass   : Submitted batch from index 792500 to 793000
2025-04-21 15:20:07.304  INFO 23612 --- [scheduling-1] com.indusind.scheduler.SchedulingClass   : Submitted batch from index 793000 to 793500
2025-04-21 15:20:07.304  INFO 23612 --- [scheduling-1] com.indusind.scheduler.SchedulingClass   : Submitted batch from index 793500 to 794000
2025-04-21 15:20:07.304  INFO 23612 --- [scheduling-1] com.indusind.scheduler.SchedulingClass   : Submitted batch from index 794000 to 794500
2025-04-21 15:20:07.304  INFO 23612 --- [scheduling-1] com.indusind.scheduler.SchedulingClass   : Submitted batch from index 794500 to 795000
2025-04-21 15:20:07.304  INFO 23612 --- [scheduling-1] com.indusind.scheduler.SchedulingClass   : Submitted batch from index 795000 to 795500
2025-04-21 15:20:07.304  INFO 23612 --- [scheduling-1] com.indusind.scheduler.SchedulingClass   : Submitted batch from index 795500 to 796000
2025-04-21 15:20:07.304  INFO 23612 --- [scheduling-1] com.indusind.scheduler.SchedulingClass   : Submitted batch from index 796000 to 796500
2025-04-21 15:20:07.304  INFO 23612 --- [scheduling-1] com.indusind.scheduler.SchedulingClass   : Submitted batch from index 796500 to 797000
2025-04-21 15:20:07.304  INFO 23612 --- [scheduling-1] com.indusind.scheduler.SchedulingClass   : Submitted batch from index 797000 to 797500
2025-04-21 15:20:07.304  INFO 23612 --- [scheduling-1] com.indusind.scheduler.SchedulingClass   : Submitted batch from index 797500 to 798000
2025-04-21 15:20:07.304  INFO 23612 --- [scheduling-1] com.indusind.scheduler.SchedulingClass   : Submitted batch from index 798000 to 798500
2025-04-21 15:20:07.305  INFO 23612 --- [scheduling-1] com.indusind.scheduler.SchedulingClass   : Submitted batch from index 798500 to 799000
2025-04-21 15:20:07.305  INFO 23612 --- [scheduling-1] com.indusind.scheduler.SchedulingClass   : Submitted batch from index 799000 to 799500
2025-04-21 15:20:07.305  INFO 23612 --- [scheduling-1] com.indusind.scheduler.SchedulingClass   : Submitted batch from index 799500 to 800000
2025-04-21 15:20:07.305  INFO 23612 --- [scheduling-1] com.indusind.scheduler.SchedulingClass   : Submitted batch from index 800000 to 800500
2025-04-21 15:20:07.305  INFO 23612 --- [scheduling-1] com.indusind.scheduler.SchedulingClass   : Submitted batch from index 800500 to 801000
2025-04-21 15:20:07.305  INFO 23612 --- [scheduling-1] com.indusind.scheduler.SchedulingClass   : Submitted batch from index 801000 to 801500
2025-04-21 15:20:07.305  INFO 23612 --- [scheduling-1] com.indusind.scheduler.SchedulingClass   : Submitted batch from index 801500 to 802000
2025-04-21 15:20:07.305  INFO 23612 --- [scheduling-1] com.indusind.scheduler.SchedulingClass   : Submitted batch from index 802000 to 802500
2025-04-21 15:20:07.305  INFO 23612 --- [scheduling-1] com.indusind.scheduler.SchedulingClass   : Submitted batch from index 802500 to 803000
2025-04-21 15:20:07.305  INFO 23612 --- [scheduling-1] com.indusind.scheduler.SchedulingClass   : Submitted batch from index 803000 to 803500
2025-04-21 15:20:07.305  INFO 23612 --- [scheduling-1] com.indusind.scheduler.SchedulingClass   : Submitted batch from index 803500 to 804000
2025-04-21 15:20:07.305  INFO 23612 --- [scheduling-1] com.indusind.scheduler.SchedulingClass   : Submitted batch from index 804000 to 804500
2025-04-21 15:20:07.305  INFO 23612 --- [scheduling-1] com.indusind.scheduler.SchedulingClass   : Submitted batch from index 804500 to 805000
2025-04-21 15:20:07.305  INFO 23612 --- [scheduling-1] com.indusind.scheduler.SchedulingClass   : Submitted batch from index 805000 to 805500
2025-04-21 15:20:07.305  INFO 23612 --- [scheduling-1] com.indusind.scheduler.SchedulingClass   : Submitted batch from index 805500 to 806000
2025-04-21 15:20:07.305  INFO 23612 --- [scheduling-1] com.indusind.scheduler.SchedulingClass   : Submitted batch from index 806000 to 806500
2025-04-21 15:20:07.305  INFO 23612 --- [scheduling-1] com.indusind.scheduler.SchedulingClass   : Submitted batch from index 806500 to 807000
2025-04-21 15:20:07.305  INFO 23612 --- [scheduling-1] com.indusind.scheduler.SchedulingClass   : Submitted batch from index 807000 to 807500
2025-04-21 15:20:07.305  INFO 23612 --- [scheduling-1] com.indusind.scheduler.SchedulingClass   : Submitted batch from index 807500 to 808000
2025-04-21 15:20:07.305  INFO 23612 --- [scheduling-1] com.indusind.scheduler.SchedulingClass   : Submitted batch from index 808000 to 808500
2025-04-21 15:20:07.305  INFO 23612 --- [scheduling-1] com.indusind.scheduler.SchedulingClass   : Submitted batch from index 808500 to 809000
2025-04-21 15:20:07.305  INFO 23612 --- [scheduling-1] com.indusind.scheduler.SchedulingClass   : Submitted batch from index 809000 to 809500
2025-04-21 15:20:07.305  INFO 23612 --- [scheduling-1] com.indusind.scheduler.SchedulingClass   : Submitted batch from index 809500 to 810000
2025-04-21 15:20:07.305  INFO 23612 --- [scheduling-1] com.indusind.scheduler.SchedulingClass   : Submitted batch from index 810000 to 810500
2025-04-21 15:20:07.305  INFO 23612 --- [scheduling-1] com.indusind.scheduler.SchedulingClass   : Submitted batch from index 810500 to 811000
2025-04-21 15:20:07.305  INFO 23612 --- [scheduling-1] com.indusind.scheduler.SchedulingClass   : Submitted batch from index 811000 to 811500
2025-04-21 15:20:07.305  INFO 23612 --- [scheduling-1] com.indusind.scheduler.SchedulingClass   : Submitted batch from index 811500 to 812000
2025-04-21 15:20:07.305  INFO 23612 --- [scheduling-1] com.indusind.scheduler.SchedulingClass   : Submitted batch from index 812000 to 812500
2025-04-21 15:20:07.305  INFO 23612 --- [scheduling-1] com.indusind.scheduler.SchedulingClass   : Submitted batch from index 812500 to 813000
2025-04-21 15:20:07.305  INFO 23612 --- [scheduling-1] com.indusind.scheduler.SchedulingClass   : Submitted batch from index 813000 to 813500
2025-04-21 15:20:07.305  INFO 23612 --- [scheduling-1] com.indusind.scheduler.SchedulingClass   : Submitted batch from index 813500 to 814000
2025-04-21 15:20:07.305  INFO 23612 --- [scheduling-1] com.indusind.scheduler.SchedulingClass   : Submitted batch from index 814000 to 814500
2025-04-21 15:20:07.306  INFO 23612 --- [scheduling-1] com.indusind.scheduler.SchedulingClass   : Submitted batch from index 814500 to 815000
2025-04-21 15:20:07.306  INFO 23612 --- [scheduling-1] com.indusind.scheduler.SchedulingClass   : Submitted batch from index 815000 to 815500
2025-04-21 15:20:07.306  INFO 23612 --- [scheduling-1] com.indusind.scheduler.SchedulingClass   : Submitted batch from index 815500 to 816000
2025-04-21 15:20:07.306  INFO 23612 --- [scheduling-1] com.indusind.scheduler.SchedulingClass   : Submitted batch from index 816000 to 816500
2025-04-21 15:20:07.306  INFO 23612 --- [scheduling-1] com.indusind.scheduler.SchedulingClass   : Submitted batch from index 816500 to 817000
2025-04-21 15:20:07.306  INFO 23612 --- [scheduling-1] com.indusind.scheduler.SchedulingClass   : Submitted batch from index 817000 to 817500
2025-04-21 15:20:07.306  INFO 23612 --- [scheduling-1] com.indusind.scheduler.SchedulingClass   : Submitted batch from index 817500 to 818000
2025-04-21 15:20:07.306  INFO 23612 --- [scheduling-1] com.indusind.scheduler.SchedulingClass   : Submitted batch from index 818000 to 818500
2025-04-21 15:20:07.306  INFO 23612 --- [scheduling-1] com.indusind.scheduler.SchedulingClass   : Submitted batch from index 818500 to 819000
2025-04-21 15:20:07.306  INFO 23612 --- [scheduling-1] com.indusind.scheduler.SchedulingClass   : Submitted batch from index 819000 to 819500
2025-04-21 15:20:07.306  INFO 23612 --- [scheduling-1] com.indusind.scheduler.SchedulingClass   : Submitted batch from index 819500 to 820000
2025-04-21 15:20:07.306  INFO 23612 --- [scheduling-1] com.indusind.scheduler.SchedulingClass   : Submitted batch from index 820000 to 820500
2025-04-21 15:20:07.306  INFO 23612 --- [scheduling-1] com.indusind.scheduler.SchedulingClass   : Submitted batch from index 820500 to 821000
2025-04-21 15:20:07.306  INFO 23612 --- [scheduling-1] com.indusind.scheduler.SchedulingClass   : Submitted batch from index 821000 to 821500
2025-04-21 15:20:07.306  INFO 23612 --- [scheduling-1] com.indusind.scheduler.SchedulingClass   : Submitted batch from index 821500 to 822000
2025-04-21 15:20:07.306  INFO 23612 --- [scheduling-1] com.indusind.scheduler.SchedulingClass   : Submitted batch from index 822000 to 822500
2025-04-21 15:20:07.307  INFO 23612 --- [scheduling-1] com.indusind.scheduler.SchedulingClass   : Submitted batch from index 822500 to 823000
2025-04-21 15:20:07.307  INFO 23612 --- [scheduling-1] com.indusind.scheduler.SchedulingClass   : Submitted batch from index 823000 to 823500
2025-04-21 15:20:07.307  INFO 23612 --- [scheduling-1] com.indusind.scheduler.SchedulingClass   : Submitted batch from index 823500 to 824000
2025-04-21 15:20:07.307  INFO 23612 --- [scheduling-1] com.indusind.scheduler.SchedulingClass   : Submitted batch from index 824000 to 824500
2025-04-21 15:20:07.307  INFO 23612 --- [scheduling-1] com.indusind.scheduler.SchedulingClass   : Submitted batch from index 824500 to 825000
2025-04-21 15:20:07.307  INFO 23612 --- [scheduling-1] com.indusind.scheduler.SchedulingClass   : Submitted batch from index 825000 to 825500
2025-04-21 15:20:07.307  INFO 23612 --- [scheduling-1] com.indusind.scheduler.SchedulingClass   : Submitted batch from index 825500 to 826000
2025-04-21 15:20:07.307  INFO 23612 --- [scheduling-1] com.indusind.scheduler.SchedulingClass   : Submitted batch from index 826000 to 826500
2025-04-21 15:20:07.307  INFO 23612 --- [scheduling-1] com.indusind.scheduler.SchedulingClass   : Submitted batch from index 826500 to 827000
2025-04-21 15:20:07.307  INFO 23612 --- [scheduling-1] com.indusind.scheduler.SchedulingClass   : Submitted batch from index 827000 to 827500
2025-04-21 15:20:07.307  INFO 23612 --- [scheduling-1] com.indusind.scheduler.SchedulingClass   : Submitted batch from index 827500 to 828000
2025-04-21 15:20:07.307  INFO 23612 --- [scheduling-1] com.indusind.scheduler.SchedulingClass   : Submitted batch from index 828000 to 828500
2025-04-21 15:20:07.307  INFO 23612 --- [scheduling-1] com.indusind.scheduler.SchedulingClass   : Submitted batch from index 828500 to 829000
2025-04-21 15:20:07.307  INFO 23612 --- [scheduling-1] com.indusind.scheduler.SchedulingClass   : Submitted batch from index 829000 to 829500
2025-04-21 15:20:07.308  INFO 23612 --- [scheduling-1] com.indusind.scheduler.SchedulingClass   : Submitted batch from index 829500 to 830000
2025-04-21 15:20:07.308  INFO 23612 --- [scheduling-1] com.indusind.scheduler.SchedulingClass   : Submitted batch from index 830000 to 830500
2025-04-21 15:20:07.308  INFO 23612 --- [scheduling-1] com.indusind.scheduler.SchedulingClass   : Submitted batch from index 830500 to 831000
2025-04-21 15:20:07.308  INFO 23612 --- [scheduling-1] com.indusind.scheduler.SchedulingClass   : Submitted batch from index 831000 to 831500
2025-04-21 15:20:07.308  INFO 23612 --- [scheduling-1] com.indusind.scheduler.SchedulingClass   : Submitted batch from index 831500 to 832000
2025-04-21 15:20:07.308  INFO 23612 --- [scheduling-1] com.indusind.scheduler.SchedulingClass   : Submitted batch from index 832000 to 832500
2025-04-21 15:20:07.308  INFO 23612 --- [scheduling-1] com.indusind.scheduler.SchedulingClass   : Submitted batch from index 832500 to 833000
2025-04-21 15:20:07.309  INFO 23612 --- [scheduling-1] com.indusind.scheduler.SchedulingClass   : Submitted batch from index 833000 to 833500
2025-04-21 15:20:07.309  INFO 23612 --- [scheduling-1] com.indusind.scheduler.SchedulingClass   : Submitted batch from index 833500 to 834000
2025-04-21 15:20:07.309  INFO 23612 --- [scheduling-1] com.indusind.scheduler.SchedulingClass   : Submitted batch from index 834000 to 834500
2025-04-21 15:20:07.309  INFO 23612 --- [scheduling-1] com.indusind.scheduler.SchedulingClass   : Submitted batch from index 834500 to 835000
2025-04-21 15:20:07.309  INFO 23612 --- [scheduling-1] com.indusind.scheduler.SchedulingClass   : Submitted batch from index 835000 to 835500
2025-04-21 15:20:07.309  INFO 23612 --- [scheduling-1] com.indusind.scheduler.SchedulingClass   : Submitted batch from index 835500 to 836000
2025-04-21 15:20:07.309  INFO 23612 --- [scheduling-1] com.indusind.scheduler.SchedulingClass   : Submitted batch from index 836000 to 836500
2025-04-21 15:20:07.309  INFO 23612 --- [scheduling-1] com.indusind.scheduler.SchedulingClass   : Submitted batch from index 836500 to 837000
2025-04-21 15:20:07.309  INFO 23612 --- [scheduling-1] com.indusind.scheduler.SchedulingClass   : Submitted batch from index 837000 to 837500
2025-04-21 15:20:07.309  INFO 23612 --- [scheduling-1] com.indusind.scheduler.SchedulingClass   : Submitted batch from index 837500 to 838000
2025-04-21 15:20:07.309  INFO 23612 --- [scheduling-1] com.indusind.scheduler.SchedulingClass   : Submitted batch from index 838000 to 838500
2025-04-21 15:20:07.309  INFO 23612 --- [scheduling-1] com.indusind.scheduler.SchedulingClass   : Submitted batch from index 838500 to 839000
2025-04-21 15:20:07.309  INFO 23612 --- [scheduling-1] com.indusind.scheduler.SchedulingClass   : Submitted batch from index 839000 to 839500
2025-04-21 15:20:07.309  INFO 23612 --- [scheduling-1] com.indusind.scheduler.SchedulingClass   : Submitted batch from index 839500 to 840000
2025-04-21 15:20:07.309  INFO 23612 --- [scheduling-1] com.indusind.scheduler.SchedulingClass   : Submitted batch from index 840000 to 840500
2025-04-21 15:20:07.309  INFO 23612 --- [scheduling-1] com.indusind.scheduler.SchedulingClass   : Submitted batch from index 840500 to 841000
2025-04-21 15:20:07.309  INFO 23612 --- [scheduling-1] com.indusind.scheduler.SchedulingClass   : Submitted batch from index 841000 to 841500
2025-04-21 15:20:07.309  INFO 23612 --- [scheduling-1] com.indusind.scheduler.SchedulingClass   : Submitted batch from index 841500 to 842000
2025-04-21 15:20:07.309  INFO 23612 --- [scheduling-1] com.indusind.scheduler.SchedulingClass   : Submitted batch from index 842000 to 842500
2025-04-21 15:20:07.309  INFO 23612 --- [scheduling-1] com.indusind.scheduler.SchedulingClass   : Submitted batch from index 842500 to 843000
2025-04-21 15:20:07.309  INFO 23612 --- [scheduling-1] com.indusind.scheduler.SchedulingClass   : Submitted batch from index 843000 to 843500
2025-04-21 15:20:07.309  INFO 23612 --- [scheduling-1] com.indusind.scheduler.SchedulingClass   : Submitted batch from index 843500 to 844000
2025-04-21 15:20:07.309  INFO 23612 --- [scheduling-1] com.indusind.scheduler.SchedulingClass   : Submitted batch from index 844000 to 844500
2025-04-21 15:20:07.309  INFO 23612 --- [scheduling-1] com.indusind.scheduler.SchedulingClass   : Submitted batch from index 844500 to 845000
2025-04-21 15:20:07.309  INFO 23612 --- [scheduling-1] com.indusind.scheduler.SchedulingClass   : Submitted batch from index 845000 to 845500
2025-04-21 15:20:07.309  INFO 23612 --- [scheduling-1] com.indusind.scheduler.SchedulingClass   : Submitted batch from index 845500 to 846000
2025-04-21 15:20:07.309  INFO 23612 --- [scheduling-1] com.indusind.scheduler.SchedulingClass   : Submitted batch from index 846000 to 846500
2025-04-21 15:20:07.310  INFO 23612 --- [scheduling-1] com.indusind.scheduler.SchedulingClass   : Submitted batch from index 846500 to 847000
2025-04-21 15:20:07.310  INFO 23612 --- [scheduling-1] com.indusind.scheduler.SchedulingClass   : Submitted batch from index 847000 to 847500
2025-04-21 15:20:07.310  INFO 23612 --- [scheduling-1] com.indusind.scheduler.SchedulingClass   : Submitted batch from index 847500 to 848000
2025-04-21 15:20:07.310  INFO 23612 --- [scheduling-1] com.indusind.scheduler.SchedulingClass   : Submitted batch from index 848000 to 848500
2025-04-21 15:20:07.310  INFO 23612 --- [scheduling-1] com.indusind.scheduler.SchedulingClass   : Submitted batch from index 848500 to 849000
2025-04-21 15:20:07.310  INFO 23612 --- [scheduling-1] com.indusind.scheduler.SchedulingClass   : Submitted batch from index 849000 to 849500
2025-04-21 15:20:07.310  INFO 23612 --- [scheduling-1] com.indusind.scheduler.SchedulingClass   : Submitted batch from index 849500 to 850000
2025-04-21 15:20:07.310  INFO 23612 --- [scheduling-1] com.indusind.scheduler.SchedulingClass   : Submitted batch from index 850000 to 850500
2025-04-21 15:20:07.310  INFO 23612 --- [scheduling-1] com.indusind.scheduler.SchedulingClass   : Submitted batch from index 850500 to 851000
2025-04-21 15:20:07.310  INFO 23612 --- [scheduling-1] com.indusind.scheduler.SchedulingClass   : Submitted batch from index 851000 to 851500
2025-04-21 15:20:07.310  INFO 23612 --- [scheduling-1] com.indusind.scheduler.SchedulingClass   : Submitted batch from index 851500 to 852000
2025-04-21 15:20:07.310  INFO 23612 --- [scheduling-1] com.indusind.scheduler.SchedulingClass   : Submitted batch from index 852000 to 852500
2025-04-21 15:20:07.310  INFO 23612 --- [scheduling-1] com.indusind.scheduler.SchedulingClass   : Submitted batch from index 852500 to 853000
2025-04-21 15:20:07.310  INFO 23612 --- [scheduling-1] com.indusind.scheduler.SchedulingClass   : Submitted batch from index 853000 to 853500
2025-04-21 15:20:07.310  INFO 23612 --- [scheduling-1] com.indusind.scheduler.SchedulingClass   : Submitted batch from index 853500 to 854000
2025-04-21 15:20:07.310  INFO 23612 --- [scheduling-1] com.indusind.scheduler.SchedulingClass   : Submitted batch from index 854000 to 854500
2025-04-21 15:20:07.310  INFO 23612 --- [scheduling-1] com.indusind.scheduler.SchedulingClass   : Submitted batch from index 854500 to 855000
2025-04-21 15:20:07.310  INFO 23612 --- [scheduling-1] com.indusind.scheduler.SchedulingClass   : Submitted batch from index 855000 to 855500
2025-04-21 15:20:07.310  INFO 23612 --- [scheduling-1] com.indusind.scheduler.SchedulingClass   : Submitted batch from index 855500 to 856000
2025-04-21 15:20:07.310  INFO 23612 --- [scheduling-1] com.indusind.scheduler.SchedulingClass   : Submitted batch from index 856000 to 856500
2025-04-21 15:20:07.310  INFO 23612 --- [scheduling-1] com.indusind.scheduler.SchedulingClass   : Submitted batch from index 856500 to 857000
2025-04-21 15:20:07.310  INFO 23612 --- [scheduling-1] com.indusind.scheduler.SchedulingClass   : Submitted batch from index 857000 to 857500
2025-04-21 15:20:07.310  INFO 23612 --- [scheduling-1] com.indusind.scheduler.SchedulingClass   : Submitted batch from index 857500 to 858000
2025-04-21 15:20:07.310  INFO 23612 --- [scheduling-1] com.indusind.scheduler.SchedulingClass   : Submitted batch from index 858000 to 858500
2025-04-21 15:20:07.310  INFO 23612 --- [scheduling-1] com.indusind.scheduler.SchedulingClass   : Submitted batch from index 858500 to 859000
2025-04-21 15:20:07.310  INFO 23612 --- [scheduling-1] com.indusind.scheduler.SchedulingClass   : Submitted batch from index 859000 to 859500
2025-04-21 15:20:07.310  INFO 23612 --- [scheduling-1] com.indusind.scheduler.SchedulingClass   : Submitted batch from index 859500 to 860000
2025-04-21 15:20:07.310  INFO 23612 --- [scheduling-1] com.indusind.scheduler.SchedulingClass   : Submitted batch from index 860000 to 860500
2025-04-21 15:20:07.310  INFO 23612 --- [scheduling-1] com.indusind.scheduler.SchedulingClass   : Submitted batch from index 860500 to 861000
2025-04-21 15:20:07.310  INFO 23612 --- [scheduling-1] com.indusind.scheduler.SchedulingClass   : Submitted batch from index 861000 to 861500
2025-04-21 15:20:07.310  INFO 23612 --- [scheduling-1] com.indusind.scheduler.SchedulingClass   : Submitted batch from index 861500 to 862000
2025-04-21 15:20:07.310  INFO 23612 --- [scheduling-1] com.indusind.scheduler.SchedulingClass   : Submitted batch from index 862000 to 862500
2025-04-21 15:20:07.310  INFO 23612 --- [scheduling-1] com.indusind.scheduler.SchedulingClass   : Submitted batch from index 862500 to 863000
2025-04-21 15:20:07.310  INFO 23612 --- [scheduling-1] com.indusind.scheduler.SchedulingClass   : Submitted batch from index 863000 to 863500
2025-04-21 15:20:07.310  INFO 23612 --- [scheduling-1] com.indusind.scheduler.SchedulingClass   : Submitted batch from index 863500 to 864000
2025-04-21 15:20:07.310  INFO 23612 --- [scheduling-1] com.indusind.scheduler.SchedulingClass   : Submitted batch from index 864000 to 864500
2025-04-21 15:20:07.311  INFO 23612 --- [scheduling-1] com.indusind.scheduler.SchedulingClass   : Submitted batch from index 864500 to 865000
2025-04-21 15:20:07.311  INFO 23612 --- [scheduling-1] com.indusind.scheduler.SchedulingClass   : Submitted batch from index 865000 to 865500
2025-04-21 15:20:07.311  INFO 23612 --- [scheduling-1] com.indusind.scheduler.SchedulingClass   : Submitted batch from index 865500 to 866000
2025-04-21 15:20:07.311  INFO 23612 --- [scheduling-1] com.indusind.scheduler.SchedulingClass   : Submitted batch from index 866000 to 866500
2025-04-21 15:20:07.311  INFO 23612 --- [scheduling-1] com.indusind.scheduler.SchedulingClass   : Submitted batch from index 866500 to 867000
2025-04-21 15:20:07.311  INFO 23612 --- [scheduling-1] com.indusind.scheduler.SchedulingClass   : Submitted batch from index 867000 to 867500
2025-04-21 15:20:07.311  INFO 23612 --- [scheduling-1] com.indusind.scheduler.SchedulingClass   : Submitted batch from index 867500 to 868000
2025-04-21 15:20:07.311  INFO 23612 --- [scheduling-1] com.indusind.scheduler.SchedulingClass   : Submitted batch from index 868000 to 868500
2025-04-21 15:20:07.311  INFO 23612 --- [scheduling-1] com.indusind.scheduler.SchedulingClass   : Submitted batch from index 868500 to 869000
2025-04-21 15:20:07.311  INFO 23612 --- [scheduling-1] com.indusind.scheduler.SchedulingClass   : Submitted batch from index 869000 to 869500
2025-04-21 15:20:07.311  INFO 23612 --- [scheduling-1] com.indusind.scheduler.SchedulingClass   : Submitted batch from index 869500 to 870000
2025-04-21 15:20:07.311  INFO 23612 --- [scheduling-1] com.indusind.scheduler.SchedulingClass   : Submitted batch from index 870000 to 870500
2025-04-21 15:20:07.311  INFO 23612 --- [scheduling-1] com.indusind.scheduler.SchedulingClass   : Submitted batch from index 870500 to 871000
2025-04-21 15:20:07.311  INFO 23612 --- [scheduling-1] com.indusind.scheduler.SchedulingClass   : Submitted batch from index 871000 to 871500
2025-04-21 15:20:07.311  INFO 23612 --- [scheduling-1] com.indusind.scheduler.SchedulingClass   : Submitted batch from index 871500 to 872000
2025-04-21 15:20:07.311  INFO 23612 --- [scheduling-1] com.indusind.scheduler.SchedulingClass   : Submitted batch from index 872000 to 872500
2025-04-21 15:20:07.311  INFO 23612 --- [scheduling-1] com.indusind.scheduler.SchedulingClass   : Submitted batch from index 872500 to 873000
2025-04-21 15:20:07.311  INFO 23612 --- [scheduling-1] com.indusind.scheduler.SchedulingClass   : Submitted batch from index 873000 to 873500
2025-04-21 15:20:07.311  INFO 23612 --- [scheduling-1] com.indusind.scheduler.SchedulingClass   : Submitted batch from index 873500 to 874000
2025-04-21 15:20:07.311  INFO 23612 --- [scheduling-1] com.indusind.scheduler.SchedulingClass   : Submitted batch from index 874000 to 874500
2025-04-21 15:20:07.311  INFO 23612 --- [scheduling-1] com.indusind.scheduler.SchedulingClass   : Submitted batch from index 874500 to 875000
2025-04-21 15:20:07.311  INFO 23612 --- [scheduling-1] com.indusind.scheduler.SchedulingClass   : Submitted batch from index 875000 to 875500
2025-04-21 15:20:07.311  INFO 23612 --- [scheduling-1] com.indusind.scheduler.SchedulingClass   : Submitted batch from index 875500 to 876000
2025-04-21 15:20:07.312  INFO 23612 --- [scheduling-1] com.indusind.scheduler.SchedulingClass   : Submitted batch from index 876000 to 876500
2025-04-21 15:20:07.312  INFO 23612 --- [scheduling-1] com.indusind.scheduler.SchedulingClass   : Submitted batch from index 876500 to 877000
2025-04-21 15:20:07.312  INFO 23612 --- [scheduling-1] com.indusind.scheduler.SchedulingClass   : Submitted batch from index 877000 to 877500
2025-04-21 15:20:07.312  INFO 23612 --- [scheduling-1] com.indusind.scheduler.SchedulingClass   : Submitted batch from index 877500 to 878000
2025-04-21 15:20:07.312  INFO 23612 --- [scheduling-1] com.indusind.scheduler.SchedulingClass   : Submitted batch from index 878000 to 878500
2025-04-21 15:20:07.312  INFO 23612 --- [scheduling-1] com.indusind.scheduler.SchedulingClass   : Submitted batch from index 878500 to 879000
2025-04-21 15:20:07.312  INFO 23612 --- [scheduling-1] com.indusind.scheduler.SchedulingClass   : Submitted batch from index 879000 to 879500
2025-04-21 15:20:07.312  INFO 23612 --- [scheduling-1] com.indusind.scheduler.SchedulingClass   : Submitted batch from index 879500 to 880000
2025-04-21 15:20:07.312  INFO 23612 --- [scheduling-1] com.indusind.scheduler.SchedulingClass   : Submitted batch from index 880000 to 880500
2025-04-21 15:20:07.312  INFO 23612 --- [scheduling-1] com.indusind.scheduler.SchedulingClass   : Submitted batch from index 880500 to 881000
2025-04-21 15:20:07.312  INFO 23612 --- [scheduling-1] com.indusind.scheduler.SchedulingClass   : Submitted batch from index 881000 to 881500
2025-04-21 15:20:07.312  INFO 23612 --- [scheduling-1] com.indusind.scheduler.SchedulingClass   : Submitted batch from index 881500 to 882000
2025-04-21 15:20:07.312  INFO 23612 --- [scheduling-1] com.indusind.scheduler.SchedulingClass   : Submitted batch from index 882000 to 882500
2025-04-21 15:20:07.312  INFO 23612 --- [scheduling-1] com.indusind.scheduler.SchedulingClass   : Submitted batch from index 882500 to 883000
2025-04-21 15:20:07.312  INFO 23612 --- [scheduling-1] com.indusind.scheduler.SchedulingClass   : Submitted batch from index 883000 to 883500
2025-04-21 15:20:07.312  INFO 23612 --- [scheduling-1] com.indusind.scheduler.SchedulingClass   : Submitted batch from index 883500 to 884000
2025-04-21 15:20:07.312  INFO 23612 --- [scheduling-1] com.indusind.scheduler.SchedulingClass   : Submitted batch from index 884000 to 884500
2025-04-21 15:20:07.312  INFO 23612 --- [scheduling-1] com.indusind.scheduler.SchedulingClass   : Submitted batch from index 884500 to 885000
2025-04-21 15:20:07.312  INFO 23612 --- [scheduling-1] com.indusind.scheduler.SchedulingClass   : Submitted batch from index 885000 to 885500
2025-04-21 15:20:07.312  INFO 23612 --- [scheduling-1] com.indusind.scheduler.SchedulingClass   : Submitted batch from index 885500 to 886000
2025-04-21 15:20:07.312  INFO 23612 --- [scheduling-1] com.indusind.scheduler.SchedulingClass   : Submitted batch from index 886000 to 886500
2025-04-21 15:20:07.312  INFO 23612 --- [scheduling-1] com.indusind.scheduler.SchedulingClass   : Submitted batch from index 886500 to 887000
2025-04-21 15:20:07.312  INFO 23612 --- [scheduling-1] com.indusind.scheduler.SchedulingClass   : Submitted batch from index 887000 to 887500
2025-04-21 15:20:07.312  INFO 23612 --- [scheduling-1] com.indusind.scheduler.SchedulingClass   : Submitted batch from index 887500 to 888000
2025-04-21 15:20:07.312  INFO 23612 --- [scheduling-1] com.indusind.scheduler.SchedulingClass   : Submitted batch from index 888000 to 888500
2025-04-21 15:20:07.312  INFO 23612 --- [scheduling-1] com.indusind.scheduler.SchedulingClass   : Submitted batch from index 888500 to 889000
2025-04-21 15:20:07.312  INFO 23612 --- [scheduling-1] com.indusind.scheduler.SchedulingClass   : Submitted batch from index 889000 to 889500
2025-04-21 15:20:07.312  INFO 23612 --- [scheduling-1] com.indusind.scheduler.SchedulingClass   : Submitted batch from index 889500 to 890000
2025-04-21 15:20:07.312  INFO 23612 --- [scheduling-1] com.indusind.scheduler.SchedulingClass   : Submitted batch from index 890000 to 890500
2025-04-21 15:20:07.312  INFO 23612 --- [scheduling-1] com.indusind.scheduler.SchedulingClass   : Submitted batch from index 890500 to 891000
2025-04-21 15:20:07.312  INFO 23612 --- [scheduling-1] com.indusind.scheduler.SchedulingClass   : Submitted batch from index 891000 to 891500
2025-04-21 15:20:07.312  INFO 23612 --- [scheduling-1] com.indusind.scheduler.SchedulingClass   : Submitted batch from index 891500 to 892000
2025-04-21 15:20:07.312  INFO 23612 --- [scheduling-1] com.indusind.scheduler.SchedulingClass   : Submitted batch from index 892000 to 892500
2025-04-21 15:20:07.312  INFO 23612 --- [scheduling-1] com.indusind.scheduler.SchedulingClass   : Submitted batch from index 892500 to 893000
2025-04-21 15:20:07.312  INFO 23612 --- [scheduling-1] com.indusind.scheduler.SchedulingClass   : Submitted batch from index 893000 to 893500
2025-04-21 15:20:07.312  INFO 23612 --- [scheduling-1] com.indusind.scheduler.SchedulingClass   : Submitted batch from index 893500 to 894000
2025-04-21 15:20:07.313  INFO 23612 --- [scheduling-1] com.indusind.scheduler.SchedulingClass   : Submitted batch from index 894000 to 894500
2025-04-21 15:20:07.313  INFO 23612 --- [scheduling-1] com.indusind.scheduler.SchedulingClass   : Submitted batch from index 894500 to 895000
2025-04-21 15:20:07.313  INFO 23612 --- [scheduling-1] com.indusind.scheduler.SchedulingClass   : Submitted batch from index 895000 to 895500
2025-04-21 15:20:07.313  INFO 23612 --- [scheduling-1] com.indusind.scheduler.SchedulingClass   : Submitted batch from index 895500 to 896000
2025-04-21 15:20:07.313  INFO 23612 --- [scheduling-1] com.indusind.scheduler.SchedulingClass   : Submitted batch from index 896000 to 896500
2025-04-21 15:20:07.313  INFO 23612 --- [scheduling-1] com.indusind.scheduler.SchedulingClass   : Submitted batch from index 896500 to 897000
2025-04-21 15:20:07.313  INFO 23612 --- [scheduling-1] com.indusind.scheduler.SchedulingClass   : Submitted batch from index 897000 to 897500
2025-04-21 15:20:07.313  INFO 23612 --- [scheduling-1] com.indusind.scheduler.SchedulingClass   : Submitted batch from index 897500 to 898000
2025-04-21 15:20:07.313  INFO 23612 --- [scheduling-1] com.indusind.scheduler.SchedulingClass   : Submitted batch from index 898000 to 898500
2025-04-21 15:20:07.313  INFO 23612 --- [scheduling-1] com.indusind.scheduler.SchedulingClass   : Submitted batch from index 898500 to 899000
2025-04-21 15:20:07.313  INFO 23612 --- [scheduling-1] com.indusind.scheduler.SchedulingClass   : Submitted batch from index 899000 to 899500
2025-04-21 15:20:07.313  INFO 23612 --- [scheduling-1] com.indusind.scheduler.SchedulingClass   : Submitted batch from index 899500 to 900000
2025-04-21 15:20:07.313  INFO 23612 --- [scheduling-1] com.indusind.scheduler.SchedulingClass   : Submitted batch from index 900000 to 900500
2025-04-21 15:20:07.313  INFO 23612 --- [scheduling-1] com.indusind.scheduler.SchedulingClass   : Submitted batch from index 900500 to 901000
2025-04-21 15:20:07.313  INFO 23612 --- [scheduling-1] com.indusind.scheduler.SchedulingClass   : Submitted batch from index 901000 to 901500
2025-04-21 15:20:07.313  INFO 23612 --- [scheduling-1] com.indusind.scheduler.SchedulingClass   : Submitted batch from index 901500 to 902000
2025-04-21 15:20:07.313  INFO 23612 --- [scheduling-1] com.indusind.scheduler.SchedulingClass   : Submitted batch from index 902000 to 902500
2025-04-21 15:20:07.313  INFO 23612 --- [scheduling-1] com.indusind.scheduler.SchedulingClass   : Submitted batch from index 902500 to 903000
2025-04-21 15:20:07.313  INFO 23612 --- [scheduling-1] com.indusind.scheduler.SchedulingClass   : Submitted batch from index 903000 to 903500
2025-04-21 15:20:07.313  INFO 23612 --- [scheduling-1] com.indusind.scheduler.SchedulingClass   : Submitted batch from index 903500 to 904000
2025-04-21 15:20:07.313  INFO 23612 --- [scheduling-1] com.indusind.scheduler.SchedulingClass   : Submitted batch from index 904000 to 904500
2025-04-21 15:20:07.313  INFO 23612 --- [scheduling-1] com.indusind.scheduler.SchedulingClass   : Submitted batch from index 904500 to 905000
2025-04-21 15:20:07.313  INFO 23612 --- [scheduling-1] com.indusind.scheduler.SchedulingClass   : Submitted batch from index 905000 to 905500
2025-04-21 15:20:07.313  INFO 23612 --- [scheduling-1] com.indusind.scheduler.SchedulingClass   : Submitted batch from index 905500 to 906000
2025-04-21 15:20:07.313  INFO 23612 --- [scheduling-1] com.indusind.scheduler.SchedulingClass   : Submitted batch from index 906000 to 906500
2025-04-21 15:20:07.313  INFO 23612 --- [scheduling-1] com.indusind.scheduler.SchedulingClass   : Submitted batch from index 906500 to 907000
2025-04-21 15:20:07.313  INFO 23612 --- [scheduling-1] com.indusind.scheduler.SchedulingClass   : Submitted batch from index 907000 to 907500
2025-04-21 15:20:07.313  INFO 23612 --- [scheduling-1] com.indusind.scheduler.SchedulingClass   : Submitted batch from index 907500 to 908000
2025-04-21 15:20:07.313  INFO 23612 --- [scheduling-1] com.indusind.scheduler.SchedulingClass   : Submitted batch from index 908000 to 908500
2025-04-21 15:20:07.313  INFO 23612 --- [scheduling-1] com.indusind.scheduler.SchedulingClass   : Submitted batch from index 908500 to 909000
2025-04-21 15:20:07.313  INFO 23612 --- [scheduling-1] com.indusind.scheduler.SchedulingClass   : Submitted batch from index 909000 to 909500
2025-04-21 15:20:07.313  INFO 23612 --- [scheduling-1] com.indusind.scheduler.SchedulingClass   : Submitted batch from index 909500 to 910000
2025-04-21 15:20:07.314  INFO 23612 --- [scheduling-1] com.indusind.scheduler.SchedulingClass   : Submitted batch from index 910000 to 910500
2025-04-21 15:20:07.314  INFO 23612 --- [scheduling-1] com.indusind.scheduler.SchedulingClass   : Submitted batch from index 910500 to 911000
2025-04-21 15:20:07.314  INFO 23612 --- [scheduling-1] com.indusind.scheduler.SchedulingClass   : Submitted batch from index 911000 to 911500
2025-04-21 15:20:07.314  INFO 23612 --- [scheduling-1] com.indusind.scheduler.SchedulingClass   : Submitted batch from index 911500 to 912000
2025-04-21 15:20:07.314  INFO 23612 --- [scheduling-1] com.indusind.scheduler.SchedulingClass   : Submitted batch from index 912000 to 912500
2025-04-21 15:20:07.314  INFO 23612 --- [scheduling-1] com.indusind.scheduler.SchedulingClass   : Submitted batch from index 912500 to 913000
2025-04-21 15:20:07.314  INFO 23612 --- [scheduling-1] com.indusind.scheduler.SchedulingClass   : Submitted batch from index 913000 to 913500
2025-04-21 15:20:07.314  INFO 23612 --- [scheduling-1] com.indusind.scheduler.SchedulingClass   : Submitted batch from index 913500 to 914000
2025-04-21 15:20:07.314  INFO 23612 --- [scheduling-1] com.indusind.scheduler.SchedulingClass   : Submitted batch from index 914000 to 914500
2025-04-21 15:20:07.314  INFO 23612 --- [scheduling-1] com.indusind.scheduler.SchedulingClass   : Submitted batch from index 914500 to 915000
2025-04-21 15:20:07.314  INFO 23612 --- [scheduling-1] com.indusind.scheduler.SchedulingClass   : Submitted batch from index 915000 to 915500
2025-04-21 15:20:07.314  INFO 23612 --- [scheduling-1] com.indusind.scheduler.SchedulingClass   : Submitted batch from index 915500 to 916000
2025-04-21 15:20:07.314  INFO 23612 --- [scheduling-1] com.indusind.scheduler.SchedulingClass   : Submitted batch from index 916000 to 916500
2025-04-21 15:20:07.314  INFO 23612 --- [scheduling-1] com.indusind.scheduler.SchedulingClass   : Submitted batch from index 916500 to 917000
2025-04-21 15:20:07.314  INFO 23612 --- [scheduling-1] com.indusind.scheduler.SchedulingClass   : Submitted batch from index 917000 to 917500
2025-04-21 15:20:07.314  INFO 23612 --- [scheduling-1] com.indusind.scheduler.SchedulingClass   : Submitted batch from index 917500 to 918000
2025-04-21 15:20:07.314  INFO 23612 --- [scheduling-1] com.indusind.scheduler.SchedulingClass   : Submitted batch from index 918000 to 918500
2025-04-21 15:20:07.314  INFO 23612 --- [scheduling-1] com.indusind.scheduler.SchedulingClass   : Submitted batch from index 918500 to 919000
2025-04-21 15:20:07.314  INFO 23612 --- [scheduling-1] com.indusind.scheduler.SchedulingClass   : Submitted batch from index 919000 to 919500
2025-04-21 15:20:07.314  INFO 23612 --- [scheduling-1] com.indusind.scheduler.SchedulingClass   : Submitted batch from index 919500 to 920000
2025-04-21 15:20:07.314  INFO 23612 --- [scheduling-1] com.indusind.scheduler.SchedulingClass   : Submitted batch from index 920000 to 920500
2025-04-21 15:20:07.314  INFO 23612 --- [scheduling-1] com.indusind.scheduler.SchedulingClass   : Submitted batch from index 920500 to 921000
2025-04-21 15:20:07.314  INFO 23612 --- [scheduling-1] com.indusind.scheduler.SchedulingClass   : Submitted batch from index 921000 to 921500
2025-04-21 15:20:07.314  INFO 23612 --- [scheduling-1] com.indusind.scheduler.SchedulingClass   : Submitted batch from index 921500 to 922000
2025-04-21 15:20:07.314  INFO 23612 --- [scheduling-1] com.indusind.scheduler.SchedulingClass   : Submitted batch from index 922000 to 922500
2025-04-21 15:20:07.314  INFO 23612 --- [scheduling-1] com.indusind.scheduler.SchedulingClass   : Submitted batch from index 922500 to 923000
2025-04-21 15:20:07.314  INFO 23612 --- [scheduling-1] com.indusind.scheduler.SchedulingClass   : Submitted batch from index 923000 to 923500
2025-04-21 15:20:07.314  INFO 23612 --- [scheduling-1] com.indusind.scheduler.SchedulingClass   : Submitted batch from index 923500 to 924000
2025-04-21 15:20:07.314  INFO 23612 --- [scheduling-1] com.indusind.scheduler.SchedulingClass   : Submitted batch from index 924000 to 924500
2025-04-21 15:20:07.314  INFO 23612 --- [scheduling-1] com.indusind.scheduler.SchedulingClass   : Submitted batch from index 924500 to 925000
2025-04-21 15:20:07.314  INFO 23612 --- [scheduling-1] com.indusind.scheduler.SchedulingClass   : Submitted batch from index 925000 to 925500
2025-04-21 15:20:07.314  INFO 23612 --- [scheduling-1] com.indusind.scheduler.SchedulingClass   : Submitted batch from index 925500 to 926000
2025-04-21 15:20:07.314  INFO 23612 --- [scheduling-1] com.indusind.scheduler.SchedulingClass   : Submitted batch from index 926000 to 926500
2025-04-21 15:20:07.314  INFO 23612 --- [scheduling-1] com.indusind.scheduler.SchedulingClass   : Submitted batch from index 926500 to 927000
2025-04-21 15:20:07.314  INFO 23612 --- [scheduling-1] com.indusind.scheduler.SchedulingClass   : Submitted batch from index 927000 to 927500
2025-04-21 15:20:07.314  INFO 23612 --- [scheduling-1] com.indusind.scheduler.SchedulingClass   : Submitted batch from index 927500 to 928000
2025-04-21 15:20:07.314  INFO 23612 --- [scheduling-1] com.indusind.scheduler.SchedulingClass   : Submitted batch from index 928000 to 928500
2025-04-21 15:20:07.315  INFO 23612 --- [scheduling-1] com.indusind.scheduler.SchedulingClass   : Submitted batch from index 928500 to 929000
2025-04-21 15:20:07.315  INFO 23612 --- [scheduling-1] com.indusind.scheduler.SchedulingClass   : Submitted batch from index 929000 to 929500
2025-04-21 15:20:07.315  INFO 23612 --- [scheduling-1] com.indusind.scheduler.SchedulingClass   : Submitted batch from index 929500 to 930000
2025-04-21 15:20:07.315  INFO 23612 --- [scheduling-1] com.indusind.scheduler.SchedulingClass   : Submitted batch from index 930000 to 930500
2025-04-21 15:20:07.315  INFO 23612 --- [scheduling-1] com.indusind.scheduler.SchedulingClass   : Submitted batch from index 930500 to 931000
2025-04-21 15:20:07.315  INFO 23612 --- [scheduling-1] com.indusind.scheduler.SchedulingClass   : Submitted batch from index 931000 to 931500
2025-04-21 15:20:07.315  INFO 23612 --- [scheduling-1] com.indusind.scheduler.SchedulingClass   : Submitted batch from index 931500 to 932000
2025-04-21 15:20:07.315  INFO 23612 --- [scheduling-1] com.indusind.scheduler.SchedulingClass   : Submitted batch from index 932000 to 932500
2025-04-21 15:20:07.315  INFO 23612 --- [scheduling-1] com.indusind.scheduler.SchedulingClass   : Submitted batch from index 932500 to 933000
2025-04-21 15:20:07.315  INFO 23612 --- [scheduling-1] com.indusind.scheduler.SchedulingClass   : Submitted batch from index 933000 to 933500
2025-04-21 15:20:07.315  INFO 23612 --- [scheduling-1] com.indusind.scheduler.SchedulingClass   : Submitted batch from index 933500 to 934000
2025-04-21 15:20:07.315  INFO 23612 --- [scheduling-1] com.indusind.scheduler.SchedulingClass   : Submitted batch from index 934000 to 934500
2025-04-21 15:20:07.315  INFO 23612 --- [scheduling-1] com.indusind.scheduler.SchedulingClass   : Submitted batch from index 934500 to 935000
2025-04-21 15:20:07.315  INFO 23612 --- [scheduling-1] com.indusind.scheduler.SchedulingClass   : Submitted batch from index 935000 to 935500
2025-04-21 15:20:07.315  INFO 23612 --- [scheduling-1] com.indusind.scheduler.SchedulingClass   : Submitted batch from index 935500 to 936000
2025-04-21 15:20:07.315  INFO 23612 --- [scheduling-1] com.indusind.scheduler.SchedulingClass   : Submitted batch from index 936000 to 936500
2025-04-21 15:20:07.315  INFO 23612 --- [scheduling-1] com.indusind.scheduler.SchedulingClass   : Submitted batch from index 936500 to 937000
2025-04-21 15:20:07.315  INFO 23612 --- [scheduling-1] com.indusind.scheduler.SchedulingClass   : Submitted batch from index 937000 to 937500
2025-04-21 15:20:07.315  INFO 23612 --- [scheduling-1] com.indusind.scheduler.SchedulingClass   : Submitted batch from index 937500 to 938000
2025-04-21 15:20:07.315  INFO 23612 --- [scheduling-1] com.indusind.scheduler.SchedulingClass   : Submitted batch from index 938000 to 938500
2025-04-21 15:20:07.315  INFO 23612 --- [scheduling-1] com.indusind.scheduler.SchedulingClass   : Submitted batch from index 938500 to 939000
2025-04-21 15:20:07.315  INFO 23612 --- [scheduling-1] com.indusind.scheduler.SchedulingClass   : Submitted batch from index 939000 to 939500
2025-04-21 15:20:07.315  INFO 23612 --- [scheduling-1] com.indusind.scheduler.SchedulingClass   : Submitted batch from index 939500 to 940000
2025-04-21 15:20:07.315  INFO 23612 --- [scheduling-1] com.indusind.scheduler.SchedulingClass   : Submitted batch from index 940000 to 940500
2025-04-21 15:20:07.315  INFO 23612 --- [scheduling-1] com.indusind.scheduler.SchedulingClass   : Submitted batch from index 940500 to 941000
2025-04-21 15:20:07.315  INFO 23612 --- [scheduling-1] com.indusind.scheduler.SchedulingClass   : Submitted batch from index 941000 to 941500
2025-04-21 15:20:07.315  INFO 23612 --- [scheduling-1] com.indusind.scheduler.SchedulingClass   : Submitted batch from index 941500 to 942000
2025-04-21 15:20:07.315  INFO 23612 --- [scheduling-1] com.indusind.scheduler.SchedulingClass   : Submitted batch from index 942000 to 942500
2025-04-21 15:20:07.315  INFO 23612 --- [scheduling-1] com.indusind.scheduler.SchedulingClass   : Submitted batch from index 942500 to 943000
2025-04-21 15:20:07.316  INFO 23612 --- [scheduling-1] com.indusind.scheduler.SchedulingClass   : Submitted batch from index 943000 to 943500
2025-04-21 15:20:07.316  INFO 23612 --- [scheduling-1] com.indusind.scheduler.SchedulingClass   : Submitted batch from index 943500 to 944000
2025-04-21 15:20:07.316  INFO 23612 --- [scheduling-1] com.indusind.scheduler.SchedulingClass   : Submitted batch from index 944000 to 944500
2025-04-21 15:20:07.316  INFO 23612 --- [scheduling-1] com.indusind.scheduler.SchedulingClass   : Submitted batch from index 944500 to 945000
2025-04-21 15:20:07.316  INFO 23612 --- [scheduling-1] com.indusind.scheduler.SchedulingClass   : Submitted batch from index 945000 to 945500
2025-04-21 15:20:07.316  INFO 23612 --- [scheduling-1] com.indusind.scheduler.SchedulingClass   : Submitted batch from index 945500 to 946000
2025-04-21 15:20:07.316  INFO 23612 --- [scheduling-1] com.indusind.scheduler.SchedulingClass   : Submitted batch from index 946000 to 946500
2025-04-21 15:20:07.316  INFO 23612 --- [scheduling-1] com.indusind.scheduler.SchedulingClass   : Submitted batch from index 946500 to 947000
2025-04-21 15:20:07.316  INFO 23612 --- [scheduling-1] com.indusind.scheduler.SchedulingClass   : Submitted batch from index 947000 to 947500
2025-04-21 15:20:07.316  INFO 23612 --- [scheduling-1] com.indusind.scheduler.SchedulingClass   : Submitted batch from index 947500 to 948000
2025-04-21 15:20:07.316  INFO 23612 --- [scheduling-1] com.indusind.scheduler.SchedulingClass   : Submitted batch from index 948000 to 948500
2025-04-21 15:20:07.316  INFO 23612 --- [scheduling-1] com.indusind.scheduler.SchedulingClass   : Submitted batch from index 948500 to 949000
2025-04-21 15:20:07.316  INFO 23612 --- [scheduling-1] com.indusind.scheduler.SchedulingClass   : Submitted batch from index 949000 to 949500
2025-04-21 15:20:07.316  INFO 23612 --- [scheduling-1] com.indusind.scheduler.SchedulingClass   : Submitted batch from index 949500 to 950000
2025-04-21 15:20:07.316  INFO 23612 --- [scheduling-1] com.indusind.scheduler.SchedulingClass   : Submitted batch from index 950000 to 950500
2025-04-21 15:20:07.316  INFO 23612 --- [scheduling-1] com.indusind.scheduler.SchedulingClass   : Submitted batch from index 950500 to 951000
2025-04-21 15:20:07.316  INFO 23612 --- [scheduling-1] com.indusind.scheduler.SchedulingClass   : Submitted batch from index 951000 to 951500
2025-04-21 15:20:07.317  INFO 23612 --- [scheduling-1] com.indusind.scheduler.SchedulingClass   : Submitted batch from index 951500 to 952000
2025-04-21 15:20:07.317  INFO 23612 --- [scheduling-1] com.indusind.scheduler.SchedulingClass   : Submitted batch from index 952000 to 952500
2025-04-21 15:20:07.317  INFO 23612 --- [scheduling-1] com.indusind.scheduler.SchedulingClass   : Submitted batch from index 952500 to 953000
2025-04-21 15:20:07.317  INFO 23612 --- [scheduling-1] com.indusind.scheduler.SchedulingClass   : Submitted batch from index 953000 to 953500
2025-04-21 15:20:07.317  INFO 23612 --- [scheduling-1] com.indusind.scheduler.SchedulingClass   : Submitted batch from index 953500 to 954000
2025-04-21 15:20:07.317  INFO 23612 --- [scheduling-1] com.indusind.scheduler.SchedulingClass   : Submitted batch from index 954000 to 954500
2025-04-21 15:20:07.317  INFO 23612 --- [scheduling-1] com.indusind.scheduler.SchedulingClass   : Submitted batch from index 954500 to 955000
2025-04-21 15:20:07.317  INFO 23612 --- [scheduling-1] com.indusind.scheduler.SchedulingClass   : Submitted batch from index 955000 to 955500
2025-04-21 15:20:07.317  INFO 23612 --- [scheduling-1] com.indusind.scheduler.SchedulingClass   : Submitted batch from index 955500 to 956000
2025-04-21 15:20:07.317  INFO 23612 --- [scheduling-1] com.indusind.scheduler.SchedulingClass   : Submitted batch from index 956000 to 956500
2025-04-21 15:20:07.317  INFO 23612 --- [scheduling-1] com.indusind.scheduler.SchedulingClass   : Submitted batch from index 956500 to 957000
2025-04-21 15:20:07.317  INFO 23612 --- [scheduling-1] com.indusind.scheduler.SchedulingClass   : Submitted batch from index 957000 to 957500
2025-04-21 15:20:07.317  INFO 23612 --- [scheduling-1] com.indusind.scheduler.SchedulingClass   : Submitted batch from index 957500 to 958000
2025-04-21 15:20:07.317  INFO 23612 --- [scheduling-1] com.indusind.scheduler.SchedulingClass   : Submitted batch from index 958000 to 958500
2025-04-21 15:20:07.317  INFO 23612 --- [scheduling-1] com.indusind.scheduler.SchedulingClass   : Submitted batch from index 958500 to 959000
2025-04-21 15:20:07.317  INFO 23612 --- [scheduling-1] com.indusind.scheduler.SchedulingClass   : Submitted batch from index 959000 to 959500
2025-04-21 15:20:07.317  INFO 23612 --- [scheduling-1] com.indusind.scheduler.SchedulingClass   : Submitted batch from index 959500 to 960000
2025-04-21 15:20:07.317  INFO 23612 --- [scheduling-1] com.indusind.scheduler.SchedulingClass   : Submitted batch from index 960000 to 960500
2025-04-21 15:20:07.317  INFO 23612 --- [scheduling-1] com.indusind.scheduler.SchedulingClass   : Submitted batch from index 960500 to 961000
2025-04-21 15:20:07.317  INFO 23612 --- [scheduling-1] com.indusind.scheduler.SchedulingClass   : Submitted batch from index 961000 to 961500
2025-04-21 15:20:07.317  INFO 23612 --- [scheduling-1] com.indusind.scheduler.SchedulingClass   : Submitted batch from index 961500 to 962000
2025-04-21 15:20:07.317  INFO 23612 --- [scheduling-1] com.indusind.scheduler.SchedulingClass   : Submitted batch from index 962000 to 962500
2025-04-21 15:20:07.317  INFO 23612 --- [scheduling-1] com.indusind.scheduler.SchedulingClass   : Submitted batch from index 962500 to 963000
2025-04-21 15:20:07.317  INFO 23612 --- [scheduling-1] com.indusind.scheduler.SchedulingClass   : Submitted batch from index 963000 to 963500
2025-04-21 15:20:07.317  INFO 23612 --- [scheduling-1] com.indusind.scheduler.SchedulingClass   : Submitted batch from index 963500 to 964000
2025-04-21 15:20:07.317  INFO 23612 --- [scheduling-1] com.indusind.scheduler.SchedulingClass   : Submitted batch from index 964000 to 964500
2025-04-21 15:20:07.317  INFO 23612 --- [scheduling-1] com.indusind.scheduler.SchedulingClass   : Submitted batch from index 964500 to 965000
2025-04-21 15:20:07.317  INFO 23612 --- [scheduling-1] com.indusind.scheduler.SchedulingClass   : Submitted batch from index 965000 to 965500
2025-04-21 15:20:07.317  INFO 23612 --- [scheduling-1] com.indusind.scheduler.SchedulingClass   : Submitted batch from index 965500 to 966000
2025-04-21 15:20:07.317  INFO 23612 --- [scheduling-1] com.indusind.scheduler.SchedulingClass   : Submitted batch from index 966000 to 966500
2025-04-21 15:20:07.317  INFO 23612 --- [scheduling-1] com.indusind.scheduler.SchedulingClass   : Submitted batch from index 966500 to 967000
2025-04-21 15:20:07.317  INFO 23612 --- [scheduling-1] com.indusind.scheduler.SchedulingClass   : Submitted batch from index 967000 to 967500
2025-04-21 15:20:07.318  INFO 23612 --- [scheduling-1] com.indusind.scheduler.SchedulingClass   : Submitted batch from index 967500 to 968000
2025-04-21 15:20:07.318  INFO 23612 --- [scheduling-1] com.indusind.scheduler.SchedulingClass   : Submitted batch from index 968000 to 968500
2025-04-21 15:20:07.318  INFO 23612 --- [scheduling-1] com.indusind.scheduler.SchedulingClass   : Submitted batch from index 968500 to 969000
2025-04-21 15:20:07.318  INFO 23612 --- [scheduling-1] com.indusind.scheduler.SchedulingClass   : Submitted batch from index 969000 to 969500
2025-04-21 15:20:07.318  INFO 23612 --- [scheduling-1] com.indusind.scheduler.SchedulingClass   : Submitted batch from index 969500 to 970000
2025-04-21 15:20:07.319  INFO 23612 --- [scheduling-1] com.indusind.scheduler.SchedulingClass   : Submitted batch from index 970000 to 970500
2025-04-21 15:20:07.319  INFO 23612 --- [scheduling-1] com.indusind.scheduler.SchedulingClass   : Submitted batch from index 970500 to 971000
2025-04-21 15:20:07.319  INFO 23612 --- [scheduling-1] com.indusind.scheduler.SchedulingClass   : Submitted batch from index 971000 to 971500
2025-04-21 15:20:07.319  INFO 23612 --- [scheduling-1] com.indusind.scheduler.SchedulingClass   : Submitted batch from index 971500 to 972000
2025-04-21 15:20:07.319  INFO 23612 --- [scheduling-1] com.indusind.scheduler.SchedulingClass   : Submitted batch from index 972000 to 972500
2025-04-21 15:20:07.319  INFO 23612 --- [scheduling-1] com.indusind.scheduler.SchedulingClass   : Submitted batch from index 972500 to 973000
2025-04-21 15:20:07.319  INFO 23612 --- [scheduling-1] com.indusind.scheduler.SchedulingClass   : Submitted batch from index 973000 to 973500
2025-04-21 15:20:07.319  INFO 23612 --- [scheduling-1] com.indusind.scheduler.SchedulingClass   : Submitted batch from index 973500 to 974000
2025-04-21 15:20:07.319  INFO 23612 --- [scheduling-1] com.indusind.scheduler.SchedulingClass   : Submitted batch from index 974000 to 974500
2025-04-21 15:20:07.319  INFO 23612 --- [scheduling-1] com.indusind.scheduler.SchedulingClass   : Submitted batch from index 974500 to 975000
2025-04-21 15:20:07.319  INFO 23612 --- [scheduling-1] com.indusind.scheduler.SchedulingClass   : Submitted batch from index 975000 to 975500
2025-04-21 15:20:07.319  INFO 23612 --- [scheduling-1] com.indusind.scheduler.SchedulingClass   : Submitted batch from index 975500 to 976000
2025-04-21 15:20:07.319  INFO 23612 --- [scheduling-1] com.indusind.scheduler.SchedulingClass   : Submitted batch from index 976000 to 976500
2025-04-21 15:20:07.320  INFO 23612 --- [scheduling-1] com.indusind.scheduler.SchedulingClass   : Submitted batch from index 976500 to 977000
2025-04-21 15:20:07.320  INFO 23612 --- [scheduling-1] com.indusind.scheduler.SchedulingClass   : Submitted batch from index 977000 to 977500
2025-04-21 15:20:07.320  INFO 23612 --- [scheduling-1] com.indusind.scheduler.SchedulingClass   : Submitted batch from index 977500 to 978000
2025-04-21 15:20:07.320  INFO 23612 --- [scheduling-1] com.indusind.scheduler.SchedulingClass   : Submitted batch from index 978000 to 978500
2025-04-21 15:20:07.320  INFO 23612 --- [scheduling-1] com.indusind.scheduler.SchedulingClass   : Submitted batch from index 978500 to 979000
2025-04-21 15:20:07.320  INFO 23612 --- [scheduling-1] com.indusind.scheduler.SchedulingClass   : Submitted batch from index 979000 to 979500
2025-04-21 15:20:07.320  INFO 23612 --- [scheduling-1] com.indusind.scheduler.SchedulingClass   : Submitted batch from index 979500 to 980000
2025-04-21 15:20:07.320  INFO 23612 --- [scheduling-1] com.indusind.scheduler.SchedulingClass   : Submitted batch from index 980000 to 980500
2025-04-21 15:20:07.320  INFO 23612 --- [scheduling-1] com.indusind.scheduler.SchedulingClass   : Submitted batch from index 980500 to 981000
2025-04-21 15:20:07.320  INFO 23612 --- [scheduling-1] com.indusind.scheduler.SchedulingClass   : Submitted batch from index 981000 to 981500
2025-04-21 15:20:07.320  INFO 23612 --- [scheduling-1] com.indusind.scheduler.SchedulingClass   : Submitted batch from index 981500 to 982000
2025-04-21 15:20:07.320  INFO 23612 --- [scheduling-1] com.indusind.scheduler.SchedulingClass   : Submitted batch from index 982000 to 982500
2025-04-21 15:20:07.320  INFO 23612 --- [scheduling-1] com.indusind.scheduler.SchedulingClass   : Submitted batch from index 982500 to 983000
2025-04-21 15:20:07.320  INFO 23612 --- [scheduling-1] com.indusind.scheduler.SchedulingClass   : Submitted batch from index 983000 to 983500
2025-04-21 15:20:07.321  INFO 23612 --- [scheduling-1] com.indusind.scheduler.SchedulingClass   : Submitted batch from index 983500 to 984000
2025-04-21 15:20:07.321  INFO 23612 --- [scheduling-1] com.indusind.scheduler.SchedulingClass   : Submitted batch from index 984000 to 984500
2025-04-21 15:20:07.321  INFO 23612 --- [scheduling-1] com.indusind.scheduler.SchedulingClass   : Submitted batch from index 984500 to 985000
2025-04-21 15:20:07.321  INFO 23612 --- [scheduling-1] com.indusind.scheduler.SchedulingClass   : Submitted batch from index 985000 to 985500
2025-04-21 15:20:07.321  INFO 23612 --- [scheduling-1] com.indusind.scheduler.SchedulingClass   : Submitted batch from index 985500 to 986000
2025-04-21 15:20:07.321  INFO 23612 --- [scheduling-1] com.indusind.scheduler.SchedulingClass   : Submitted batch from index 986000 to 986500
2025-04-21 15:20:07.321  INFO 23612 --- [scheduling-1] com.indusind.scheduler.SchedulingClass   : Submitted batch from index 986500 to 987000
2025-04-21 15:20:07.321  INFO 23612 --- [scheduling-1] com.indusind.scheduler.SchedulingClass   : Submitted batch from index 987000 to 987500
2025-04-21 15:20:07.321  INFO 23612 --- [scheduling-1] com.indusind.scheduler.SchedulingClass   : Submitted batch from index 987500 to 988000
2025-04-21 15:20:07.321  INFO 23612 --- [scheduling-1] com.indusind.scheduler.SchedulingClass   : Submitted batch from index 988000 to 988500
2025-04-21 15:20:07.321  INFO 23612 --- [scheduling-1] com.indusind.scheduler.SchedulingClass   : Submitted batch from index 988500 to 989000
2025-04-21 15:20:07.321  INFO 23612 --- [scheduling-1] com.indusind.scheduler.SchedulingClass   : Submitted batch from index 989000 to 989500
2025-04-21 15:20:07.322  INFO 23612 --- [scheduling-1] com.indusind.scheduler.SchedulingClass   : Submitted batch from index 989500 to 990000
2025-04-21 15:20:07.322  INFO 23612 --- [scheduling-1] com.indusind.scheduler.SchedulingClass   : Submitted batch from index 990000 to 990500
2025-04-21 15:20:07.322  INFO 23612 --- [scheduling-1] com.indusind.scheduler.SchedulingClass   : Submitted batch from index 990500 to 991000
2025-04-21 15:20:07.322  INFO 23612 --- [scheduling-1] com.indusind.scheduler.SchedulingClass   : Submitted batch from index 991000 to 991500
2025-04-21 15:20:07.322  INFO 23612 --- [scheduling-1] com.indusind.scheduler.SchedulingClass   : Submitted batch from index 991500 to 992000
2025-04-21 15:20:07.322  INFO 23612 --- [scheduling-1] com.indusind.scheduler.SchedulingClass   : Submitted batch from index 992000 to 992500
2025-04-21 15:20:07.322  INFO 23612 --- [scheduling-1] com.indusind.scheduler.SchedulingClass   : Submitted batch from index 992500 to 993000
2025-04-21 15:20:07.322  INFO 23612 --- [scheduling-1] com.indusind.scheduler.SchedulingClass   : Submitted batch from index 993000 to 993500
2025-04-21 15:20:07.322  INFO 23612 --- [scheduling-1] com.indusind.scheduler.SchedulingClass   : Submitted batch from index 993500 to 994000
2025-04-21 15:20:07.322  INFO 23612 --- [scheduling-1] com.indusind.scheduler.SchedulingClass   : Submitted batch from index 994000 to 994500
2025-04-21 15:20:07.322  INFO 23612 --- [scheduling-1] com.indusind.scheduler.SchedulingClass   : Submitted batch from index 994500 to 995000
2025-04-21 15:20:07.322  INFO 23612 --- [scheduling-1] com.indusind.scheduler.SchedulingClass   : Submitted batch from index 995000 to 995500
2025-04-21 15:20:07.322  INFO 23612 --- [scheduling-1] com.indusind.scheduler.SchedulingClass   : Submitted batch from index 995500 to 996000
2025-04-21 15:20:07.322  INFO 23612 --- [scheduling-1] com.indusind.scheduler.SchedulingClass   : Submitted batch from index 996000 to 996500
2025-04-21 15:20:07.322  INFO 23612 --- [scheduling-1] com.indusind.scheduler.SchedulingClass   : Submitted batch from index 996500 to 997000
2025-04-21 15:20:07.322  INFO 23612 --- [scheduling-1] com.indusind.scheduler.SchedulingClass   : Submitted batch from index 997000 to 997500
2025-04-21 15:20:07.322  INFO 23612 --- [scheduling-1] com.indusind.scheduler.SchedulingClass   : Submitted batch from index 997500 to 998000
2025-04-21 15:20:07.322  INFO 23612 --- [scheduling-1] com.indusind.scheduler.SchedulingClass   : Submitted batch from index 998000 to 998500
2025-04-21 15:20:07.322  INFO 23612 --- [scheduling-1] com.indusind.scheduler.SchedulingClass   : Submitted batch from index 998500 to 999000
2025-04-21 15:20:07.322  INFO 23612 --- [scheduling-1] com.indusind.scheduler.SchedulingClass   : Submitted batch from index 999000 to 999500
2025-04-21 15:20:07.322  INFO 23612 --- [scheduling-1] com.indusind.scheduler.SchedulingClass   : Submitted batch from index 999500 to 1000000
2025-04-21 15:20:07.322  INFO 23612 --- [scheduling-1] com.indusind.scheduler.SchedulingClass   : Submitted batch from index 1000000 to 1000005
2025-04-21 15:20:07.983  INFO 23612 --- [pool-6-thread-1] com.indusind.service.DataUpdateService   : Data Not Found With This ACID : 321654984
2025-04-21 15:20:13.758  WARN 23612 --- [cb-events] com.couchbase.tracing                    : [com.couchbase.tracing][OverThresholdRequestsRecordedEvent][10s] Requests over Threshold found: {"query":{"top_requests":[{"operation_name":"query","last_dispatch_duration_us":260834,"last_remote_socket":"127.0.0.1:8093","last_local_socket":"127.0.0.1:63818","total_dispatch_duration_us":260834,"operation_id":"889b582a-bfde-4556-8118-9f1c444d1f93","timeout_ms":75000,"total_duration_us":1385501}],"total_count":1}}
2025-04-21 15:20:41.174  INFO 23612 --- [RMI TCP Connection(4)-127.0.0.1] inMXBeanRegistrar$SpringApplicationAdmin : Application shutdown requested.
2025-04-21 15:20:41.233  INFO 23612 --- [RMI TCP Connection(4)-127.0.0.1] o.apache.catalina.core.StandardService   : Stopping service [Tomcat]
